run name	Month Of 1990	Likelihood	Weight All Runs	Weight Passed	Passes HIV Prev CSW	HIV Prev CSW	Passes HIV Prev HR Male	HIV Prev HR Male	Passes HIV Prev HR Female	HIV Prev HR Female	Passes HIV Prev LR Male	HIV Prev LR Male	Passes HIV Prev LR Female	HIV Prev LR Female	Passes Num Part CSW per Month	Num Part CSW per Month	Passes 2 year Incidence	2 year Incidence
Cal_Batch28_4418	728	0.63369068	0.002152754	0.005671041	TRUE	0.576616915	TRUE	0.526359431	TRUE	0.487089626	TRUE	0.019575258	TRUE	0.082878977	TRUE	26.21115538	TRUE	0.001694075
Cal_Batch26_2100	703	0.582308667	0.0019782	0.00521121	TRUE	0.529633919	TRUE	0.473408781	TRUE	0.479357735	TRUE	0.032001942	TRUE	0.118957141	TRUE	25.0745003	TRUE	0.00188777
Cal_Batch19_8208	727	0.550993384	0.001871817	0.004930963	TRUE	0.551769332	TRUE	0.539001135	TRUE	0.488620367	TRUE	0.044726799	TRUE	0.09078213	TRUE	29.3916293	TRUE	0.001796249
Cal_Batch2_9405	694	0.520695224	0.001768889	0.004659818	TRUE	0.573881293	TRUE	0.570905543	TRUE	0.477524938	TRUE	0.05855882	TRUE	0.118357308	TRUE	27.54859813	TRUE	0.001856766
Cal_Batch9_5842	653	0.514712126	0.001748564	0.004606275	TRUE	0.582226341	TRUE	0.455726733	TRUE	0.482902608	TRUE	0.019488977	TRUE	0.111451131	TRUE	32.27509294	TRUE	0.001778759
Cal_Batch24_2608	703	0.496339381	0.001686148	0.004441852	TRUE	0.531043677	TRUE	0.516114007	TRUE	0.535262486	TRUE	0.043952546	TRUE	0.176761705	TRUE	19.41180982	TRUE	0.00191664
Cal_Batch7_7726	657	0.496306739	0.001686037	0.004441559	TRUE	0.543905332	TRUE	0.495347585	TRUE	0.539297768	TRUE	0.062371095	TRUE	0.160821807	TRUE	21.05435454	TRUE	0.002067613
Cal_Batch24_1310	701	0.489632318	0.001663363	0.004381829	TRUE	0.498068201	TRUE	0.615240326	TRUE	0.505855023	TRUE	0.080763406	TRUE	0.106579491	TRUE	15.83062331	TRUE	0.002100892
Cal_Batch1_7602	690	0.45827172	0.001556826	0.004101176	TRUE	0.631860299	TRUE	0.550535013	TRUE	0.485169928	TRUE	0.032141768	TRUE	0.084674157	TRUE	41.54849785	TRUE	0.001696534
Cal_Batch15_8275	741	0.455679456	0.00154802	0.004077978	TRUE	0.532780083	TRUE	0.545961884	TRUE	0.467370532	TRUE	0.045662719	TRUE	0.129757666	TRUE	27.52970297	TRUE	0.001888346
Cal_Batch10_3588	685	0.441600275	0.00150019	0.003951979	TRUE	0.416364262	TRUE	0.51570685	TRUE	0.452160882	TRUE	0.021555118	TRUE	0.081621072	TRUE	15.77368086	TRUE	0.001861463
Cal_Batch14_6324	730	0.438073037	0.001488208	0.003920415	TRUE	0.581923703	TRUE	0.48013994	TRUE	0.453760082	TRUE	0.035518442	TRUE	0.077709641	TRUE	36.39370748	TRUE	0.001923265
Cal_Batch3_9591	645	0.437125294	0.001484988	0.003911932	TRUE	0.464657045	TRUE	0.587068482	TRUE	0.504397926	TRUE	0.073674742	TRUE	0.148359601	TRUE	15.49204864	TRUE	0.001893789
Cal_Batch24_1755	713	0.434480611	0.001476004	0.003888265	TRUE	0.510062982	TRUE	0.480406724	TRUE	0.539137784	TRUE	0.023131711	TRUE	0.159692045	TRUE	20.10262258	TRUE	0.001893644
Cal_Batch15_1172	642	0.433817943	0.001473752	0.003882333	TRUE	0.512287212	TRUE	0.529594847	TRUE	0.532541361	TRUE	0.058970598	TRUE	0.181700373	TRUE	19.5019516	TRUE	0.001955803
Cal_Batch12_4653	684	0.43066631	0.001463046	0.00385413	TRUE	0.573368763	TRUE	0.629673856	TRUE	0.507622275	TRUE	0.072570676	TRUE	0.167469339	TRUE	23.1958457	TRUE	0.0019884
Cal_Batch26_4669	690	0.427068188	0.001450822	0.003821928	TRUE	0.636761993	TRUE	0.547022378	TRUE	0.439473375	TRUE	0.046704901	TRUE	0.126740268	TRUE	48.93551402	TRUE	0.002022612
Cal_Batch5_5094	657	0.421900655	0.001433267	0.003775682	TRUE	0.592667694	TRUE	0.441050377	TRUE	0.53066879	TRUE	0.056637391	TRUE	0.150967507	TRUE	31.20703125	TRUE	0.00205921
Cal_Batch11_5538	691	0.421299777	0.001431226	0.003770306	TRUE	0.527313975	TRUE	0.503808351	TRUE	0.519587422	TRUE	0.056763754	TRUE	0.147117956	TRUE	31.3351469	TRUE	0.001941218
Cal_Batch4_1117	698	0.420517304	0.001428568	0.003763304	TRUE	0.496203231	TRUE	0.509152071	TRUE	0.541095541	TRUE	0.046927622	TRUE	0.177087508	TRUE	17.57506925	TRUE	0.001986081
Cal_Batch11_4460	686	0.419347883	0.001424595	0.003752838	TRUE	0.409244479	TRUE	0.498947693	TRUE	0.485104555	TRUE	0.04023965	TRUE	0.090133242	TRUE	15.20515826	TRUE	0.001919937
Cal_Batch19_106	714	0.416064002	0.001413439	0.003723449	TRUE	0.543466068	TRUE	0.603925934	TRUE	0.532714562	TRUE	0.049059326	TRUE	0.132590489	TRUE	21.35530764	TRUE	0.001867915
Cal_Batch2_1684	717	0.414280946	0.001407382	0.003707493	TRUE	0.502954328	TRUE	0.496559594	TRUE	0.444561713	TRUE	0.051686384	TRUE	0.090678024	TRUE	23.27094303	TRUE	0.002112018
Cal_Batch8_5413	717	0.406661562	0.001381498	0.003639306	TRUE	0.473877658	TRUE	0.488733776	TRUE	0.444058803	TRUE	0.043263645	TRUE	0.138705517	TRUE	22.57314756	TRUE	0.002201043
Cal_Batch5_5701	692	0.403842924	0.001371922	0.00361408	TRUE	0.523469549	TRUE	0.59664404	TRUE	0.539192458	TRUE	0.078039636	TRUE	0.212797261	TRUE	16.47537879	TRUE	0.002014358
Cal_Batch20_5616	694	0.400371222	0.001360128	0.003583011	TRUE	0.525479153	TRUE	0.56524222	TRUE	0.531615189	TRUE	0.079348936	TRUE	0.116373751	TRUE	19.61631089	TRUE	0.002034009
Cal_Batch15_1252	680	0.400242588	0.001359691	0.00358186	TRUE	0.620202691	TRUE	0.58959923	TRUE	0.4679357	TRUE	0.069325798	TRUE	0.125012332	TRUE	37.39979859	TRUE	0.00192894
Cal_Batch3_2999	694	0.400166971	0.001359434	0.003581183	TRUE	0.550980252	TRUE	0.499180533	TRUE	0.509984307	TRUE	0.058014673	TRUE	0.155805199	TRUE	29.3810143	TRUE	0.002040212
Cal_Batch26_9223	692	0.398041595	0.001352214	0.003562163	TRUE	0.589497835	TRUE	0.502770723	TRUE	0.568184806	TRUE	0.037179056	TRUE	0.179372325	TRUE	28.50536193	TRUE	0.002017395
Cal_Batch7_9900	714	0.395048044	0.001342045	0.003535375	TRUE	0.581958732	TRUE	0.565832819	TRUE	0.42064302	TRUE	0.079001652	TRUE	0.11997182	TRUE	32.5256975	TRUE	0.002091324
Cal_Batch16_2653	688	0.392979491	0.001335017	0.003516861	TRUE	0.480076474	TRUE	0.596592333	TRUE	0.440165975	TRUE	0.089289544	TRUE	0.13250731	TRUE	17.34601449	TRUE	0.002105165
Cal_Batch7_2080	710	0.387626189	0.001316831	0.003468953	TRUE	0.569192377	TRUE	0.612659398	TRUE	0.417665628	TRUE	0.077678739	TRUE	0.13610655	TRUE	28.79972628	TRUE	0.002000472
Cal_Batch17_1788	708	0.38575093	0.001310461	0.003452172	TRUE	0.586539071	TRUE	0.543485594	TRUE	0.524921918	TRUE	0.046713311	TRUE	0.088545903	TRUE	29.25247902	TRUE	0.001728016
Cal_Batch4_2666	711	0.380547335	0.001292783	0.003405603	TRUE	0.480141218	TRUE	0.642576427	TRUE	0.390394929	TRUE	0.095857934	TRUE	0.168181842	TRUE	15.26078133	TRUE	0.002075999
Cal_Batch7_5323	671	0.375315405	0.001275009	0.00335878	TRUE	0.537069911	TRUE	0.591620928	TRUE	0.422736813	TRUE	0.068275047	TRUE	0.115781724	TRUE	21.23881064	TRUE	0.00189266
Cal_Batch21_845	693	0.374900008	0.001273598	0.003355063	TRUE	0.475588719	TRUE	0.546785662	TRUE	0.439123029	TRUE	0.052194427	TRUE	0.122292328	TRUE	19.41893204	TRUE	0.001878313
Cal_Batch21_4480	659	0.373276856	0.001268084	0.003340538	TRUE	0.541687292	TRUE	0.565310888	TRUE	0.464394961	TRUE	0.063864983	TRUE	0.162879551	TRUE	22.76149915	TRUE	0.002068485
Cal_Batch12_6072	674	0.371334485	0.001261486	0.003323157	TRUE	0.55187954	TRUE	0.478264552	TRUE	0.375305009	TRUE	0.044576683	TRUE	0.141911679	TRUE	47.43497758	TRUE	0.002117061
Cal_Batch8_5961	716	0.367851214	0.001249652	0.003291982	TRUE	0.526751571	TRUE	0.481232517	TRUE	0.546857502	TRUE	0.08486289	TRUE	0.139057481	TRUE	21.86281588	TRUE	0.002106647
Cal_Batch9_569	647	0.364527195	0.00123836	0.003262235	TRUE	0.566472282	TRUE	0.53051143	TRUE	0.552629307	TRUE	0.051203204	TRUE	0.206927377	TRUE	27.17741218	TRUE	0.002122467
Cal_Batch2_4273	718	0.362845897	0.001232648	0.003247188	TRUE	0.541924505	TRUE	0.574351116	TRUE	0.568016654	TRUE	0.069085223	TRUE	0.180745306	TRUE	24.69601483	TRUE	0.002035468
Cal_Batch24_5114	661	0.358488279	0.001217845	0.003208192	TRUE	0.520230967	TRUE	0.480152187	TRUE	0.520922503	TRUE	0.063002465	TRUE	0.17221938	TRUE	23.09203085	TRUE	0.002137041
Cal_Batch21_2152	666	0.358084176	0.001216472	0.003204575	TRUE	0.481645458	TRUE	0.566905465	TRUE	0.514784256	TRUE	0.066075355	TRUE	0.198642513	TRUE	15.62034209	TRUE	0.00209295
Cal_Batch11_3922	693	0.357766879	0.001215394	0.003201735	TRUE	0.510629949	TRUE	0.541701131	TRUE	0.435638747	TRUE	0.052840552	TRUE	0.122661074	TRUE	23.39853826	TRUE	0.002086109
Cal_Batch16_8622	690	0.353930525	0.001202361	0.003167402	TRUE	0.553176064	TRUE	0.579570807	TRUE	0.486054952	TRUE	0.088864246	TRUE	0.11003351	TRUE	21.63685272	TRUE	0.002092076
Cal_Batch17_8293	664	0.352108892	0.001196173	0.003151101	TRUE	0.586188626	TRUE	0.585675583	TRUE	0.546513004	TRUE	0.081541776	TRUE	0.184906415	TRUE	22.8435518	TRUE	0.002030065
Cal_Batch19_9319	681	0.349525562	0.001187397	0.003127982	TRUE	0.527466086	TRUE	0.522576057	TRUE	0.476073044	TRUE	0.06113946	TRUE	0.16333691	TRUE	27.8992016	TRUE	0.002236392
Cal_Batch27_538	692	0.347926885	0.001181966	0.003113675	TRUE	0.50916576	TRUE	0.484047005	TRUE	0.40946536	TRUE	0.050592255	TRUE	0.164574641	TRUE	26.77876106	TRUE	0.002173022
Cal_Batch2_6482	735	0.347616052	0.00118091	0.003110894	TRUE	0.472479446	TRUE	0.570382903	TRUE	0.480781307	TRUE	0.073491915	TRUE	0.126564584	TRUE	17.4525661	TRUE	0.002223965
Cal_Batch17_7672	727	0.347381801	0.001180114	0.003108797	TRUE	0.4241501	TRUE	0.527258254	TRUE	0.439065072	TRUE	0.07458946	TRUE	0.143456321	TRUE	15.24090492	TRUE	0.002130651
Cal_Batch2_9258	645	0.34727367	0.001179747	0.00310783	TRUE	0.529481205	TRUE	0.504167766	TRUE	0.529447141	TRUE	0.072811707	TRUE	0.166177345	TRUE	21.34155456	TRUE	0.002164284
Cal_Batch11_8575	715	0.346516227	0.001177174	0.003101052	TRUE	0.421347697	TRUE	0.537402048	TRUE	0.421475123	TRUE	0.08854943	TRUE	0.106274522	TRUE	15.66710657	TRUE	0.002254966
Cal_Batch14_4676	697	0.344173437	0.001169215	0.003080085	TRUE	0.499787836	TRUE	0.500816568	TRUE	0.494293341	TRUE	0.051735165	TRUE	0.11658265	TRUE	20.70288625	TRUE	0.001990501
Cal_Batch5_1863	666	0.338857104	0.001151154	0.003032507	TRUE	0.61331578	TRUE	0.606139306	TRUE	0.476924321	TRUE	0.063553115	TRUE	0.113539132	TRUE	38.90022676	TRUE	0.001859226
Cal_Batch14_7565	739	0.336274947	0.001142382	0.003009399	TRUE	0.49252238	TRUE	0.426216765	TRUE	0.427369334	TRUE	0.028069147	TRUE	0.12795534	TRUE	26.94342022	TRUE	0.00202888
Cal_Batch16_975	683	0.334718261	0.001137094	0.002995468	TRUE	0.482023751	TRUE	0.530687711	TRUE	0.45282755	TRUE	0.047984089	TRUE	0.106843671	TRUE	22.59737357	TRUE	0.002004283
Cal_Batch17_5647	667	0.333240421	0.001132074	0.002982244	TRUE	0.527480871	TRUE	0.469021066	TRUE	0.5393419	TRUE	0.054198878	TRUE	0.154839008	TRUE	23.36191145	TRUE	0.001979293
Cal_Batch3_8981	672	0.33256026	0.001129763	0.002976156	TRUE	0.507359744	TRUE	0.511412367	TRUE	0.456269649	TRUE	0.053169452	TRUE	0.144858954	TRUE	27.70612038	TRUE	0.002044661
Cal_Batch17_2074	644	0.327549567	0.001112741	0.002931315	TRUE	0.554176774	TRUE	0.488692328	TRUE	0.498492976	TRUE	0.033396862	TRUE	0.188127236	TRUE	34.71289355	TRUE	0.00214263
Cal_Batch22_4553	727	0.326637726	0.001109643	0.002923154	TRUE	0.597893832	TRUE	0.536009742	TRUE	0.488366256	TRUE	0.093584807	TRUE	0.130929264	TRUE	40.78222997	TRUE	0.002302578
Cal_Batch4_6018	732	0.31890076	0.001083359	0.002853913	TRUE	0.492635876	TRUE	0.490223436	TRUE	0.52774399	TRUE	0.024238966	TRUE	0.146834527	TRUE	17.75640406	TRUE	0.001821674
Cal_Batch18_8725	669	0.314906427	0.00106979	0.002818168	TRUE	0.514325975	TRUE	0.529891658	TRUE	0.531152026	TRUE	0.073250017	TRUE	0.187075607	TRUE	19.33709273	TRUE	0.002049867
Cal_Batch7_1300	661	0.312634007	0.00106207	0.002797831	TRUE	0.448513288	TRUE	0.436844296	TRUE	0.493070751	TRUE	0.073190639	TRUE	0.142650156	TRUE	18.72827804	TRUE	0.00213675
Cal_Batch21_7036	673	0.312612032	0.001061996	0.002797636	TRUE	0.439694413	TRUE	0.568823478	TRUE	0.460636015	TRUE	0.094796254	TRUE	0.11174839	TRUE	16.49904762	TRUE	0.002349541
Cal_Batch23_6054	746	0.312124999	0.001060341	0.002793276	TRUE	0.494374309	TRUE	0.471247688	TRUE	0.430926654	TRUE	0.052248623	TRUE	0.090768954	TRUE	23.20319635	TRUE	0.002123102
Cal_Batch17_7797	734	0.311977534	0.00105984	0.002791957	TRUE	0.486507763	TRUE	0.487535175	TRUE	0.47841236	TRUE	0.097503261	TRUE	0.162446914	TRUE	23.08381655	TRUE	0.002380003
Cal_Batch2_7077	680	0.307756686	0.001045501	0.002754183	TRUE	0.451003488	TRUE	0.517450322	TRUE	0.458041689	TRUE	0.053413693	TRUE	0.153228948	TRUE	17.82365708	TRUE	0.002129416
Cal_Batch21_7826	676	0.305644981	0.001038327	0.002735285	TRUE	0.566029881	TRUE	0.491099576	TRUE	0.408503902	TRUE	0.046020784	TRUE	0.113404537	TRUE	38.40280112	TRUE	0.00205062
Cal_Batch5_7157	713	0.305420636	0.001037565	0.002733277	TRUE	0.536318492	TRUE	0.546982708	TRUE	0.460451128	TRUE	0.042865956	TRUE	0.109064643	TRUE	25.61094225	TRUE	0.00187084
Cal_Batch24_047	681	0.30470672	0.00103514	0.002726889	TRUE	0.460744986	TRUE	0.47924047	TRUE	0.494798809	TRUE	0.077809572	TRUE	0.120178522	TRUE	20.28757669	TRUE	0.002298813
Cal_Batch17_722	710	0.304381172	0.001034034	0.002723975	TRUE	0.542129962	TRUE	0.487916886	TRUE	0.421217357	TRUE	0.027703177	TRUE	0.108802174	TRUE	33.56756757	TRUE	0.001919302
Cal_Batch14_3151	675	0.304200283	0.001033419	0.002722355	TRUE	0.611458799	TRUE	0.569409302	TRUE	0.629528485	TRUE	0.075577135	TRUE	0.209661897	TRUE	25.91816547	TRUE	0.002125165
Cal_Batch25_837	680	0.301663408	0.001024801	0.002699653	TRUE	0.554127	TRUE	0.507927903	TRUE	0.514279143	TRUE	0.103233066	TRUE	0.144626633	TRUE	33.70769231	TRUE	0.002201643
Cal_Batch7_1726	718	0.2979571	0.00101221	0.002666484	TRUE	0.510153541	TRUE	0.53029127	TRUE	0.475746311	TRUE	0.022172229	TRUE	0.092529931	TRUE	20.48091068	TRUE	0.00191227
Cal_Batch13_9278	685	0.296350775	0.001006753	0.002652109	TRUE	0.48893946	TRUE	0.539628317	TRUE	0.530042373	TRUE	0.064752254	TRUE	0.19048359	TRUE	15.94969819	TRUE	0.002023201
Cal_Batch18_3105	692	0.295738176	0.001004672	0.002646627	TRUE	0.572566491	TRUE	0.476641426	TRUE	0.575396091	TRUE	0.081796201	TRUE	0.198174591	TRUE	27.35796388	TRUE	0.002396683
Cal_Batch25_4570	682	0.292897739	0.000995023	0.002621208	TRUE	0.469481567	TRUE	0.464127355	TRUE	0.42650191	TRUE	0.055226717	TRUE	0.143581826	TRUE	23.43218475	TRUE	0.002271991
Cal_Batch23_7107	651	0.292739958	0.000994487	0.002619796	TRUE	0.555855757	TRUE	0.498243127	TRUE	0.445480748	TRUE	0.070587355	TRUE	0.147424268	TRUE	35.90571049	TRUE	0.002274715
Cal_Batch18_6746	658	0.292113317	0.000992358	0.002614188	TRUE	0.491717112	TRUE	0.577458719	TRUE	0.403220913	TRUE	0.101771682	TRUE	0.136243764	TRUE	19.69101924	TRUE	0.002320528
Cal_Batch18_7221	696	0.290747905	0.000987719	0.002601967	TRUE	0.50968254	TRUE	0.545643642	TRUE	0.500078064	TRUE	0.095495295	TRUE	0.142302591	TRUE	20.64089871	TRUE	0.002112677
Cal_Batch2_5277	661	0.28829353	0.000979382	0.002580005	TRUE	0.474720253	TRUE	0.565230948	TRUE	0.512320062	TRUE	0.079735371	TRUE	0.188112859	TRUE	15.20792426	TRUE	0.00221171
Cal_Batch5_4894	648	0.286850797	0.00097448	0.002567091	TRUE	0.629737367	TRUE	0.570650727	TRUE	0.471410503	TRUE	0.040445948	TRUE	0.080381256	TRUE	43.923	TRUE	0.001690651
Cal_Batch2_6741	656	0.285269512	0.000969108	0.00255294	TRUE	0.482079511	TRUE	0.502323715	TRUE	0.477749062	TRUE	0.030555248	TRUE	0.104591715	TRUE	19.44152047	TRUE	0.001749987
Cal_Batch23_1576	670	0.285109286	0.000968564	0.002551507	TRUE	0.528554582	TRUE	0.537486777	TRUE	0.424385607	TRUE	0.09431782	TRUE	0.126172327	TRUE	28.40345528	TRUE	0.002283526
Cal_Batch2_2716	661	0.283901186	0.00096446	0.002540695	TRUE	0.564151953	TRUE	0.639526147	TRUE	0.420870564	TRUE	0.11308221	TRUE	0.192252501	TRUE	27.39341085	TRUE	0.002207486
Cal_Batch15_3133	670	0.282997763	0.000961391	0.002532611	TRUE	0.554660843	TRUE	0.589199614	TRUE	0.380309424	TRUE	0.102028663	TRUE	0.164586826	TRUE	30.84336356	TRUE	0.002242402
Cal_Batch16_2317	647	0.281274414	0.000955536	0.002517187	TRUE	0.482303681	TRUE	0.617494168	TRUE	0.487450041	TRUE	0.074836431	TRUE	0.155911768	TRUE	17.50897073	TRUE	0.001978684
Cal_Batch24_7851	657	0.281176723	0.000955205	0.002516315	TRUE	0.417113106	TRUE	0.448288842	TRUE	0.525632978	TRUE	0.07790991	TRUE	0.185856542	TRUE	16.45512239	TRUE	0.002159701
Cal_Batch26_7597	686	0.280891841	0.000954237	0.002513765	TRUE	0.424155434	TRUE	0.468168582	TRUE	0.439701505	TRUE	0.039508364	TRUE	0.159382426	TRUE	16.68061784	TRUE	0.002019432
Cal_Batch4_8297	638	0.280168202	0.000951778	0.002507287	TRUE	0.434379371	TRUE	0.49210345	TRUE	0.47430853	TRUE	0.055822232	TRUE	0.153546381	TRUE	19.70697844	TRUE	0.002027048
Cal_Batch3_3616	681	0.279990657	0.000951175	0.002505698	TRUE	0.52058692	TRUE	0.436927305	TRUE	0.465398852	TRUE	0.033841635	TRUE	0.113256994	TRUE	23.74474328	TRUE	0.001814149
Cal_Batch25_213	691	0.275381226	0.000935516	0.002464448	TRUE	0.539031163	TRUE	0.536130692	TRUE	0.49229118	TRUE	0.104008583	TRUE	0.179880394	TRUE	28.2173913	TRUE	0.002343027
Cal_Batch16_2418	641	0.274501299	0.000932527	0.002456574	TRUE	0.471300287	TRUE	0.488276402	TRUE	0.504772434	TRUE	0.02415781	TRUE	0.105396978	TRUE	18.10521777	TRUE	0.001647267
Cal_Batch24_8940	746	0.274438011	0.000932312	0.002456007	TRUE	0.457025802	TRUE	0.494905678	TRUE	0.480172654	TRUE	0.042380792	TRUE	0.075136565	TRUE	16.9827044	TRUE	0.001843146
Cal_Batch2_5202	711	0.273690666	0.000929773	0.002449319	TRUE	0.437628434	TRUE	0.53507168	TRUE	0.365285644	TRUE	0.092346739	TRUE	0.154330618	TRUE	16.35259939	TRUE	0.002168461
Cal_Batch1_7754	676	0.269848609	0.000916721	0.002414936	TRUE	0.465281159	TRUE	0.485088622	TRUE	0.431596972	TRUE	0.019060485	TRUE	0.069527303	TRUE	20.49233577	TRUE	0.001664235
Cal_Batch18_8937	689	0.269635597	0.000915997	0.002413028	TRUE	0.630447207	TRUE	0.555253868	TRUE	0.6404838	TRUE	0.067432524	TRUE	0.18842372	TRUE	25.24158758	TRUE	0.001951953
Cal_Batch16_3368	656	0.269442558	0.000915342	0.002411303	TRUE	0.621701579	TRUE	0.600483615	TRUE	0.39544778	TRUE	0.091372981	TRUE	0.139937348	TRUE	35.63033449	TRUE	0.002104214
Cal_Batch12_6724	662	0.268283759	0.000911405	0.002400931	TRUE	0.51407767	TRUE	0.555352272	TRUE	0.416639547	TRUE	0.077089114	TRUE	0.130692098	TRUE	30.33785092	TRUE	0.002018269
Cal_Batch15_8980	630	0.267341593	0.000908204	0.002392499	TRUE	0.628265093	TRUE	0.531102089	TRUE	0.457687917	TRUE	0.095140928	TRUE	0.139431042	TRUE	48.1520979	TRUE	0.002062371
Cal_Batch4_4797	658	0.267020357	0.000907113	0.002389625	TRUE	0.490698057	TRUE	0.498997219	TRUE	0.546072622	TRUE	0.050672959	TRUE	0.174217007	TRUE	17.18298714	TRUE	0.001997849
Cal_Batch26_4783	710	0.266815166	0.000906416	0.002387789	TRUE	0.513019038	TRUE	0.552897208	TRUE	0.386998883	TRUE	0.069402132	TRUE	0.127123969	TRUE	24.55346913	TRUE	0.002032167
Cal_Batch7_3386	692	0.262112104	0.000890439	0.0023457	TRUE	0.489179344	TRUE	0.574189476	TRUE	0.470039546	TRUE	0.114072062	TRUE	0.167916434	TRUE	21.36055604	TRUE	0.002315121
Cal_Batch19_183	669	0.258690754	0.000878816	0.002315082	TRUE	0.447561418	TRUE	0.468897304	TRUE	0.409377694	TRUE	0.071887027	TRUE	0.146237231	TRUE	24.81894525	TRUE	0.002216587
Cal_Batch15_605	705	0.258625756	0.000878595	0.002314499	TRUE	0.478024514	TRUE	0.522663275	TRUE	0.452890916	TRUE	0.05093721	TRUE	0.080835673	TRUE	18.90470297	TRUE	0.001894457
Cal_Batch19_7825	671	0.258605506	0.000878526	0.002314318	TRUE	0.450917259	TRUE	0.570935425	TRUE	0.441945607	TRUE	0.093207525	TRUE	0.127041391	TRUE	15.01722575	TRUE	0.002210521
Cal_Batch17_3089	716	0.258129028	0.000876908	0.002310055	TRUE	0.396288822	TRUE	0.465932816	TRUE	0.472644966	TRUE	0.077414217	TRUE	0.167932424	TRUE	15.1203766	TRUE	0.002300067
Cal_Batch20_979	650	0.257834768	0.000875908	0.002307421	TRUE	0.521123922	TRUE	0.555312434	TRUE	0.462099141	TRUE	0.058526827	TRUE	0.137159547	TRUE	26.97798434	TRUE	0.00204964
Cal_Batch20_736	665	0.257623812	0.000875191	0.002305532	TRUE	0.493090411	TRUE	0.573104206	TRUE	0.510332286	TRUE	0.071323902	TRUE	0.194396525	TRUE	17.87294118	TRUE	0.002067319
Cal_Batch17_8947	711	0.25460435	0.000864934	0.002278512	TRUE	0.515140516	TRUE	0.424303966	TRUE	0.495340545	TRUE	0.051567624	TRUE	0.197138583	TRUE	28.52473388	TRUE	0.002185501
Cal_Batch14_3142	704	0.254007307	0.000862905	0.002273167	TRUE	0.508773074	TRUE	0.48108955	TRUE	0.37718325	TRUE	0.063781571	TRUE	0.164161258	TRUE	32.93130367	TRUE	0.002327197
Cal_Batch19_9396	695	0.253118513	0.000859886	0.002265214	TRUE	0.48423671	TRUE	0.619365855	TRUE	0.458335171	TRUE	0.124776315	TRUE	0.186677582	TRUE	15.51648733	TRUE	0.002404773
Cal_Batch27_357	648	0.252836092	0.000858927	0.002262688	TRUE	0.521622557	TRUE	0.499362074	TRUE	0.562430401	TRUE	0.098314271	TRUE	0.196209196	TRUE	21.82931937	TRUE	0.002281866
Cal_Batch26_9688	628	0.252295894	0.000857092	0.002257854	TRUE	0.552675828	TRUE	0.487904744	TRUE	0.401864483	TRUE	0.057454069	TRUE	0.15979647	TRUE	43.34655532	TRUE	0.002152285
Cal_Batch21_9396	668	0.251203392	0.00085338	0.002248075	TRUE	0.54914062	TRUE	0.556669054	TRUE	0.407997227	TRUE	0.093897534	TRUE	0.159541581	TRUE	30.44230769	TRUE	0.002216833
Cal_Batch22_9576	651	0.250332522	0.000850422	0.002240283	TRUE	0.560427602	TRUE	0.635016936	TRUE	0.424861633	TRUE	0.109864274	TRUE	0.156588882	TRUE	21.17915058	TRUE	0.002049874
Cal_Batch8_4364	670	0.249961425	0.000849161	0.002236961	TRUE	0.594865483	TRUE	0.569925252	TRUE	0.605014243	TRUE	0.051889634	TRUE	0.157601117	TRUE	22.53393425	TRUE	0.001703068
Cal_Batch13_401	668	0.249366768	0.000847141	0.00223164	TRUE	0.460007827	TRUE	0.476202761	TRUE	0.399385868	TRUE	0.040758125	TRUE	0.130625267	TRUE	26.63274176	TRUE	0.002160701
Cal_Batch6_8819	706	0.247239516	0.000839914	0.002212601	TRUE	0.542043085	TRUE	0.515207148	TRUE	0.437593487	TRUE	0.062409548	TRUE	0.107059249	TRUE	27.70424751	TRUE	0.002359395
Cal_Batch2_7785	661	0.246976935	0.000839022	0.002210252	TRUE	0.477754281	TRUE	0.582846851	TRUE	0.498261569	TRUE	0.09632116	TRUE	0.157727814	TRUE	17.112	TRUE	0.002242128
Cal_Batch27_1675	632	0.245893721	0.000835342	0.002200557	TRUE	0.497593406	TRUE	0.51844622	TRUE	0.43312437	TRUE	0.067086146	TRUE	0.149902932	TRUE	23.26184448	TRUE	0.002054985
Cal_Batch16_7350	682	0.244710873	0.000831324	0.002189973	TRUE	0.54200048	TRUE	0.501405698	TRUE	0.400056692	TRUE	0.075531712	TRUE	0.149938793	TRUE	31.85011574	TRUE	0.002366888
Cal_Batch26_8455	658	0.244332484	0.000830038	0.002186585	TRUE	0.555244625	TRUE	0.61385958	TRUE	0.500164337	TRUE	0.047537242	TRUE	0.111195896	TRUE	26.49466592	TRUE	0.001743455
Cal_Batch15_1894	664	0.24294941	0.00082534	0.002174209	TRUE	0.546358584	TRUE	0.557459476	TRUE	0.556282111	TRUE	0.036969529	TRUE	0.121878995	TRUE	21.48069046	TRUE	0.001563507
Cal_Batch27_1707	672	0.242646218	0.00082431	0.002171495	TRUE	0.539799636	TRUE	0.553388497	TRUE	0.414050034	TRUE	0.083124956	TRUE	0.156276821	TRUE	32	TRUE	0.002289924
Cal_Batch2_7651	646	0.242284528	0.000823081	0.002168258	TRUE	0.462024265	TRUE	0.50019444	TRUE	0.552934179	TRUE	0.044188964	TRUE	0.169447837	TRUE	16.44137931	TRUE	0.001889837
Cal_Batch3_1854	701	0.242233111	0.000822907	0.0021678	TRUE	0.508168317	TRUE	0.421018992	TRUE	0.452989966	TRUE	0.079153923	TRUE	0.145562589	TRUE	33.57057506	TRUE	0.002337034
Cal_Batch28_565	666	0.240886059	0.00081833	0.002155742	TRUE	0.645299418	TRUE	0.626981534	TRUE	0.537317767	TRUE	0.073430055	TRUE	0.111522315	TRUE	32.98461538	TRUE	0.001848513
Cal_Batch20_4521	689	0.240138506	0.000815791	0.002149054	TRUE	0.500911854	TRUE	0.52098082	TRUE	0.51957449	TRUE	0.050950104	TRUE	0.165009215	TRUE	18.01651255	TRUE	0.001869528
Cal_Batch2_5596	648	0.237694701	0.000807489	0.002127184	TRUE	0.556285261	TRUE	0.46662875	TRUE	0.487268536	TRUE	0.074245586	TRUE	0.121266526	TRUE	40.78044872	TRUE	0.002054902
Cal_Batch8_940	649	0.237085522	0.000805419	0.002121731	TRUE	0.475972861	TRUE	0.610266526	TRUE	0.528208952	TRUE	0.097740197	TRUE	0.139868404	TRUE	15.59615385	TRUE	0.00206829
Cal_Batch25_9136	708	0.23613767	0.000802199	0.002113248	TRUE	0.481332687	TRUE	0.486033276	TRUE	0.367821878	TRUE	0.104817754	TRUE	0.152783317	TRUE	27.93338884	TRUE	0.002366069
Cal_Batch17_374	674	0.235235819	0.000799136	0.002105179	TRUE	0.624065685	TRUE	0.583150451	TRUE	0.410999393	TRUE	0.102338374	TRUE	0.137724464	TRUE	42.06839945	TRUE	0.002119359
Cal_Batch18_7163	671	0.234947282	0.000798155	0.002102595	TRUE	0.531683025	TRUE	0.630775638	TRUE	0.474973298	TRUE	0.082005523	TRUE	0.148885015	TRUE	20.06718346	TRUE	0.001876103
Cal_Batch3_1400	679	0.234924898	0.000798079	0.002102395	TRUE	0.484831432	TRUE	0.579686734	TRUE	0.435271214	TRUE	0.078967083	TRUE	0.15456346	TRUE	18.09168704	TRUE	0.002146317
Cal_Batch1_3463	633	0.234872481	0.000797901	0.002101926	TRUE	0.628224749	TRUE	0.55491356	TRUE	0.441897648	TRUE	0.067441784	TRUE	0.163045497	TRUE	45.28100264	TRUE	0.002004569
Cal_Batch20_6226	668	0.234747043	0.000797475	0.002100804	TRUE	0.559928222	TRUE	0.588536546	TRUE	0.527831356	TRUE	0.088291539	TRUE	0.116932004	TRUE	27.19583023	TRUE	0.002095062
Cal_Batch12_1009	710	0.234151835	0.000795453	0.002095477	TRUE	0.504559172	TRUE	0.561733766	TRUE	0.434084051	TRUE	0.113861164	TRUE	0.163806268	TRUE	21.29326547	TRUE	0.002341212
Cal_Batch22_6491	645	0.232703579	0.000790533	0.002082516	TRUE	0.593495935	TRUE	0.551953724	TRUE	0.444365483	TRUE	0.092060024	TRUE	0.191864602	TRUE	39.89597315	TRUE	0.002264305
Cal_Batch22_9381	640	0.232081611	0.00078842	0.00207695	TRUE	0.639024858	TRUE	0.464822836	TRUE	0.557649757	TRUE	0.077422868	TRUE	0.16310695	TRUE	61.59164733	TRUE	0.002116233
Cal_Batch20_4264	683	0.231764505	0.000787343	0.002074113	TRUE	0.544125485	TRUE	0.58444766	TRUE	0.528748001	TRUE	0.113136547	TRUE	0.191375563	TRUE	22.4106814	TRUE	0.00224321
Cal_Batch23_2538	676	0.231661574	0.000786993	0.002073191	TRUE	0.627472386	TRUE	0.630890582	TRUE	0.514124661	TRUE	0.088419101	TRUE	0.119955217	TRUE	33.53677621	TRUE	0.001938056
Cal_Batch11_2497	642	0.230864912	0.000784287	0.002066062	TRUE	0.527593346	TRUE	0.643200107	TRUE	0.595797324	TRUE	0.13201091	TRUE	0.153727127	TRUE	16.12950257	TRUE	0.00238246
Cal_Batch8_2400	692	0.230675447	0.000783643	0.002064366	TRUE	0.437784414	TRUE	0.520725284	TRUE	0.431123989	TRUE	0.074148328	TRUE	0.090963654	TRUE	15.86494171	TRUE	0.002124325
Cal_Batch18_1121	653	0.229253768	0.000778814	0.002051644	TRUE	0.517740294	TRUE	0.631505809	TRUE	0.55570015	TRUE	0.079212215	TRUE	0.117092197	TRUE	21.82399299	TRUE	0.001964071
Cal_Batch4_4936	642	0.229194323	0.000778612	0.002051112	TRUE	0.527746637	TRUE	0.571220224	TRUE	0.539308096	TRUE	0.0679648	TRUE	0.155281994	TRUE	23.49831325	TRUE	0.001961311
Cal_Batch25_1559	691	0.228267419	0.000775463	0.002042817	TRUE	0.42491308	TRUE	0.406169217	TRUE	0.463210916	TRUE	0.064814865	TRUE	0.176944456	TRUE	19.54222094	TRUE	0.002389726
Cal_Batch5_6756	670	0.228239451	0.000775368	0.002042567	TRUE	0.446834521	TRUE	0.553054186	TRUE	0.413668729	TRUE	0.073099276	TRUE	0.161350349	TRUE	18.44002258	TRUE	0.002249132
Cal_Batch11_9092	697	0.228167989	0.000775125	0.002041926	TRUE	0.498062761	TRUE	0.510985609	TRUE	0.451139161	TRUE	0.100623778	TRUE	0.178280451	TRUE	27.01636813	TRUE	0.002381637
Cal_Batch21_2898	652	0.227434229	0.000772632	0.002035359	TRUE	0.562437799	TRUE	0.553349222	TRUE	0.411504004	TRUE	0.06955235	TRUE	0.121526906	TRUE	33.69707401	TRUE	0.00200934
Cal_Batch5_3866	680	0.226985987	0.00077111	0.00203135	TRUE	0.467948537	TRUE	0.440299439	TRUE	0.479309966	TRUE	0.074756083	TRUE	0.173250159	TRUE	20.90371622	TRUE	0.002307347
Cal_Batch13_7328	718	0.226973943	0.000771069	0.002031242	TRUE	0.578157967	TRUE	0.439745875	TRUE	0.390529016	TRUE	0.063801424	TRUE	0.124210963	TRUE	44.49498886	TRUE	0.002165559
Cal_Batch21_2489	634	0.226521037	0.00076953	0.002027187	TRUE	0.615148796	TRUE	0.431243017	TRUE	0.315791712	TRUE	0.065710734	TRUE	0.150504723	TRUE	77.72262774	TRUE	0.002168684
Cal_Batch21_5403	644	0.226193417	0.000768417	0.002024255	TRUE	0.575331261	TRUE	0.623165072	TRUE	0.460036742	TRUE	0.092038454	TRUE	0.138513906	TRUE	28.8239367	TRUE	0.002112598
Cal_Batch6_5433	679	0.225688184	0.000766701	0.002019735	TRUE	0.50364343	TRUE	0.54246955	TRUE	0.424553503	TRUE	0.10671351	TRUE	0.18461311	TRUE	26.72304284	TRUE	0.002341392
Cal_Batch26_7374	675	0.225528962	0.00076616	0.00201831	TRUE	0.625404278	TRUE	0.543051953	TRUE	0.446440112	TRUE	0.06271321	TRUE	0.166849346	TRUE	45.88305942	TRUE	0.002084083
Cal_Batch3_9032	641	0.225128336	0.000764799	0.002014725	TRUE	0.595954318	TRUE	0.56713888	TRUE	0.500063371	TRUE	0.066240045	TRUE	0.179740048	TRUE	43.77047705	TRUE	0.002018612
Cal_Batch10_8491	690	0.220994439	0.000750755	0.001977728	TRUE	0.524832589	TRUE	0.4974444	TRUE	0.36617964	TRUE	0.087756327	TRUE	0.155025825	TRUE	35.49462366	TRUE	0.002335939
Cal_Batch8_7340	661	0.220689039	0.000749718	0.001974996	TRUE	0.583802433	TRUE	0.582236456	TRUE	0.483238125	TRUE	0.054304553	TRUE	0.11037581	TRUE	37.47850055	TRUE	0.001696395
Cal_Batch18_6778	640	0.220299096	0.000748393	0.001971506	TRUE	0.577144589	TRUE	0.448806129	TRUE	0.339647296	TRUE	0.080013538	TRUE	0.140504646	TRUE	64.08325709	TRUE	0.002287501
Cal_Batch7_5284	691	0.219794394	0.000746678	0.001966988	TRUE	0.524693583	TRUE	0.609290481	TRUE	0.489219403	TRUE	0.124360279	TRUE	0.154135742	TRUE	18.93051031	TRUE	0.002437343
Cal_Batch12_1436	667	0.219747875	0.00074652	0.001966572	TRUE	0.641663202	TRUE	0.447506828	TRUE	0.368538241	TRUE	0.090439349	TRUE	0.170421177	TRUE	80.35902637	TRUE	0.00228979
Cal_Batch21_1615	661	0.217533366	0.000738997	0.001946754	TRUE	0.493723712	TRUE	0.62991105	TRUE	0.440817123	TRUE	0.102924009	TRUE	0.176064579	TRUE	17.36251981	TRUE	0.00215804
Cal_Batch12_5893	716	0.214606357	0.000729054	0.001920561	TRUE	0.496253479	TRUE	0.509328838	TRUE	0.418550366	TRUE	0.083575723	TRUE	0.161044192	TRUE	23.25064599	TRUE	0.00220296
Cal_Batch1_7364	701	0.212167685	0.000720769	0.001898735	TRUE	0.433006831	TRUE	0.560726351	TRUE	0.430460537	TRUE	0.120286713	TRUE	0.198726472	TRUE	16.5154013	TRUE	0.002397991
Cal_Batch25_774	677	0.211444026	0.000718311	0.00189226	TRUE	0.496954369	TRUE	0.607871512	TRUE	0.518601798	TRUE	0.055623268	TRUE	0.121631845	TRUE	16.6117044	TRUE	0.001708107
Cal_Batch25_4484	661	0.211236179	0.000717605	0.0018904	TRUE	0.599540639	TRUE	0.499098977	TRUE	0.417421545	TRUE	0.045466732	TRUE	0.133866857	TRUE	53.75776398	TRUE	0.002017874
Cal_Batch2_2703	672	0.211058062	0.000717	0.001888807	TRUE	0.475231097	TRUE	0.523478236	TRUE	0.515075521	TRUE	0.038698218	TRUE	0.185479817	TRUE	15.91058757	TRUE	0.002042904
Cal_Batch14_6850	665	0.210869595	0.000716359	0.001887118	TRUE	0.585610932	TRUE	0.556484406	TRUE	0.439049048	TRUE	0.099249293	TRUE	0.138368668	TRUE	36.48449848	TRUE	0.002217938
Cal_Batch16_6282	631	0.209939922	0.000713201	0.001878799	TRUE	0.550207894	TRUE	0.636611536	TRUE	0.57675215	TRUE	0.099572155	TRUE	0.150112519	TRUE	19.88827586	TRUE	0.002045426
Cal_Batch4_6676	653	0.209180868	0.000710623	0.001872008	TRUE	0.538002981	TRUE	0.570514629	TRUE	0.48381919	TRUE	0.062049208	TRUE	0.151764205	TRUE	27.25605381	TRUE	0.002026992
Cal_Batch2_7303	724	0.207743541	0.00070574	0.001859144	TRUE	0.545616231	TRUE	0.542063009	TRUE	0.458285127	TRUE	0.021069973	TRUE	0.084654291	TRUE	29.41593626	TRUE	0.001638826
Cal_Batch28_1598	643	0.207603859	0.000705265	0.001857893	TRUE	0.593508501	TRUE	0.547316418	TRUE	0.361015027	TRUE	0.097377208	TRUE	0.17610017	TRUE	44.14713656	TRUE	0.002139745
Cal_Batch16_3098	671	0.207059945	0.000703417	0.001853025	TRUE	0.463219528	TRUE	0.553087724	TRUE	0.447545484	TRUE	0.098946478	TRUE	0.200792906	TRUE	19.86069652	TRUE	0.002347085
Cal_Batch10_4147	633	0.206966963	0.000703102	0.001852195	TRUE	0.513507436	TRUE	0.465202334	TRUE	0.501634958	TRUE	0.071980343	TRUE	0.201361766	TRUE	26.6392871	TRUE	0.002373706
Cal_Batch9_8434	650	0.206333024	0.000700948	0.001846521	TRUE	0.4728906	TRUE	0.611989914	TRUE	0.465583372	TRUE	0.114960262	TRUE	0.149501783	TRUE	16.59283747	TRUE	0.002260673
Cal_Batch21_9944	742	0.206128977	0.000700255	0.001844695	TRUE	0.473360815	TRUE	0.474119961	TRUE	0.466007565	TRUE	0.076010716	TRUE	0.098690211	TRUE	19.90271282	TRUE	0.002215377
Cal_Batch14_6053	651	0.206064927	0.000700037	0.001844121	TRUE	0.504059403	TRUE	0.514249232	TRUE	0.441446788	TRUE	0.066216734	TRUE	0.180584594	TRUE	25.5264624	TRUE	0.002119387
Cal_Batch25_4315	704	0.204313183	0.000694086	0.001828444	TRUE	0.547028604	TRUE	0.42761765	TRUE	0.423998646	TRUE	0.076893524	TRUE	0.169822286	TRUE	43.57077276	TRUE	0.002377118
Cal_Batch25_954	735	0.203254159	0.000690489	0.001818968	TRUE	0.496301041	TRUE	0.60632394	TRUE	0.521595834	TRUE	0.052913469	TRUE	0.109028753	TRUE	15.82693784	TRUE	0.002002046
Cal_Batch14_2085	715	0.203046818	0.000689784	0.001817111	TRUE	0.504429937	TRUE	0.484700574	TRUE	0.405050123	TRUE	0.07237107	TRUE	0.12898284	TRUE	27.98173302	TRUE	0.00218613
Cal_Batch21_2493	657	0.20239596	0.000687573	0.001811287	TRUE	0.601479704	TRUE	0.481645228	TRUE	0.429349946	TRUE	0.034681965	TRUE	0.146489954	TRUE	51.12378641	TRUE	0.001916282
Cal_Batch6_2774	706	0.202350216	0.000687418	0.001810878	TRUE	0.459462977	TRUE	0.514805945	TRUE	0.50294223	TRUE	0.095695638	TRUE	0.183577557	TRUE	15.28608515	TRUE	0.002155425
Cal_Batch18_281	671	0.201728163	0.000685304	0.001805309	TRUE	0.459665015	TRUE	0.566039087	TRUE	0.46731671	TRUE	0.107485447	TRUE	0.163016237	TRUE	17.92117465	TRUE	0.002240284
Cal_Batch6_6608	664	0.201393381	0.000684167	0.001802314	TRUE	0.497297297	TRUE	0.532012535	TRUE	0.41724229	TRUE	0.065793648	TRUE	0.1231455	TRUE	24.47423398	TRUE	0.002033659
Cal_Batch21_103	623	0.201222	0.000683585	0.001800781	TRUE	0.515583012	TRUE	0.532223875	TRUE	0.378819464	TRUE	0.079441331	TRUE	0.182201927	TRUE	27.04736491	TRUE	0.002229629
Cal_Batch28_2485	634	0.200909922	0.000682525	0.001797989	TRUE	0.560915147	TRUE	0.640232069	TRUE	0.518185929	TRUE	0.062749233	TRUE	0.096385192	TRUE	25.29919305	TRUE	0.001776447
Cal_Batch24_097	654	0.200750973	0.000681985	0.001796566	TRUE	0.53023722	TRUE	0.584391466	TRUE	0.478523505	TRUE	0.057984259	TRUE	0.160365962	TRUE	23.65526553	TRUE	0.001823762
Cal_Batch17_7980	689	0.200322508	0.000680529	0.00179273	TRUE	0.510419627	TRUE	0.585065611	TRUE	0.423315359	TRUE	0.099749859	TRUE	0.139399035	TRUE	18.28555111	TRUE	0.002067349
Cal_Batch4_309	650	0.200218685	0.000680176	0.001791801	TRUE	0.537607269	TRUE	0.622382259	TRUE	0.546330529	TRUE	0.070119342	TRUE	0.153207636	TRUE	23.63198672	TRUE	0.001792495
Cal_Batch9_3308	674	0.196915903	0.000668956	0.001762243	TRUE	0.573483209	TRUE	0.489663679	TRUE	0.507552226	TRUE	0.056186142	TRUE	0.109958169	TRUE	34.46566164	TRUE	0.002132495
Cal_Batch17_6640	692	0.196100248	0.000666185	0.001754944	TRUE	0.585074879	TRUE	0.581621155	TRUE	0.48680857	TRUE	0.082995144	TRUE	0.157470291	TRUE	30.16855087	TRUE	0.001918709
Cal_Batch23_4224	640	0.195684081	0.000664772	0.001751221	TRUE	0.486824303	TRUE	0.600437179	TRUE	0.521606452	TRUE	0.106253726	TRUE	0.161820488	TRUE	15.99074431	TRUE	0.00216944
Cal_Batch21_9810	689	0.195320165	0.000663535	0.001747963	TRUE	0.512600897	TRUE	0.455368408	TRUE	0.420713941	TRUE	0.041642278	TRUE	0.074030304	TRUE	35.76368564	TRUE	0.001903533
Cal_Batch18_4851	640	0.194702439	0.000661437	0.001742436	TRUE	0.502874133	TRUE	0.621815524	TRUE	0.551003894	TRUE	0.127666132	TRUE	0.178881952	TRUE	17.06582885	TRUE	0.002300919
Cal_Batch13_3417	653	0.193806047	0.000658392	0.001734415	TRUE	0.545359605	TRUE	0.588900491	TRUE	0.524402562	TRUE	0.112533064	TRUE	0.166851301	TRUE	23.31076535	TRUE	0.002183255
Cal_Batch26_6636	728	0.19355639	0.000657544	0.001732181	TRUE	0.575334743	TRUE	0.583156877	TRUE	0.360651812	TRUE	0.125109399	TRUE	0.156779533	TRUE	32.26101695	TRUE	0.002457957
Cal_Batch7_5445	639	0.192453501	0.000653797	0.00172231	TRUE	0.471843451	TRUE	0.612532243	TRUE	0.442256616	TRUE	0.082758889	TRUE	0.14563496	TRUE	16.31543887	TRUE	0.001980058
Cal_Batch17_7828	670	0.192301194	0.000653279	0.001720945	TRUE	0.49137518	TRUE	0.564364966	TRUE	0.507884982	TRUE	0.073417056	TRUE	0.177802962	TRUE	18.23165468	TRUE	0.002147541
Cal_Batch28_476	725	0.192175399	0.000652852	0.00171982	TRUE	0.640599519	TRUE	0.499506099	TRUE	0.448705691	TRUE	0.035281089	TRUE	0.145639599	TRUE	52.88888889	TRUE	0.002176346
Cal_Batch26_884	733	0.192083737	0.000652541	0.001719001	TRUE	0.53806335	TRUE	0.57624208	TRUE	0.473594105	TRUE	0.044779644	TRUE	0.122029796	TRUE	24.39693524	TRUE	0.001698191
Cal_Batch2_2342	662	0.191607429	0.000650923	0.001714739	TRUE	0.430683668	TRUE	0.568554766	TRUE	0.393182445	TRUE	0.107304523	TRUE	0.181536988	TRUE	16.54130435	TRUE	0.002405556
Cal_Batch14_3026	679	0.190813553	0.000648226	0.001707634	TRUE	0.495585912	TRUE	0.533885677	TRUE	0.396664912	TRUE	0.102246663	TRUE	0.202570502	TRUE	22.215763	TRUE	0.002390777
Cal_Batch3_372	670	0.189279386	0.000643014	0.001693904	TRUE	0.490272815	TRUE	0.599646793	TRUE	0.426553382	TRUE	0.112519678	TRUE	0.194731494	TRUE	18.67604667	TRUE	0.00237689
Cal_Batch15_906	666	0.188367617	0.000639916	0.001685743	TRUE	0.624189723	TRUE	0.634767706	TRUE	0.580022051	TRUE	0.058624933	TRUE	0.148338203	TRUE	30.99711261	TRUE	0.001712976
Cal_Batch3_4237	663	0.187961881	0.000638538	0.001682113	TRUE	0.629473329	TRUE	0.507219535	TRUE	0.440294485	TRUE	0.04159359	TRUE	0.147446642	TRUE	58.48423194	TRUE	0.002058234
Cal_Batch22_5537	663	0.187531636	0.000637076	0.001678261	TRUE	0.614881241	TRUE	0.410320735	TRUE	0.559292709	TRUE	0.091436811	TRUE	0.181421242	TRUE	57.61312439	TRUE	0.002425235
Cal_Batch28_1130	656	0.187100058	0.00063561	0.001674399	TRUE	0.572707263	TRUE	0.528356849	TRUE	0.510261799	TRUE	0.117030011	TRUE	0.139568642	TRUE	32.55368234	TRUE	0.002312029
Cal_Batch8_8429	748	0.186367315	0.000633121	0.001667843	TRUE	0.540279879	TRUE	0.501933006	TRUE	0.37052786	TRUE	0.069081094	TRUE	0.143359611	TRUE	35.22945431	TRUE	0.00210268
Cal_Batch23_6585	660	0.186237184	0.000632679	0.001666678	TRUE	0.464268188	TRUE	0.502505129	TRUE	0.499093725	TRUE	0.056950021	TRUE	0.116731342	TRUE	18.47271386	TRUE	0.001872978
Cal_Batch19_3112	660	0.184437519	0.000626565	0.001650572	TRUE	0.482019528	TRUE	0.531732	TRUE	0.470174401	TRUE	0.030183562	TRUE	0.108526692	TRUE	22.44918033	TRUE	0.001676894
Cal_Batch20_2387	646	0.184349376	0.000626266	0.001649784	TRUE	0.509133217	TRUE	0.59222774	TRUE	0.536815438	TRUE	0.125151031	TRUE	0.14797849	TRUE	18.63399154	TRUE	0.002281941
Cal_Batch17_3173	652	0.183870853	0.00062464	0.001645501	TRUE	0.475486168	TRUE	0.523477347	TRUE	0.50365928	TRUE	0.088865173	TRUE	0.180123263	TRUE	19.77570093	TRUE	0.002188393
Cal_Batch19_1987	624	0.183632585	0.000623831	0.00164337	TRUE	0.609451659	TRUE	0.586464233	TRUE	0.377848201	TRUE	0.103449337	TRUE	0.150789037	TRUE	35.45169713	TRUE	0.00205713
Cal_Batch26_8292	635	0.183614486	0.000623769	0.001643207	TRUE	0.522301585	TRUE	0.59209085	TRUE	0.484269721	TRUE	0.048552835	TRUE	0.143319286	TRUE	23.98645681	TRUE	0.001911676
Cal_Batch23_9453	701	0.183388349	0.000623001	0.001641183	TRUE	0.430203475	TRUE	0.421656262	TRUE	0.490177212	TRUE	0.058930262	TRUE	0.164028557	TRUE	18.00892857	TRUE	0.001988722
Cal_Batch3_4207	669	0.183007288	0.000621706	0.001637772	TRUE	0.488684864	TRUE	0.468113035	TRUE	0.406691782	TRUE	0.070231834	TRUE	0.164041171	TRUE	30.69166667	TRUE	0.002405303
Cal_Batch4_8396	630	0.182805077	0.00062102	0.001635965	TRUE	0.502126936	TRUE	0.583441561	TRUE	0.547425502	TRUE	0.057803668	TRUE	0.164644004	TRUE	16.91706322	TRUE	0.001739733
Cal_Batch22_3680	695	0.181992439	0.000618259	0.001628691	TRUE	0.465324628	TRUE	0.504789013	TRUE	0.357177025	TRUE	0.065529559	TRUE	0.157025896	TRUE	23.58340611	TRUE	0.002071382
Cal_Batch16_2619	728	0.180595342	0.000613513	0.001616189	TRUE	0.476665977	TRUE	0.507956232	TRUE	0.485757189	TRUE	0.091633689	TRUE	0.164050549	TRUE	17.05926388	TRUE	0.002295578
Cal_Batch23_8947	683	0.179529413	0.000609892	0.00160665	TRUE	0.513403968	TRUE	0.473236736	TRUE	0.465452932	TRUE	0.106729293	TRUE	0.148306555	TRUE	28.68236301	TRUE	0.002391482
Cal_Batch10_2506	702	0.178888438	0.000607714	0.001600913	TRUE	0.586807328	TRUE	0.605825393	TRUE	0.378957349	TRUE	0.124730568	TRUE	0.169087915	TRUE	29.44043567	TRUE	0.002516931
Cal_Batch10_512	677	0.178830479	0.000607517	0.001600394	TRUE	0.476358426	TRUE	0.543921987	TRUE	0.44180764	TRUE	0.064777676	TRUE	0.132607325	TRUE	18.94312169	TRUE	0.002134088
Cal_Batch22_1918	667	0.177970038	0.000604594	0.001592693	TRUE	0.485706455	TRUE	0.649931976	TRUE	0.514045114	TRUE	0.110919999	TRUE	0.17223273	TRUE	15.06481481	TRUE	0.002042233
Cal_Batch12_9984	781	0.177678521	0.000603604	0.001590085	TRUE	0.431766978	TRUE	0.472201	TRUE	0.414800135	TRUE	0.061278729	TRUE	0.195065948	TRUE	19.17939815	TRUE	0.002373987
Cal_Batch14_6396	661	0.177303553	0.00060233	0.001586729	TRUE	0.519573591	TRUE	0.52393301	TRUE	0.486109918	TRUE	0.059909789	TRUE	0.137534344	TRUE	29.0862069	TRUE	0.002246781
Cal_Batch6_4035	669	0.175976321	0.000597821	0.001574851	TRUE	0.620713239	TRUE	0.587865624	TRUE	0.50027326	TRUE	0.075556456	TRUE	0.163057991	TRUE	48.51300236	TRUE	0.002026996
Cal_Batch10_2210	685	0.175590745	0.000596511	0.0015714	TRUE	0.430920257	TRUE	0.473286645	TRUE	0.537234381	TRUE	0.065762634	TRUE	0.197034411	TRUE	15.25260718	TRUE	0.002231633
Cal_Batch13_6832	659	0.175543314	0.00059635	0.001570976	TRUE	0.482212951	TRUE	0.550820518	TRUE	0.520772709	TRUE	0.061639565	TRUE	0.10001252	TRUE	18.98214817	TRUE	0.001955357
Cal_Batch9_8775	718	0.175083531	0.000594788	0.001566861	TRUE	0.469490234	TRUE	0.4929753	TRUE	0.313520509	TRUE	0.100383425	TRUE	0.178227579	TRUE	20.91656237	TRUE	0.002416243
Cal_Batch19_6810	679	0.174857096	0.000594019	0.001564836	TRUE	0.432972804	TRUE	0.475862317	TRUE	0.370884688	TRUE	0.065179033	TRUE	0.181116148	TRUE	20.93884555	TRUE	0.002174627
Cal_Batch6_9364	627	0.174818675	0.000593888	0.00156449	TRUE	0.616790555	TRUE	0.601483317	TRUE	0.479512433	TRUE	0.076283943	TRUE	0.160654241	TRUE	39.91382979	TRUE	0.001982371
Cal_Batch19_9938	679	0.174626829	0.000593237	0.001562775	TRUE	0.608277778	TRUE	0.577432489	TRUE	0.568011927	TRUE	0.081701522	TRUE	0.148055736	TRUE	30.92286874	TRUE	0.001923048
Cal_Batch5_3156	710	0.174152181	0.000591624	0.001558526	TRUE	0.454697987	TRUE	0.48994936	TRUE	0.36434522	TRUE	0.103504724	TRUE	0.158886805	TRUE	21.78620427	TRUE	0.002584713
Cal_Batch9_2795	658	0.173639706	0.000589883	0.00155394	TRUE	0.537457728	TRUE	0.524608415	TRUE	0.545812499	TRUE	0.062913681	TRUE	0.193083801	TRUE	23.05169938	TRUE	0.002197106
Cal_Batch24_3671	637	0.173482826	0.00058935	0.001552536	TRUE	0.54626943	TRUE	0.643424803	TRUE	0.518155466	TRUE	0.086633855	TRUE	0.15419387	TRUE	25.34184309	TRUE	0.001969918
Cal_Batch21_4262	700	0.173459863	0.000589272	0.00155233	TRUE	0.395128819	TRUE	0.454092448	TRUE	0.429634817	TRUE	0.075872902	TRUE	0.179798199	TRUE	15.68901617	TRUE	0.002498924
Cal_Batch4_5203	633	0.173196618	0.000588378	0.001549975	TRUE	0.60403397	TRUE	0.497490075	TRUE	0.393805179	TRUE	0.083591043	TRUE	0.125071325	TRUE	53.12425532	TRUE	0.002128608
Cal_Batch3_4380	626	0.172973212	0.000587619	0.001547976	TRUE	0.564508988	TRUE	0.645617309	TRUE	0.506793704	TRUE	0.057990683	TRUE	0.100927021	TRUE	25.25811602	TRUE	0.001738288
Cal_Batch11_2989	675	0.17255901	0.000586212	0.001544269	TRUE	0.426885651	TRUE	0.526455074	TRUE	0.433964365	TRUE	0.073705951	TRUE	0.177919247	TRUE	15.89672867	TRUE	0.002348348
Cal_Batch26_9747	636	0.172399606	0.00058567	0.001542842	TRUE	0.578562826	TRUE	0.56222602	TRUE	0.527692206	TRUE	0.038171795	TRUE	0.131250045	TRUE	28.56699029	TRUE	0.001843929
Cal_Batch14_2365	689	0.171853559	0.000583815	0.001537955	TRUE	0.45270089	TRUE	0.501916995	TRUE	0.384332713	TRUE	0.073057498	TRUE	0.108360153	TRUE	20.1909947	TRUE	0.002084193
Cal_Batch11_6288	706	0.171140665	0.000581394	0.001531577	TRUE	0.501765089	TRUE	0.522359225	TRUE	0.356545558	TRUE	0.095863033	TRUE	0.148115007	TRUE	26.17854184	TRUE	0.002187435
Cal_Batch24_2598	707	0.170493811	0.000579196	0.001525787	TRUE	0.434840692	TRUE	0.430762251	TRUE	0.451949675	TRUE	0.099027216	TRUE	0.181800204	TRUE	18.77549386	TRUE	0.002571748
Cal_Batch17_2605	630	0.170270885	0.000578439	0.001523793	TRUE	0.533367689	TRUE	0.62088577	TRUE	0.472648119	TRUE	0.091582331	TRUE	0.154377212	TRUE	21.6598513	TRUE	0.001924192
Cal_Batch2_9279	642	0.16986187	0.000577049	0.001520131	TRUE	0.604617444	TRUE	0.497572629	TRUE	0.577392034	TRUE	0.112557972	TRUE	0.156009264	TRUE	36.84787018	TRUE	0.002165389
Cal_Batch8_1456	665	0.169339534	0.000575275	0.001515458	TRUE	0.574283425	TRUE	0.636584875	TRUE	0.467701584	TRUE	0.082393587	TRUE	0.128834208	TRUE	22.05606469	TRUE	0.001859042
Cal_Batch2_8143	679	0.168614521	0.000572812	0.00150897	TRUE	0.600222527	TRUE	0.579755734	TRUE	0.510388115	TRUE	0.053490036	TRUE	0.11118541	TRUE	43.30681818	TRUE	0.001904922
Cal_Batch19_028	672	0.168011563	0.000570763	0.001503572	TRUE	0.537545203	TRUE	0.46077473	TRUE	0.478839455	TRUE	0.054378496	TRUE	0.177255547	TRUE	30.82225657	TRUE	0.002081154
Cal_Batch19_575	634	0.16684109	0.000566787	0.001493098	TRUE	0.550828709	TRUE	0.589838746	TRUE	0.522769505	TRUE	0.099267523	TRUE	0.196010921	TRUE	27.37276299	TRUE	0.002180531
Cal_Batch3_6581	688	0.166351511	0.000565124	0.001488717	TRUE	0.449356117	TRUE	0.53772736	TRUE	0.386355879	TRUE	0.100552508	TRUE	0.160290672	TRUE	17.65048544	TRUE	0.002283389
Cal_Batch26_9772	646	0.165669984	0.000562809	0.001482618	TRUE	0.579834795	TRUE	0.600174187	TRUE	0.60255445	TRUE	0.054309796	TRUE	0.183533477	TRUE	21.06134969	TRUE	0.001866158
Cal_Batch24_6416	655	0.164544193	0.000558984	0.001472542	TRUE	0.466419488	TRUE	0.500355346	TRUE	0.402962539	TRUE	0.044904435	TRUE	0.11707702	TRUE	21.39287113	TRUE	0.001917798
Cal_Batch13_9444	662	0.164223182	0.000557894	0.001469671	TRUE	0.480785473	TRUE	0.536961435	TRUE	0.483352291	TRUE	0.103247243	TRUE	0.169583071	TRUE	18.51676154	TRUE	0.002384161
Cal_Batch7_6124	769	0.163664811	0.000555997	0.001464673	TRUE	0.408806747	TRUE	0.538547822	TRUE	0.372332776	TRUE	0.115864176	TRUE	0.179479011	TRUE	15.1914544	TRUE	0.002336739
Cal_Batch7_5575	656	0.163242583	0.000554562	0.001460893	TRUE	0.548549543	TRUE	0.622395912	TRUE	0.554834714	TRUE	0.111744401	TRUE	0.17544326	TRUE	19.95307167	TRUE	0.002009358
Cal_Batch5_3287	680	0.1630279	0.000553833	0.001458973	TRUE	0.442834215	TRUE	0.550678098	TRUE	0.464779292	TRUE	0.130472043	TRUE	0.182975961	TRUE	17.4569161	TRUE	0.002534249
Cal_Batch15_5126	698	0.162927783	0.000553493	0.001458077	TRUE	0.503704702	TRUE	0.450446263	TRUE	0.450123303	TRUE	0.111687243	TRUE	0.174032749	TRUE	29.1495935	TRUE	0.002446333
Cal_Batch18_579	655	0.162701199	0.000552723	0.001456049	TRUE	0.495192842	TRUE	0.570797514	TRUE	0.479194685	TRUE	0.107680253	TRUE	0.198273746	TRUE	20.51272605	TRUE	0.002420361
Cal_Batch20_4510	646	0.161453869	0.000548486	0.001444887	TRUE	0.608442032	TRUE	0.589833796	TRUE	0.551845201	TRUE	0.058310643	TRUE	0.165980264	TRUE	30.45499022	TRUE	0.001761043
Cal_Batch16_2270	633	0.161288265	0.000547923	0.001443404	TRUE	0.613222998	TRUE	0.579884669	TRUE	0.595778253	TRUE	0.09119424	TRUE	0.188226349	TRUE	27.6911157	TRUE	0.00197452
Cal_Batch7_632	673	0.160332245	0.000544676	0.00143485	TRUE	0.615321962	TRUE	0.585504873	TRUE	0.361266122	TRUE	0.096272432	TRUE	0.132940393	TRUE	35.1656051	TRUE	0.002117788
Cal_Batch10_4376	670	0.15936759	0.000541398	0.001426215	TRUE	0.472669068	TRUE	0.525266078	TRUE	0.475740656	TRUE	0.071983745	TRUE	0.113094945	TRUE	21.27965284	TRUE	0.001988549
Cal_Batch24_5169	660	0.158706111	0.000539151	0.001420296	TRUE	0.482341328	TRUE	0.463603838	TRUE	0.476541829	TRUE	0.13129416	TRUE	0.178922367	TRUE	27.32585752	TRUE	0.002492325
Cal_Batch9_8506	696	0.158511679	0.000538491	0.001418557	TRUE	0.488085151	TRUE	0.57329551	TRUE	0.311276327	TRUE	0.110149351	TRUE	0.185078467	TRUE	18.83173996	TRUE	0.002306579
Cal_Batch25_9419	645	0.157983109	0.000536695	0.001413826	TRUE	0.52737273	TRUE	0.507242261	TRUE	0.488198858	TRUE	0.078930572	TRUE	0.172634427	TRUE	29.17631984	TRUE	0.002319904
Cal_Batch22_4752	623	0.157904396	0.000536428	0.001413122	TRUE	0.513535179	TRUE	0.612328443	TRUE	0.521953527	TRUE	0.099343398	TRUE	0.179582339	TRUE	17.08	TRUE	0.002025083
Cal_Batch15_3691	666	0.156572769	0.000531904	0.001401205	TRUE	0.530481283	TRUE	0.482510834	TRUE	0.534550092	TRUE	0.09350249	TRUE	0.202429839	TRUE	20.93281654	TRUE	0.002343111
Cal_Batch23_9008	677	0.155591566	0.000528571	0.001392425	TRUE	0.635336647	TRUE	0.52287606	TRUE	0.35390248	TRUE	0.104716424	TRUE	0.140895497	TRUE	68.59758772	TRUE	0.002238283
Cal_Batch12_7472	789	0.154369652	0.00052442	0.00138149	TRUE	0.45066262	TRUE	0.525335565	TRUE	0.348005227	TRUE	0.109294187	TRUE	0.184770775	TRUE	18.44734268	TRUE	0.002426886
Cal_Batch13_5906	679	0.153907359	0.000522849	0.001377351	TRUE	0.446994204	TRUE	0.435168888	TRUE	0.392318275	TRUE	0.082780041	TRUE	0.175687195	TRUE	24.08871627	TRUE	0.002422094
Cal_Batch2_3291	675	0.153628554	0.000521902	0.001374856	TRUE	0.475481728	TRUE	0.528200717	TRUE	0.455955219	TRUE	0.063660221	TRUE	0.127866557	TRUE	20.41970569	TRUE	0.001891927
Cal_Batch15_7273	649	0.153046921	0.000519926	0.001369651	TRUE	0.636329866	TRUE	0.528218712	TRUE	0.59891057	TRUE	0.046545536	TRUE	0.179452795	TRUE	30.63826607	TRUE	0.001792808
Cal_Batch2_5977	708	0.152920594	0.000519497	0.001368521	TRUE	0.615015015	TRUE	0.595665617	TRUE	0.523574488	TRUE	0.125317789	TRUE	0.144652531	TRUE	29.12435233	TRUE	0.002691536
Cal_Batch2_2561	674	0.152154309	0.000516894	0.001361664	TRUE	0.572179091	TRUE	0.572010693	TRUE	0.442262257	TRUE	0.119380129	TRUE	0.139897165	TRUE	28.7008427	TRUE	0.002488926
Cal_Batch13_4926	677	0.152119797	0.000516776	0.001361353	TRUE	0.599529441	TRUE	0.538701024	TRUE	0.594804158	TRUE	0.06301669	TRUE	0.172087533	TRUE	23.42580164	TRUE	0.001815623
Cal_Batch2_9387	638	0.151707282	0.000515375	0.001357662	TRUE	0.547977422	TRUE	0.484714828	TRUE	0.54977156	TRUE	0.097784065	TRUE	0.186391825	TRUE	27.88739669	TRUE	0.002445113
Cal_Batch28_3838	691	0.151672816	0.000515258	0.001357354	TRUE	0.562477363	TRUE	0.610221644	TRUE	0.510043129	TRUE	0.122815705	TRUE	0.200010587	TRUE	23.50306748	TRUE	0.002359713
Cal_Batch23_2852	640	0.150513529	0.00051132	0.00134698	TRUE	0.55695122	TRUE	0.553302807	TRUE	0.324337725	TRUE	0.10924375	TRUE	0.199158057	TRUE	31.67838828	TRUE	0.002359475
Cal_Batch7_5175	641	0.149877401	0.000509159	0.001341287	TRUE	0.489404609	TRUE	0.644067215	TRUE	0.536010826	TRUE	0.063278155	TRUE	0.126947593	TRUE	15.66203704	TRUE	0.001734437
Cal_Batch7_349	721	0.149817638	0.000508956	0.001340752	TRUE	0.533139087	TRUE	0.539715945	TRUE	0.465878997	TRUE	0.081602371	TRUE	0.148271567	TRUE	26.39613527	TRUE	0.002287941
Cal_Batch21_4519	652	0.148770408	0.000505398	0.00133138	TRUE	0.640958253	TRUE	0.490026137	TRUE	0.430355358	TRUE	0.09108407	TRUE	0.150157952	TRUE	60.11656442	TRUE	0.002372394
Cal_Batch17_1226	626	0.148582576	0.00050476	0.001329699	TRUE	0.567849602	TRUE	0.628601723	TRUE	0.557140018	TRUE	0.083457731	TRUE	0.20718807	TRUE	19.54087127	TRUE	0.001988126
Cal_Batch13_1272	616	0.148016183	0.000502836	0.00132463	TRUE	0.549078311	TRUE	0.624462722	TRUE	0.532990986	TRUE	0.103181677	TRUE	0.142883384	TRUE	25.56510551	TRUE	0.00208575
Cal_Batch18_9296	632	0.147681794	0.0005017	0.001321638	TRUE	0.639726217	TRUE	0.604767218	TRUE	0.515847001	TRUE	0.064984616	TRUE	0.150013275	TRUE	38.7710944	TRUE	0.001818001
Cal_Batch24_8362	669	0.147286405	0.000500357	0.0013181	TRUE	0.535644667	TRUE	0.607309634	TRUE	0.472477795	TRUE	0.147933416	TRUE	0.164012034	TRUE	18.84277261	TRUE	0.00265412
Cal_Batch24_2447	660	0.147165438	0.000499946	0.001317017	TRUE	0.604769265	TRUE	0.567186848	TRUE	0.434527225	TRUE	0.101208282	TRUE	0.144859236	TRUE	46.75333927	TRUE	0.002413662
Cal_Batch18_2254	661	0.146902005	0.000499051	0.00131466	TRUE	0.4742901	TRUE	0.567419493	TRUE	0.440220774	TRUE	0.126113521	TRUE	0.186270484	TRUE	17.67717391	TRUE	0.002532868
Cal_Batch21_8056	663	0.145793375	0.000495285	0.001304739	TRUE	0.560515873	TRUE	0.589974006	TRUE	0.421931479	TRUE	0.06293302	TRUE	0.115104949	TRUE	29.06451613	TRUE	0.00187138
Cal_Batch2_5407	689	0.145720837	0.000495038	0.001304088	TRUE	0.580206456	TRUE	0.455229435	TRUE	0.559266172	TRUE	0.099358175	TRUE	0.190984188	TRUE	35.31243781	TRUE	0.002329587
Cal_Batch12_7971	701	0.144981429	0.000492526	0.001297471	TRUE	0.574742788	TRUE	0.559094318	TRUE	0.519739917	TRUE	0.060325746	TRUE	0.135259562	TRUE	27.67176187	TRUE	0.001807417
Cal_Batch28_005	771	0.144718579	0.000491633	0.001295118	TRUE	0.610305572	TRUE	0.562067292	TRUE	0.484352373	TRUE	0.073184865	TRUE	0.167929346	TRUE	35.24694024	TRUE	0.002033638
Cal_Batch20_1548	713	0.144571715	0.000491134	0.001293804	TRUE	0.448096886	TRUE	0.52986799	TRUE	0.395539164	TRUE	0.099717776	TRUE	0.166166468	TRUE	20.61392405	TRUE	0.002338249
Cal_Batch19_1387	644	0.144509468	0.000490923	0.001293248	TRUE	0.510562938	TRUE	0.575304824	TRUE	0.399151223	TRUE	0.123186451	TRUE	0.185139302	TRUE	21.20738722	TRUE	0.002368196
Cal_Batch2_6894	623	0.143064799	0.000486015	0.001280319	TRUE	0.644634607	TRUE	0.579606465	TRUE	0.59959183	TRUE	0.046726975	TRUE	0.167684354	TRUE	36.19506016	TRUE	0.001746036
Cal_Batch21_4933	722	0.14292082	0.000485526	0.00127903	TRUE	0.450256487	TRUE	0.5268644	TRUE	0.413550783	TRUE	0.084252709	TRUE	0.166190212	TRUE	16.46654692	TRUE	0.002322347
Cal_Batch22_8558	680	0.141685594	0.00048133	0.001267977	TRUE	0.4905796	TRUE	0.4764837	TRUE	0.353821925	TRUE	0.077388279	TRUE	0.129023496	TRUE	29.80464481	TRUE	0.002200557
Cal_Batch23_2684	631	0.141521251	0.000480771	0.001266504	TRUE	0.587431522	TRUE	0.517219107	TRUE	0.392133719	TRUE	0.075103105	TRUE	0.165314763	TRUE	42.29632466	TRUE	0.002074539
Cal_Batch20_7671	630	0.141414219	0.000480408	0.001265548	TRUE	0.590165648	TRUE	0.582350457	TRUE	0.481890336	TRUE	0.068841459	TRUE	0.106079114	TRUE	35.20427404	TRUE	0.001999277
Cal_Batch5_7372	746	0.141350934	0.000480193	0.001264982	TRUE	0.56537326	TRUE	0.539943414	TRUE	0.384339877	TRUE	0.081736567	TRUE	0.156354271	TRUE	30.34745763	TRUE	0.002215313
Cal_Batch19_6988	713	0.139885834	0.000475216	0.001251871	TRUE	0.621012749	TRUE	0.634696127	TRUE	0.400799042	TRUE	0.082535316	TRUE	0.122919642	TRUE	36.18559901	TRUE	0.001808129
Cal_Batch16_9996	677	0.138416284	0.000470223	0.001238717	TRUE	0.493374329	TRUE	0.578111597	TRUE	0.421051577	TRUE	0.112217276	TRUE	0.161481991	TRUE	21.50650026	TRUE	0.002493829
Cal_Batch3_3178	690	0.138030566	0.000468913	0.001235266	TRUE	0.416848365	TRUE	0.490199598	TRUE	0.416389617	TRUE	0.10276565	TRUE	0.170069772	TRUE	18.85714286	TRUE	0.002551345
Cal_Batch9_2577	697	0.13798897	0.000468772	0.001234895	TRUE	0.447771148	TRUE	0.529006603	TRUE	0.450498024	TRUE	0.105175276	TRUE	0.147299646	TRUE	16.73175875	TRUE	0.002457094
Cal_Batch19_7682	641	0.137890012	0.000468436	0.00123401	TRUE	0.494105237	TRUE	0.632598228	TRUE	0.519766038	TRUE	0.09934511	TRUE	0.198328291	TRUE	19.12146051	TRUE	0.002134334
Cal_Batch25_5990	686	0.137828205	0.000468226	0.001233457	TRUE	0.488596448	TRUE	0.552299614	TRUE	0.473030989	TRUE	0.049605906	TRUE	0.135913571	TRUE	23.91408115	TRUE	0.002113648
Cal_Batch7_2625	727	0.137403549	0.000466783	0.001229655	TRUE	0.497119141	TRUE	0.517538141	TRUE	0.419998735	TRUE	0.081556742	TRUE	0.15255099	TRUE	26.93021881	TRUE	0.002233878
Cal_Batch17_6850	654	0.137336814	0.000466556	0.001229057	TRUE	0.515279842	TRUE	0.564217227	TRUE	0.407320115	TRUE	0.09588316	TRUE	0.117020872	TRUE	23.80023923	TRUE	0.002016623
Cal_Batch5_422	707	0.137200022	0.000466092	0.001227835	TRUE	0.406300615	TRUE	0.453514739	TRUE	0.427414348	TRUE	0.042445583	TRUE	0.131616599	TRUE	16.28143133	TRUE	0.002082847
Cal_Batch13_8277	622	0.136267271	0.000462923	0.001219487	TRUE	0.534743661	TRUE	0.580186607	TRUE	0.564622944	TRUE	0.107483342	TRUE	0.174387597	TRUE	17.59187386	TRUE	0.00201115
Cal_Batch15_5135	692	0.135892942	0.000461651	0.001216136	TRUE	0.490402413	TRUE	0.555030563	TRUE	0.403447307	TRUE	0.112930946	TRUE	0.170564659	TRUE	20.09180733	TRUE	0.002253986
Cal_Batch26_3272	647	0.135554567	0.000460502	0.001213109	TRUE	0.463908112	TRUE	0.507766163	TRUE	0.506804474	TRUE	0.062951356	TRUE	0.189812378	TRUE	16.19102417	TRUE	0.001902559
Cal_Batch21_4292	654	0.135297101	0.000459627	0.001210804	TRUE	0.476578727	TRUE	0.578029261	TRUE	0.432651394	TRUE	0.108171949	TRUE	0.142076723	TRUE	18.45044709	TRUE	0.002331024
Cal_Batch10_5508	619	0.134903549	0.00045829	0.001207282	TRUE	0.534807173	TRUE	0.565788223	TRUE	0.573998025	TRUE	0.093673263	TRUE	0.168462683	TRUE	17.91440378	TRUE	0.002015502
Cal_Batch16_3140	663	0.134639829	0.000457394	0.001204922	TRUE	0.554854872	TRUE	0.598433571	TRUE	0.532709785	TRUE	0.083030195	TRUE	0.143358644	TRUE	23.10624353	TRUE	0.001913557
Cal_Batch11_8643	698	0.13438656	0.000456534	0.001202656	TRUE	0.431833804	TRUE	0.52460696	TRUE	0.403036211	TRUE	0.109783836	TRUE	0.171471722	TRUE	15.99263012	TRUE	0.002325147
Cal_Batch8_963	681	0.134254432	0.000456085	0.001201473	TRUE	0.492526274	TRUE	0.509839847	TRUE	0.489731722	TRUE	0.09361664	TRUE	0.17318517	TRUE	17.54670126	TRUE	0.00214173
Cal_Batch9_2687	695	0.133174717	0.000452417	0.001191811	TRUE	0.453383339	TRUE	0.589448543	TRUE	0.476428372	TRUE	0.092222665	TRUE	0.120509888	TRUE	16.7664557	TRUE	0.00243691
Cal_Batch22_8260	689	0.132586328	0.000450418	0.001186545	TRUE	0.494829585	TRUE	0.568158104	TRUE	0.451693327	TRUE	0.085473542	TRUE	0.178972041	TRUE	21.09966592	TRUE	0.002380718
Cal_Batch26_7611	726	0.132511452	0.000450164	0.001185876	TRUE	0.474934037	TRUE	0.503397489	TRUE	0.48856306	TRUE	0.136264401	TRUE	0.16070655	TRUE	21.66320394	TRUE	0.00259536
Cal_Batch19_8757	681	0.131694302	0.000447388	0.001178563	TRUE	0.52739436	TRUE	0.529666733	TRUE	0.31690181	TRUE	0.119589695	TRUE	0.191064583	TRUE	27.6516624	TRUE	0.00260512
Cal_Batch21_5912	828	0.131334127	0.000446164	0.001175338	TRUE	0.51692121	TRUE	0.410643151	TRUE	0.498067513	TRUE	0.069436322	TRUE	0.177244392	TRUE	30.9227836	TRUE	0.002372987
Cal_Batch17_9952	649	0.131297477	0.00044604	0.001175012	TRUE	0.556966319	TRUE	0.4875426	TRUE	0.382513151	TRUE	0.109427117	TRUE	0.14550574	TRUE	39.15330603	TRUE	0.002552851
Cal_Batch6_1046	625	0.130766567	0.000444236	0.001170259	TRUE	0.610245251	TRUE	0.535158086	TRUE	0.384027728	TRUE	0.058167037	TRUE	0.156582345	TRUE	50.69307637	TRUE	0.001902854
Cal_Batch23_1499	682	0.130278559	0.000442578	0.001165892	TRUE	0.487524738	TRUE	0.561685788	TRUE	0.380158041	TRUE	0.125519404	TRUE	0.162803308	TRUE	20.14803754	TRUE	0.002406591
Cal_Batch6_6678	631	0.129904475	0.000441307	0.001162543	TRUE	0.622586165	TRUE	0.582899785	TRUE	0.459049289	TRUE	0.074369438	TRUE	0.129736711	TRUE	51.95669291	TRUE	0.001889718
Cal_Batch20_7747	660	0.12978983	0.000440918	0.001161519	TRUE	0.642682468	TRUE	0.490870467	TRUE	0.463881887	TRUE	0.052388195	TRUE	0.130274962	TRUE	60.73672316	TRUE	0.001871006
Cal_Batch9_4616	635	0.129451159	0.000439767	0.001158487	TRUE	0.641593744	TRUE	0.441478813	TRUE	0.461864355	TRUE	0.06224336	TRUE	0.151147197	TRUE	76.84875847	TRUE	0.001977613
Cal_Batch20_6614	676	0.129268164	0.000439146	0.001156851	TRUE	0.441786062	TRUE	0.54092223	TRUE	0.304333491	TRUE	0.09652858	TRUE	0.182811131	TRUE	16.42450857	TRUE	0.002231201
Cal_Batch13_3019	668	0.128599943	0.000436876	0.001150871	TRUE	0.509869704	TRUE	0.496684873	TRUE	0.447994888	TRUE	0.103398448	TRUE	0.172133771	TRUE	30.28145387	TRUE	0.002427275
Cal_Batch24_4245	674	0.128482962	0.000436478	0.001149822	TRUE	0.467488274	TRUE	0.616670733	TRUE	0.502768239	TRUE	0.064427263	TRUE	0.11939588	TRUE	15.81369863	TRUE	0.002009747
Cal_Batch5_5278	697	0.128261274	0.000435725	0.001147839	TRUE	0.41483415	TRUE	0.430016738	TRUE	0.31300483	TRUE	0.093135506	TRUE	0.177130741	TRUE	22.44122859	TRUE	0.00263208
Cal_Batch2_8807	621	0.127891415	0.000434469	0.00114453	TRUE	0.622769001	TRUE	0.60602208	TRUE	0.485431484	TRUE	0.041922294	TRUE	0.106112567	TRUE	40.15709459	TRUE	0.001816019
Cal_Batch7_1947	731	0.127880618	0.000434432	0.001144432	TRUE	0.423783748	TRUE	0.498545618	TRUE	0.351734102	TRUE	0.083754014	TRUE	0.174718656	TRUE	17.79389313	TRUE	0.002199196
Cal_Batch8_6838	680	0.127388975	0.000432762	0.001140033	TRUE	0.4729995	TRUE	0.459953511	TRUE	0.40412597	TRUE	0.110773453	TRUE	0.123459536	TRUE	26.82822656	TRUE	0.002676624
Cal_Batch23_2782	627	0.126806187	0.000430782	0.001134817	TRUE	0.648632365	TRUE	0.560604224	TRUE	0.582434387	TRUE	0.047852659	TRUE	0.158374598	TRUE	36.80058437	TRUE	0.001745522
Cal_Batch7_2361	716	0.126360522	0.000429268	0.001130829	TRUE	0.446091891	TRUE	0.52326763	TRUE	0.43297797	TRUE	0.101352519	TRUE	0.169792155	TRUE	19.4455081	TRUE	0.002307563
Cal_Batch19_3380	636	0.125286288	0.000425619	0.001121216	TRUE	0.624549039	TRUE	0.57919135	TRUE	0.478106592	TRUE	0.06812612	TRUE	0.152463181	TRUE	47.25940997	TRUE	0.001931968
Cal_Batch14_3440	638	0.125018134	0.000424708	0.001118816	TRUE	0.62366962	TRUE	0.604614882	TRUE	0.479950381	TRUE	0.075192303	TRUE	0.110256844	TRUE	49.69699306	TRUE	0.002009566
Cal_Batch6_3086	619	0.12478527	0.000423917	0.001116733	TRUE	0.486055777	TRUE	0.578124826	TRUE	0.551072996	TRUE	0.08899474	TRUE	0.166033339	TRUE	15.62668227	TRUE	0.002062965
Cal_Batch11_5230	666	0.124571239	0.000423189	0.001114815	TRUE	0.522844252	TRUE	0.443912684	TRUE	0.316071745	TRUE	0.119229802	TRUE	0.179931044	TRUE	42.42461538	TRUE	0.002666037
Cal_Batch10_3230	660	0.124361725	0.000422478	0.001112942	TRUE	0.495295594	TRUE	0.631387738	TRUE	0.498229054	TRUE	0.111289863	TRUE	0.168431655	TRUE	16.90377358	TRUE	0.002092975
Cal_Batch6_8855	706	0.124041322	0.000421389	0.001110073	TRUE	0.415106967	TRUE	0.477023345	TRUE	0.337138096	TRUE	0.092432486	TRUE	0.185170196	TRUE	19.21920841	TRUE	0.002686768
Cal_Batch27_1191	685	0.124006427	0.000421271	0.001109762	TRUE	0.487585245	TRUE	0.541330255	TRUE	0.322416268	TRUE	0.077839747	TRUE	0.178945333	TRUE	19.50868373	TRUE	0.002125557
Cal_Batch14_5350	720	0.123870099	0.000420808	0.001108542	TRUE	0.519633746	TRUE	0.566594442	TRUE	0.471825167	TRUE	0.061774557	TRUE	0.126883043	TRUE	21.71256831	TRUE	0.002242016
Cal_Batch22_2355	688	0.123341591	0.000419012	0.001103811	TRUE	0.497240047	TRUE	0.574206162	TRUE	0.358357061	TRUE	0.134778096	TRUE	0.1746771	TRUE	18.87287079	TRUE	0.002498758
Cal_Batch5_5133	696	0.123324401	0.000418954	0.001103658	TRUE	0.462607927	TRUE	0.448478839	TRUE	0.419086014	TRUE	0.055833949	TRUE	0.133514856	TRUE	21.66639378	TRUE	0.002068547
Cal_Batch21_5893	732	0.123104386	0.000418206	0.001101688	TRUE	0.549964814	TRUE	0.491754223	TRUE	0.52119507	TRUE	0.047117023	TRUE	0.171295075	TRUE	26.84904863	TRUE	0.002202635
Cal_Batch18_2089	682	0.122485889	0.000416105	0.001096153	TRUE	0.527677783	TRUE	0.398509898	TRUE	0.353383708	TRUE	0.103439907	TRUE	0.174571204	TRUE	50.47368421	TRUE	0.002719528
Cal_Batch19_3721	622	0.121703387	0.000413447	0.001089151	TRUE	0.587641583	TRUE	0.56499491	TRUE	0.600366495	TRUE	0.047287858	TRUE	0.180877351	TRUE	24.07951482	TRUE	0.001826949
Cal_Batch10_4540	764	0.121430312	0.000412519	0.001086707	TRUE	0.5794571	TRUE	0.51428347	TRUE	0.451464928	TRUE	0.053151822	TRUE	0.184684496	TRUE	29.03289474	TRUE	0.002475677
Cal_Batch24_3211	659	0.121217687	0.000411797	0.001084805	TRUE	0.496327884	TRUE	0.588187646	TRUE	0.490952074	TRUE	0.058875868	TRUE	0.128712225	TRUE	17.94377224	TRUE	0.001737177
Cal_Batch15_8626	632	0.120746212	0.000410195	0.001080584	TRUE	0.547219771	TRUE	0.548715989	TRUE	0.437588072	TRUE	0.065963753	TRUE	0.096651689	TRUE	34.01179941	TRUE	0.00200759
Cal_Batch21_9353	713	0.120729185	0.000410137	0.001080432	TRUE	0.611339662	TRUE	0.548217559	TRUE	0.398464348	TRUE	0.093193915	TRUE	0.188839232	TRUE	42.15231362	TRUE	0.002404942
Cal_Batch13_6930	631	0.120234226	0.000408456	0.001076003	TRUE	0.616970113	TRUE	0.637005861	TRUE	0.480130096	TRUE	0.072300401	TRUE	0.141150743	TRUE	35.91606218	TRUE	0.002067451
Cal_Batch25_8601	692	0.11949199	0.000405934	0.00106936	TRUE	0.483752595	TRUE	0.527748257	TRUE	0.353722313	TRUE	0.114885559	TRUE	0.202665102	TRUE	25.6676351	TRUE	0.002575416
Cal_Batch18_1517	660	0.119365183	0.000405504	0.001068227	TRUE	0.64732114	TRUE	0.520038591	TRUE	0.58957449	TRUE	0.058526384	TRUE	0.193538362	TRUE	45.11336982	TRUE	0.001995985
Cal_Batch5_3811	653	0.119115216	0.000404654	0.001065988	TRUE	0.532379272	TRUE	0.578455161	TRUE	0.505361867	TRUE	0.048316211	TRUE	0.095120041	TRUE	21.94637224	TRUE	0.001634986
Cal_Batch15_8009	696	0.118980708	0.000404197	0.001064784	TRUE	0.507010058	TRUE	0.488688614	TRUE	0.309994921	TRUE	0.112155133	TRUE	0.16921119	TRUE	32.4257885	TRUE	0.002407989
Cal_Batch2_5948	638	0.118964952	0.000404144	0.001064644	TRUE	0.492337165	TRUE	0.61140195	TRUE	0.463531317	TRUE	0.10363722	TRUE	0.150590868	TRUE	20.20820821	TRUE	0.002429589
Cal_Batch23_9600	636	0.118780896	0.000403519	0.001062998	TRUE	0.507492574	TRUE	0.618524376	TRUE	0.46221807	TRUE	0.079842085	TRUE	0.139528566	TRUE	20.3578905	TRUE	0.002136225
Cal_Batch8_6745	726	0.11854267	0.000402709	0.001060864	TRUE	0.49543379	TRUE	0.400400379	TRUE	0.495345592	TRUE	0.035536161	TRUE	0.174450369	TRUE	29.86828998	TRUE	0.00205044
Cal_Batch3_7708	668	0.118138452	0.000401336	0.001057247	TRUE	0.544809664	TRUE	0.487795505	TRUE	0.3956959	TRUE	0.127590647	TRUE	0.168875753	TRUE	35.19234043	TRUE	0.002601958
Cal_Batch18_4283	691	0.117172201	0.000398054	0.001048601	TRUE	0.490690903	TRUE	0.509559303	TRUE	0.484382747	TRUE	0.092662844	TRUE	0.144327046	TRUE	25.3551797	TRUE	0.002418543
Cal_Batch8_8218	645	0.116923788	0.00039721	0.001046378	TRUE	0.619826502	TRUE	0.495793218	TRUE	0.438644497	TRUE	0.039567778	TRUE	0.111794327	TRUE	60.34460548	TRUE	0.002233304
Cal_Batch14_6777	636	0.116880094	0.000397061	0.001045985	TRUE	0.581946301	TRUE	0.484023194	TRUE	0.357125397	TRUE	0.075409712	TRUE	0.115289817	TRUE	44.78324761	TRUE	0.002051818
Cal_Batch18_6503	655	0.116002303	0.000394079	0.00103813	TRUE	0.592354829	TRUE	0.51123424	TRUE	0.492998682	TRUE	0.076985675	TRUE	0.146905366	TRUE	43.20752499	TRUE	0.002028402
Cal_Batch12_3741	694	0.115879757	0.000393663	0.001037034	TRUE	0.482491707	TRUE	0.497834849	TRUE	0.496408462	TRUE	0.068463291	TRUE	0.158036239	TRUE	21.35028022	TRUE	0.002323891
Cal_Batch1_8174	715	0.11563019	0.000392815	0.0010348	TRUE	0.541482218	TRUE	0.593285767	TRUE	0.457159115	TRUE	0.068615615	TRUE	0.184241902	TRUE	24.3352664	TRUE	0.002254453
Cal_Batch19_8332	663	0.115621764	0.000392787	0.001034726	TRUE	0.512240399	TRUE	0.383491839	TRUE	0.335953789	TRUE	0.11855857	TRUE	0.141400924	TRUE	49.16326531	TRUE	0.002523687
Cal_Batch2_6395	744	0.115513859	0.00039242	0.001033759	TRUE	0.432742598	TRUE	0.45805361	TRUE	0.470249692	TRUE	0.046385678	TRUE	0.210268381	TRUE	17.73305635	TRUE	0.002539423
Cal_Batch2_7788	690	0.115003875	0.000390687	0.001029194	TRUE	0.473650763	TRUE	0.526673212	TRUE	0.485923855	TRUE	0.055820892	TRUE	0.089687591	TRUE	18.38258575	TRUE	0.001721198
Cal_Batch4_7443	648	0.114717875	0.000389716	0.001026636	TRUE	0.533158873	TRUE	0.633241949	TRUE	0.495450059	TRUE	0.08839232	TRUE	0.156385019	TRUE	22.07915458	TRUE	0.002044188
Cal_Batch22_1225	714	0.11422749	0.00038805	0.001022247	TRUE	0.529339603	TRUE	0.457408736	TRUE	0.335762791	TRUE	0.09400139	TRUE	0.189764249	TRUE	36.76451078	TRUE	0.00259678
Cal_Batch24_2150	647	0.114065061	0.000387498	0.001020793	TRUE	0.452951346	TRUE	0.527599211	TRUE	0.442335418	TRUE	0.094095603	TRUE	0.120089965	TRUE	19.97284684	TRUE	0.002359891
Cal_Batch24_6523	692	0.113224869	0.000384644	0.001013275	TRUE	0.606823399	TRUE	0.485148116	TRUE	0.394825105	TRUE	0.080663458	TRUE	0.111370004	TRUE	58.55619597	TRUE	0.002074971
Cal_Batch8_6314	683	0.112778588	0.000383128	0.001009281	TRUE	0.52421466	TRUE	0.617113135	TRUE	0.495422941	TRUE	0.122417594	TRUE	0.21336412	TRUE	21.42105263	TRUE	0.002426208
Cal_Batch3_7840	715	0.112561245	0.000382389	0.001007335	TRUE	0.562861844	TRUE	0.486267502	TRUE	0.422036409	TRUE	0.067636867	TRUE	0.199998918	TRUE	31.48573519	TRUE	0.002487616
Cal_Batch7_1873	655	0.112311529	0.000381541	0.001005101	TRUE	0.600932187	TRUE	0.646404975	TRUE	0.481075516	TRUE	0.070388398	TRUE	0.107322171	TRUE	27.75873016	TRUE	0.001699767
Cal_Batch18_1498	753	0.111939449	0.000380277	0.001001771	TRUE	0.460602695	TRUE	0.547140605	TRUE	0.447826714	TRUE	0.117434275	TRUE	0.131173658	TRUE	16.84723068	TRUE	0.002528188
Cal_Batch20_3027	729	0.111761519	0.000379673	0.00100018	TRUE	0.546054254	TRUE	0.602813209	TRUE	0.341829355	TRUE	0.095359899	TRUE	0.162799398	TRUE	25.63256161	TRUE	0.002107906
Cal_Batch14_518	705	0.111420193	0.000378513	0.000997124	TRUE	0.48012497	TRUE	0.544551022	TRUE	0.465885265	TRUE	0.110851341	TRUE	0.182074642	TRUE	20.98316889	TRUE	0.00247846
Cal_Batch4_7003	686	0.111377977	0.00037837	0.000996747	TRUE	0.463000319	TRUE	0.54549628	TRUE	0.362373754	TRUE	0.123689648	TRUE	0.160974641	TRUE	16.26048285	TRUE	0.002489204
Cal_Batch7_8018	704	0.111213879	0.000377812	0.000995277	TRUE	0.502423141	TRUE	0.590733638	TRUE	0.490284857	TRUE	0.057641325	TRUE	0.136112025	TRUE	18.51234004	TRUE	0.001752084
Cal_Batch20_1263	624	0.111172132	0.00037767	0.000994903	TRUE	0.646307943	TRUE	0.599807813	TRUE	0.588984844	TRUE	0.092173969	TRUE	0.176958598	TRUE	38.67667044	TRUE	0.001981614
Cal_Batch23_9264	652	0.109383546	0.000371594	0.000978897	TRUE	0.541179718	TRUE	0.579107273	TRUE	0.404631858	TRUE	0.117077206	TRUE	0.171961833	TRUE	27.04841094	TRUE	0.00234298
Cal_Batch20_1400	714	0.109087355	0.000370588	0.000976247	TRUE	0.464791391	TRUE	0.461846106	TRUE	0.352829877	TRUE	0.075852075	TRUE	0.175699277	TRUE	24.59264305	TRUE	0.002290026
Cal_Batch26_554	651	0.109059157	0.000370492	0.000975994	TRUE	0.484757018	TRUE	0.388140018	TRUE	0.371306309	TRUE	0.08100426	TRUE	0.188892028	TRUE	46.8799639	TRUE	0.002606678
Cal_Batch6_8752	674	0.108930292	0.000370054	0.00097484	TRUE	0.440180206	TRUE	0.44816819	TRUE	0.457142224	TRUE	0.049302965	TRUE	0.104569937	TRUE	18.13499831	TRUE	0.001852116
Cal_Batch20_4320	692	0.108882889	0.000369893	0.000974416	TRUE	0.463471074	TRUE	0.54414399	TRUE	0.524804989	TRUE	0.021475146	TRUE	0.090322832	TRUE	15.11044974	TRUE	0.001552351
Cal_Batch19_1493	676	0.108877289	0.000369874	0.000974366	TRUE	0.55381336	TRUE	0.535693953	TRUE	0.522649152	TRUE	0.042451307	TRUE	0.11013465	TRUE	25.5726123	TRUE	0.001673542
Cal_Batch5_9867	686	0.108710873	0.000369309	0.000972878	TRUE	0.428757694	TRUE	0.52342785	TRUE	0.375053867	TRUE	0.112917804	TRUE	0.153037302	TRUE	18.0852459	TRUE	0.002601524
Cal_Batch17_8736	664	0.108703487	0.000369284	0.000972812	TRUE	0.505040199	TRUE	0.467932354	TRUE	0.502068715	TRUE	0.120899246	TRUE	0.184480021	TRUE	26.80009775	TRUE	0.002566654
Cal_Batch12_3439	672	0.108671336	0.000369175	0.000972525	TRUE	0.563876442	TRUE	0.499936408	TRUE	0.463241081	TRUE	0.051582071	TRUE	0.142829478	TRUE	35.9124928	TRUE	0.001848735
Cal_Batch7_5454	729	0.107458932	0.000365056	0.000961674	TRUE	0.502371142	TRUE	0.444019685	TRUE	0.441782745	TRUE	0.10422752	TRUE	0.125981477	TRUE	26.79291045	TRUE	0.002480974
Cal_Batch10_3223	696	0.106817817	0.000362878	0.000955936	TRUE	0.453401243	TRUE	0.565960585	TRUE	0.35285583	TRUE	0.118168264	TRUE	0.138950495	TRUE	17.36363636	TRUE	0.002238496
Cal_Batch2_1958	680	0.106810084	0.000362852	0.000955868	TRUE	0.415995882	TRUE	0.515780869	TRUE	0.324318801	TRUE	0.121065788	TRUE	0.186090145	TRUE	17.14775281	TRUE	0.002533806
Cal_Batch24_3557	660	0.106742925	0.000362624	0.000955267	TRUE	0.437124867	TRUE	0.545342991	TRUE	0.42280164	TRUE	0.084019057	TRUE	0.150193424	TRUE	16.74217717	TRUE	0.002358108
Cal_Batch9_5442	689	0.106659564	0.00036234	0.000954519	TRUE	0.458401149	TRUE	0.494756645	TRUE	0.481924127	TRUE	0.131466745	TRUE	0.18711497	TRUE	17.73681193	TRUE	0.00258716
Cal_Batch20_4603	617	0.106491901	0.000361771	0.00095302	TRUE	0.570584171	TRUE	0.639421159	TRUE	0.533623059	TRUE	0.061528707	TRUE	0.125685369	TRUE	24.78148148	TRUE	0.001857809
Cal_Batch5_6549	656	0.106351607	0.000361294	0.000951764	TRUE	0.519741713	TRUE	0.571899806	TRUE	0.388801692	TRUE	0.105055831	TRUE	0.17926349	TRUE	24.91070548	TRUE	0.00239945
Cal_Batch19_7762	643	0.10624094	0.000360918	0.000950773	TRUE	0.554909149	TRUE	0.631778559	TRUE	0.57232319	TRUE	0.07135243	TRUE	0.141202563	TRUE	23.44188281	TRUE	0.001859633
Cal_Batch5_127	686	0.105800739	0.000359423	0.000946835	TRUE	0.513104765	TRUE	0.46595752	TRUE	0.330148808	TRUE	0.097766928	TRUE	0.157387826	TRUE	33.88839286	TRUE	0.00240322
Cal_Batch16_3760	703	0.105097719	0.000357035	0.000940544	TRUE	0.598206124	TRUE	0.538700587	TRUE	0.462074725	TRUE	0.048657207	TRUE	0.0806163	TRUE	31.55578512	TRUE	0.001736891
Cal_Batch2_4041	621	0.104800713	0.000356026	0.000937886	TRUE	0.529609092	TRUE	0.623977565	TRUE	0.563590929	TRUE	0.097610458	TRUE	0.18410118	TRUE	16.04059652	TRUE	0.001985219
Cal_Batch17_2118	688	0.104441146	0.000354804	0.000934667	TRUE	0.562570281	TRUE	0.404184009	TRUE	0.31699804	TRUE	0.077595885	TRUE	0.19026228	TRUE	54.44487805	TRUE	0.00262772
Cal_Batch17_6126	698	0.104277686	0.000354249	0.000933205	TRUE	0.574201628	TRUE	0.494736842	TRUE	0.367080855	TRUE	0.104943946	TRUE	0.130580022	TRUE	36.48630784	TRUE	0.002233601
Cal_Batch21_049	755	0.103788592	0.000352587	0.000928827	TRUE	0.483511736	TRUE	0.562211381	TRUE	0.40923658	TRUE	0.092366861	TRUE	0.184253772	TRUE	18.08067324	TRUE	0.002388891
Cal_Batch23_500	633	0.103539491	0.000351741	0.000926598	TRUE	0.497026294	TRUE	0.611866349	TRUE	0.544368689	TRUE	0.054544562	TRUE	0.124848125	TRUE	16.46350593	TRUE	0.001897181
Cal_Batch4_8403	688	0.103387059	0.000351223	0.000925233	TRUE	0.612595559	TRUE	0.534199375	TRUE	0.374267917	TRUE	0.106413894	TRUE	0.171751531	TRUE	48.70140105	TRUE	0.002412777
Cal_Batch7_3815	648	0.102961385	0.000349777	0.000921424	TRUE	0.565217391	TRUE	0.556708529	TRUE	0.542651723	TRUE	0.074746517	TRUE	0.144556847	TRUE	26.33479404	TRUE	0.001862031
Cal_Batch3_4814	648	0.102466107	0.000348095	0.000916993	TRUE	0.589334152	TRUE	0.470989884	TRUE	0.43345139	TRUE	0.029980396	TRUE	0.138881344	TRUE	44.81547988	TRUE	0.001821004
Cal_Batch2_9661	642	0.102034026	0.000346627	0.000913126	TRUE	0.608403955	TRUE	0.521532596	TRUE	0.468881418	TRUE	0.03230154	TRUE	0.093669861	TRUE	48.79476292	TRUE	0.002013068
Cal_Batch23_654	685	0.10197971	0.000346442	0.000912639	TRUE	0.608164725	TRUE	0.509111369	TRUE	0.400050125	TRUE	0.130570648	TRUE	0.156016341	TRUE	48.84658385	TRUE	0.002224494
Cal_Batch17_7005	674	0.101760242	0.000345697	0.000910676	TRUE	0.588020675	TRUE	0.635500124	TRUE	0.537545325	TRUE	0.077167688	TRUE	0.162859562	TRUE	27.40328467	TRUE	0.002094906
Cal_Batch15_6495	663	0.101077578	0.000343378	0.000904567	TRUE	0.609845644	TRUE	0.601044119	TRUE	0.612080635	TRUE	0.062289537	TRUE	0.159876884	TRUE	21.8890483	TRUE	0.001792919
Cal_Batch23_3465	661	0.100802163	0.000342442	0.000902101	TRUE	0.58523821	TRUE	0.566459257	TRUE	0.518225701	TRUE	0.063945746	TRUE	0.154157512	TRUE	32.48730964	TRUE	0.001770664
Cal_Batch6_3258	688	0.100734171	0.000342211	0.000901493	TRUE	0.487796343	TRUE	0.479941022	TRUE	0.517027148	TRUE	0.10903742	TRUE	0.191053175	TRUE	20.3306962	TRUE	0.002526868
Cal_Batch7_1003	638	0.10064906	0.000341922	0.000900732	TRUE	0.536007261	TRUE	0.527024162	TRUE	0.36308763	TRUE	0.098346972	TRUE	0.169143712	TRUE	31.5352349	TRUE	0.002466555
Cal_Batch24_6600	676	0.100627994	0.00034185	0.000900542	TRUE	0.617947179	TRUE	0.58217302	TRUE	0.526776319	TRUE	0.123932287	TRUE	0.18992456	TRUE	37.49939247	TRUE	0.00247461
Cal_Batch13_1720	662	0.100512453	0.000341458	0.000899509	TRUE	0.410529381	TRUE	0.521037193	TRUE	0.420749413	TRUE	0.079717985	TRUE	0.146387779	TRUE	17.10089599	TRUE	0.002133842
Cal_Batch13_5722	614	0.10043976	0.000341211	0.000898859	TRUE	0.646377651	TRUE	0.637715301	TRUE	0.633635188	TRUE	0.107251487	TRUE	0.188956522	TRUE	29.62259194	TRUE	0.002085618
Cal_Batch3_6936	674	0.100111475	0.000340095	0.000895919	TRUE	0.479287905	TRUE	0.443693859	TRUE	0.347735104	TRUE	0.040495848	TRUE	0.172098625	TRUE	27.86366758	TRUE	0.002115589
Cal_Batch22_3599	657	0.099980198	0.00033965	0.000894746	TRUE	0.467805705	TRUE	0.587868589	TRUE	0.549197265	TRUE	0.036731594	TRUE	0.093387874	TRUE	15.53325817	TRUE	0.00153505
Cal_Batch16_1314	646	0.09993317	0.00033949	0.000894325	TRUE	0.490320358	TRUE	0.517480135	TRUE	0.527378369	TRUE	0.075717764	TRUE	0.179065192	TRUE	15.66639209	TRUE	0.001928297
Cal_Batch11_3290	632	0.099570728	0.000338258	0.000891079	TRUE	0.490432536	TRUE	0.634053192	TRUE	0.477765103	TRUE	0.090790794	TRUE	0.181101294	TRUE	16.84007421	TRUE	0.002199909
Cal_Batch14_3992	714	0.099004011	0.000336333	0.000886008	TRUE	0.554746996	TRUE	0.517526971	TRUE	0.430528669	TRUE	0.049170556	TRUE	0.108374571	TRUE	33.65295316	TRUE	0.001808095
Cal_Batch22_5038	664	0.098706151	0.000335321	0.000883342	TRUE	0.459555597	TRUE	0.487603962	TRUE	0.493736963	TRUE	0.067696138	TRUE	0.157574766	TRUE	17.76888889	TRUE	0.001917308
Cal_Batch17_716	660	0.09779163	0.000332215	0.00087516	TRUE	0.608495575	TRUE	0.493302551	TRUE	0.557115701	TRUE	0.066511218	TRUE	0.170746872	TRUE	49.14469178	TRUE	0.001904781
Cal_Batch19_3947	676	0.097729381	0.000332003	0.000874602	TRUE	0.490783934	TRUE	0.505431645	TRUE	0.454463153	TRUE	0.079402883	TRUE	0.17510946	TRUE	23.08447802	TRUE	0.002212044
Cal_Batch26_560	643	0.097717965	0.000331964	0.000874499	TRUE	0.486410096	TRUE	0.62150118	TRUE	0.540058612	TRUE	0.097981257	TRUE	0.17596068	TRUE	17.16936439	TRUE	0.002173213
Cal_Batch5_4319	748	0.097292089	0.000330518	0.00087069	TRUE	0.627179487	TRUE	0.460815991	TRUE	0.307574208	TRUE	0.067831641	TRUE	0.155760135	TRUE	62.26947041	TRUE	0.002092102
Cal_Batch1_3188	725	0.097180395	0.000330138	0.000869689	TRUE	0.505970214	TRUE	0.604498194	TRUE	0.355262775	TRUE	0.112995794	TRUE	0.156786817	TRUE	18.78980557	TRUE	0.002194522
Cal_Batch15_1397	684	0.096964638	0.000329405	0.000867758	TRUE	0.564638099	TRUE	0.618012856	TRUE	0.369841173	TRUE	0.128504657	TRUE	0.195157816	TRUE	29.02829162	TRUE	0.002480173
Cal_Batch19_7143	745	0.09656029	0.000328032	0.000864141	TRUE	0.605991441	TRUE	0.391215014	TRUE	0.356854959	TRUE	0.100168102	TRUE	0.122667574	TRUE	68.38349097	TRUE	0.002314054
Cal_Batch17_8018	652	0.096047522	0.00032629	0.000859552	TRUE	0.558855261	TRUE	0.618766154	TRUE	0.614079103	TRUE	0.058104289	TRUE	0.179164132	TRUE	16.39439508	TRUE	0.001673714
Cal_Batch26_4839	745	0.095913768	0.000325835	0.000858353	TRUE	0.47045614	TRUE	0.472472481	TRUE	0.380690199	TRUE	0.086598138	TRUE	0.202576373	TRUE	21.59899047	TRUE	0.002548331
Cal_Batch8_2425	757	0.095769292	0.000325344	0.00085706	TRUE	0.50242802	TRUE	0.371456989	TRUE	0.417328356	TRUE	0.110448674	TRUE	0.158827947	TRUE	41.97094096	TRUE	0.002524025
Cal_Batch22_2946	697	0.09476957	0.000321948	0.000848114	TRUE	0.426636569	TRUE	0.519236874	TRUE	0.374367371	TRUE	0.106780805	TRUE	0.177644636	TRUE	17.16475584	TRUE	0.002358874
Cal_Batch25_7999	665	0.093714857	0.000318365	0.000838675	TRUE	0.575373432	TRUE	0.622691717	TRUE	0.528120881	TRUE	0.081829257	TRUE	0.108202143	TRUE	25.08507223	TRUE	0.001885101
Cal_Batch16_043	645	0.093541191	0.000317775	0.000837121	TRUE	0.593188089	TRUE	0.583429645	TRUE	0.498091575	TRUE	0.0847066	TRUE	0.157646897	TRUE	28.94851259	TRUE	0.001887942
Cal_Batch25_565	726	0.093507885	0.000317662	0.000836823	TRUE	0.620770762	TRUE	0.46865718	TRUE	0.509140117	TRUE	0.049378	TRUE	0.106324004	TRUE	34.27673649	TRUE	0.001872853
Cal_Batch23_5780	714	0.093012039	0.000315978	0.000832387	TRUE	0.445987524	TRUE	0.548092144	TRUE	0.430075469	TRUE	0.07817361	TRUE	0.154842352	TRUE	17.9385399	TRUE	0.002404544
Cal_Batch5_2747	695	0.09289442	0.000315578	0.000831333	TRUE	0.601145827	TRUE	0.562666023	TRUE	0.444934382	TRUE	0.047332926	TRUE	0.104075579	TRUE	31.78943612	TRUE	0.001726978
Cal_Batch7_2537	652	0.092499579	0.000314237	0.0008278	TRUE	0.418290691	TRUE	0.496084945	TRUE	0.461167169	TRUE	0.069613313	TRUE	0.226014411	TRUE	15.32234273	TRUE	0.0024255
Cal_Batch17_4536	664	0.09241917	0.000313963	0.000827079	TRUE	0.495137405	TRUE	0.617717555	TRUE	0.509259174	TRUE	0.047250188	TRUE	0.128448814	TRUE	16.28236854	TRUE	0.001619493
Cal_Batch11_1205	654	0.091676672	0.000311441	0.000820435	TRUE	0.628652887	TRUE	0.632670734	TRUE	0.459168773	TRUE	0.074046455	TRUE	0.148361866	TRUE	32.18832891	TRUE	0.001782096
Cal_Batch1_8099	681	0.091451735	0.000310677	0.000818422	TRUE	0.527268751	TRUE	0.561227701	TRUE	0.441779912	TRUE	0.079328789	TRUE	0.157048315	TRUE	21.66508689	TRUE	0.002011791
Cal_Batch17_1704	674	0.090845108	0.000308616	0.000812993	TRUE	0.483983849	TRUE	0.505300001	TRUE	0.521617226	TRUE	0.032403893	TRUE	0.133320628	TRUE	17.47574386	TRUE	0.001899009
Cal_Batch12_3135	693	0.090639197	0.000307917	0.000811152	TRUE	0.54697124	TRUE	0.499191971	TRUE	0.445798138	TRUE	0.063298253	TRUE	0.113031594	TRUE	28.60770578	TRUE	0.001945558
Cal_Batch4_2494	624	0.089897807	0.000305398	0.000804516	TRUE	0.596371286	TRUE	0.511559238	TRUE	0.548712485	TRUE	0.051563111	TRUE	0.168742352	TRUE	35.70855333	TRUE	0.002073604
Cal_Batch21_8647	653	0.089746038	0.000304882	0.000803156	TRUE	0.489707663	TRUE	0.571846347	TRUE	0.421466626	TRUE	0.137618482	TRUE	0.18171715	TRUE	21.75858481	TRUE	0.002606272
Cal_Batch4_4241	704	0.089555789	0.000304236	0.000801455	TRUE	0.48304231	TRUE	0.440924933	TRUE	0.469679042	TRUE	0.065133079	TRUE	0.170249791	TRUE	25.49460189	TRUE	0.002124005
Cal_Batch12_1120	643	0.089139075	0.00030282	0.000797724	TRUE	0.49640672	TRUE	0.589833006	TRUE	0.46650466	TRUE	0.087637496	TRUE	0.1347698	TRUE	20.49446064	TRUE	0.0019174
Cal_Batch9_7776	657	0.088900351	0.000302009	0.000795588	TRUE	0.576662966	TRUE	0.607525894	TRUE	0.432081287	TRUE	0.153663221	TRUE	0.177156555	TRUE	32.25550122	TRUE	0.002737421
Cal_Batch14_1415	797	0.088809074	0.000301699	0.000794771	TRUE	0.469029098	TRUE	0.523785048	TRUE	0.320838305	TRUE	0.10050835	TRUE	0.159792275	TRUE	17.62764909	TRUE	0.002355243
Cal_Batch16_6701	754	0.088660656	0.000301195	0.000793444	TRUE	0.512674327	TRUE	0.461060959	TRUE	0.32091215	TRUE	0.123806933	TRUE	0.178192665	TRUE	29.17466478	TRUE	0.002718672
Cal_Batch7_1501	722	0.088405974	0.00030033	0.000791165	TRUE	0.38464569	TRUE	0.462277468	TRUE	0.372631098	TRUE	0.088535386	TRUE	0.18527994	TRUE	17.14200063	TRUE	0.002611843
Cal_Batch12_5707	633	0.087763156	0.000298146	0.000785412	TRUE	0.627354839	TRUE	0.641054971	TRUE	0.487345361	TRUE	0.109848739	TRUE	0.149679447	TRUE	35.57277734	TRUE	0.002192283
Cal_Batch10_6264	716	0.087673444	0.000297841	0.000784608	TRUE	0.508656926	TRUE	0.526356656	TRUE	0.411898439	TRUE	0.119847923	TRUE	0.163559099	TRUE	23.46342926	TRUE	0.002589092
Cal_Batch17_2736	683	0.087458027	0.00029711	0.000782683	TRUE	0.517711838	TRUE	0.576554711	TRUE	0.452351553	TRUE	0.073474203	TRUE	0.172883946	TRUE	24.94065934	TRUE	0.002275222
Cal_Batch14_6736	646	0.087405673	0.000296932	0.000782214	TRUE	0.55966119	TRUE	0.600023055	TRUE	0.56612128	TRUE	0.088012588	TRUE	0.178688472	TRUE	19.79657534	TRUE	0.001879272
Cal_Batch12_8545	648	0.086868335	0.000295106	0.000777403	TRUE	0.643804298	TRUE	0.620130349	TRUE	0.504849483	TRUE	0.036329072	TRUE	0.081934004	TRUE	52.48410175	TRUE	0.001612241
Cal_Batch26_7542	674	0.086855163	0.000295062	0.000777287	TRUE	0.581608117	TRUE	0.502005704	TRUE	0.518737697	TRUE	0.078563385	TRUE	0.128992164	TRUE	33.82957746	TRUE	0.002200647
Cal_Batch10_6620	672	0.0864431	0.000293662	0.000773599	TRUE	0.481787619	TRUE	0.505670486	TRUE	0.303300852	TRUE	0.118987004	TRUE	0.159257485	TRUE	22.35077578	TRUE	0.00223046
Cal_Batch15_9543	672	0.086399182	0.000293513	0.000773207	TRUE	0.632566372	TRUE	0.562937348	TRUE	0.338710485	TRUE	0.136641732	TRUE	0.171303954	TRUE	50.32690247	TRUE	0.002717687
Cal_Batch1_8103	661	0.086128737	0.000292594	0.000770786	TRUE	0.516858068	TRUE	0.466106347	TRUE	0.462331024	TRUE	0.090238165	TRUE	0.178066702	TRUE	32.58544163	TRUE	0.002436338
Cal_Batch17_827	635	0.084498073	0.000287054	0.000756192	TRUE	0.618837697	TRUE	0.575521604	TRUE	0.59168407	TRUE	0.058957668	TRUE	0.201780461	TRUE	28.24301494	TRUE	0.001979978
Cal_Batch25_3791	626	0.084431088	0.000286827	0.000755594	TRUE	0.565890863	TRUE	0.54474622	TRUE	0.517688717	TRUE	0.034334301	TRUE	0.119457867	TRUE	28.27349624	TRUE	0.001738074
Cal_Batch8_5646	642	0.084375717	0.000286638	0.000755096	TRUE	0.487746897	TRUE	0.522051579	TRUE	0.485989865	TRUE	0.03321453	TRUE	0.103773829	TRUE	20.34769874	TRUE	0.001633342
Cal_Batch24_3342	667	0.083702122	0.00028435	0.000749069	TRUE	0.592899872	TRUE	0.642469792	TRUE	0.553349159	TRUE	0.078755201	TRUE	0.116622084	TRUE	23.86885946	TRUE	0.001771244
Cal_Batch15_1655	622	0.083562117	0.000283875	0.000747817	TRUE	0.617866832	TRUE	0.627713418	TRUE	0.550233366	TRUE	0.048685667	TRUE	0.128822657	TRUE	37.0626077	TRUE	0.001765977
Cal_Batch16_5039	663	0.08303389	0.00028208	0.000743089	TRUE	0.50355131	TRUE	0.576286897	TRUE	0.481476444	TRUE	0.090984304	TRUE	0.195927303	TRUE	23.49175501	TRUE	0.002332482
Cal_Batch9_3051	713	0.082495944	0.000280253	0.000738276	TRUE	0.428395669	TRUE	0.473540485	TRUE	0.430037201	TRUE	0.127196065	TRUE	0.164931381	TRUE	19.54693676	TRUE	0.002729802
Cal_Batch16_4031	641	0.08237249	0.000279833	0.000737169	TRUE	0.49530098	TRUE	0.514213814	TRUE	0.447960552	TRUE	0.062961687	TRUE	0.164709546	TRUE	26.20750122	TRUE	0.002351897
Cal_Batch26_2208	648	0.082312758	0.00027963	0.000736635	TRUE	0.511023408	TRUE	0.642488447	TRUE	0.511370994	TRUE	0.106661982	TRUE	0.148780389	TRUE	15.85667216	TRUE	0.002010312
Cal_Batch14_5864	739	0.082057762	0.000278764	0.000734353	TRUE	0.527583337	TRUE	0.436112915	TRUE	0.396794666	TRUE	0.081637792	TRUE	0.163229688	TRUE	42.59419431	TRUE	0.002257641
Cal_Batch21_4453	683	0.081908704	0.000278258	0.00073302	TRUE	0.582110052	TRUE	0.594771048	TRUE	0.42582913	TRUE	0.109931443	TRUE	0.152099121	TRUE	34.52886598	TRUE	0.002413456
Cal_Batch15_9810	678	0.081866175	0.000278113	0.000732638	TRUE	0.4669737	TRUE	0.47882673	TRUE	0.359451153	TRUE	0.071273138	TRUE	0.191670292	TRUE	23.34108527	TRUE	0.002509355
Cal_Batch8_9241	679	0.081859731	0.000278091	0.00073258	TRUE	0.637918746	TRUE	0.439768339	TRUE	0.527656051	TRUE	0.066169569	TRUE	0.143443891	TRUE	56.19336219	TRUE	0.001937593
Cal_Batch16_3476	638	0.081460661	0.000276736	0.000729011	TRUE	0.499251372	TRUE	0.515289272	TRUE	0.384924065	TRUE	0.127638439	TRUE	0.187757742	TRUE	31.59466667	TRUE	0.002624522
Cal_Batch26_6673	712	0.08126295	0.000276064	0.000727241	TRUE	0.344625716	TRUE	0.386808376	TRUE	0.40571358	TRUE	0.089043726	TRUE	0.187849863	TRUE	15.83040331	TRUE	0.002645963
Cal_Batch12_6440	637	0.081086967	0.000275466	0.000725665	TRUE	0.507313374	TRUE	0.633242687	TRUE	0.547360956	TRUE	0.074023251	TRUE	0.183848145	TRUE	16.10869565	TRUE	0.002042658
Cal_Batch10_9882	688	0.08058916	0.000273775	0.000721211	TRUE	0.404647134	TRUE	0.383999611	TRUE	0.429493722	TRUE	0.058724507	TRUE	0.180735999	TRUE	18.52325056	TRUE	0.002379053
Cal_Batch16_9410	690	0.080247501	0.000272614	0.000718152	TRUE	0.58217693	TRUE	0.51249756	TRUE	0.35822905	TRUE	0.099353023	TRUE	0.175854853	TRUE	39.18728223	TRUE	0.002511864
Cal_Batch18_3851	633	0.079767415	0.000270983	0.000713856	TRUE	0.49106204	TRUE	0.557549725	TRUE	0.393029129	TRUE	0.120084887	TRUE	0.165590944	TRUE	23.89629338	TRUE	0.002527948
Cal_Batch17_2158	674	0.079476963	0.000269997	0.000711258	TRUE	0.529415236	TRUE	0.490383058	TRUE	0.412750832	TRUE	0.060304167	TRUE	0.153125571	TRUE	38.90283688	TRUE	0.002433634
Cal_Batch7_6420	665	0.079126723	0.000268807	0.000708123	TRUE	0.600473322	TRUE	0.553819184	TRUE	0.335766886	TRUE	0.091483311	TRUE	0.156588397	TRUE	35.92454467	TRUE	0.002073201
Cal_Batch14_7054	665	0.078414155	0.000266386	0.000701746	TRUE	0.614471141	TRUE	0.619174591	TRUE	0.56973265	TRUE	0.061857637	TRUE	0.132898346	TRUE	32.18912134	TRUE	0.001870183
Cal_Batch7_960	666	0.078408122	0.000266366	0.000701693	TRUE	0.431817602	TRUE	0.470168378	TRUE	0.316776737	TRUE	0.109227458	TRUE	0.191432029	TRUE	22.17859327	TRUE	0.002755203
Cal_Batch14_5610	669	0.078266291	0.000265884	0.000700423	TRUE	0.495279328	TRUE	0.548083718	TRUE	0.471043333	TRUE	0.132903069	TRUE	0.177438202	TRUE	20.8654934	TRUE	0.002661916
Cal_Batch24_2910	669	0.077386218	0.000262894	0.000692547	TRUE	0.552417401	TRUE	0.404611072	TRUE	0.304920014	TRUE	0.087307436	TRUE	0.118371972	TRUE	52.5648855	TRUE	0.002209758
Cal_Batch6_750	746	0.077041213	0.000261722	0.000689459	TRUE	0.458540763	TRUE	0.586928455	TRUE	0.423230596	TRUE	0.131845773	TRUE	0.189180298	TRUE	18.57983193	TRUE	0.00258386
Cal_Batch10_8006	709	0.076769944	0.0002608	0.00068703	TRUE	0.445494779	TRUE	0.449995825	TRUE	0.416874872	TRUE	0.07966179	TRUE	0.205134361	TRUE	24.04248705	TRUE	0.002616774
Cal_Batch28_2736	728	0.076565033	0.000260104	0.000685197	TRUE	0.469901341	TRUE	0.452540544	TRUE	0.497671213	TRUE	0.08388027	TRUE	0.18158588	TRUE	17.33626679	TRUE	0.002229324
Cal_Batch4_939	647	0.076266365	0.00025909	0.000682526	TRUE	0.533635845	TRUE	0.640861432	TRUE	0.567347209	TRUE	0.047660918	TRUE	0.173307553	TRUE	16.37164179	TRUE	0.001606637
Cal_Batch5_3773	664	0.076056773	0.000258378	0.00068065	TRUE	0.436283555	TRUE	0.54005386	TRUE	0.513346659	TRUE	0.088038641	TRUE	0.21634075	TRUE	15.270193	TRUE	0.002365435
Cal_Batch23_9457	635	0.075672933	0.000257074	0.000677215	TRUE	0.538347248	TRUE	0.569817551	TRUE	0.600807123	TRUE	0.132644604	TRUE	0.16988376	TRUE	17.63441781	TRUE	0.002413644
Cal_Batch26_5483	752	0.075569831	0.000256723	0.00067629	TRUE	0.40819066	TRUE	0.438775056	TRUE	0.3818498	TRUE	0.12412571	TRUE	0.172568212	TRUE	19.61065698	TRUE	0.002794466
Cal_Batch26_8879	684	0.075320891	0.000255878	0.000674064	TRUE	0.521298459	TRUE	0.516749474	TRUE	0.309074371	TRUE	0.13481693	TRUE	0.167885413	TRUE	26.8767507	TRUE	0.002476274
Cal_Batch3_3132	826	0.075232105	0.000255576	0.000673269	TRUE	0.511027779	TRUE	0.468748385	TRUE	0.439745701	TRUE	0.037740524	TRUE	0.122104538	TRUE	23.96486004	TRUE	0.002118022
Cal_Batch7_4540	657	0.075197712	0.000255459	0.00067296	TRUE	0.577581895	TRUE	0.589516775	TRUE	0.604139042	TRUE	0.077376835	TRUE	0.163827614	TRUE	21.7063253	TRUE	0.001883154
Cal_Batch11_3014	637	0.074444949	0.000252902	0.000666225	TRUE	0.64976785	TRUE	0.556024109	TRUE	0.501053902	TRUE	0.079649259	TRUE	0.130086086	TRUE	50.93920973	TRUE	0.001820931
Cal_Batch10_8498	648	0.074328585	0.000252507	0.000665184	TRUE	0.629503449	TRUE	0.571924676	TRUE	0.402949386	TRUE	0.072703608	TRUE	0.119099295	TRUE	50.69175258	TRUE	0.001963093
Cal_Batch8_2030	676	0.073610443	0.000250067	0.000658756	TRUE	0.538336052	TRUE	0.583715481	TRUE	0.569224594	TRUE	0.091268947	TRUE	0.121822007	TRUE	23.44444444	TRUE	0.002192577
Cal_Batch15_4190	680	0.073274986	0.000248927	0.000655753	TRUE	0.567254626	TRUE	0.501450573	TRUE	0.371874487	TRUE	0.107859185	TRUE	0.133055669	TRUE	37.69747899	TRUE	0.0021782
Cal_Batch15_7500	694	0.073271702	0.000248916	0.000655724	TRUE	0.503088745	TRUE	0.518124088	TRUE	0.46158472	TRUE	0.123469865	TRUE	0.144547476	TRUE	24.8203483	TRUE	0.002523955
Cal_Batch12_5756	694	0.073114772	0.000248383	0.00065432	TRUE	0.519338219	TRUE	0.59083718	TRUE	0.469765632	TRUE	0.058207214	TRUE	0.111612904	TRUE	22.46584939	TRUE	0.001736671
Cal_Batch3_8534	654	0.072960266	0.000247858	0.000652937	TRUE	0.411410253	TRUE	0.517685738	TRUE	0.422558388	TRUE	0.054241092	TRUE	0.166657438	TRUE	17.29261364	TRUE	0.002225971
Cal_Batch7_2452	666	0.072859488	0.000247516	0.000652036	TRUE	0.506718485	TRUE	0.649221246	TRUE	0.541748521	TRUE	0.091476013	TRUE	0.212020915	TRUE	16.83490801	TRUE	0.002192929
Cal_Batch11_9931	772	0.072671588	0.000246878	0.000650355	TRUE	0.409188096	TRUE	0.46296315	TRUE	0.419587953	TRUE	0.080338636	TRUE	0.128635258	TRUE	16.84674064	TRUE	0.002298246
Cal_Batch22_8535	630	0.07254126	0.000246435	0.000649188	TRUE	0.598312546	TRUE	0.63262225	TRUE	0.597396036	TRUE	0.058567468	TRUE	0.183448721	TRUE	22.73181593	TRUE	0.001700416
Cal_Batch21_3305	701	0.072381401	0.000245892	0.000647758	TRUE	0.447433854	TRUE	0.463357132	TRUE	0.47011339	TRUE	0.074352407	TRUE	0.190699184	TRUE	17.74116743	TRUE	0.00222124
Cal_Batch25_434	725	0.072371907	0.00024586	0.000647674	TRUE	0.414518008	TRUE	0.507272564	TRUE	0.355423728	TRUE	0.113728219	TRUE	0.168700973	TRUE	16.70072993	TRUE	0.002505409
Cal_Batch9_9204	630	0.072288328	0.000245576	0.000646926	TRUE	0.576239265	TRUE	0.400357899	TRUE	0.310850975	TRUE	0.11406006	TRUE	0.180320059	TRUE	61.25181818	TRUE	0.002823047
Cal_Batch10_9030	675	0.072119982	0.000245004	0.000645419	TRUE	0.478345653	TRUE	0.513013293	TRUE	0.49523801	TRUE	0.104827375	TRUE	0.139584453	TRUE	18.74181223	TRUE	0.002168758
Cal_Batch12_5219	645	0.071971516	0.000244499	0.000644088	TRUE	0.584985726	TRUE	0.593714988	TRUE	0.561693912	TRUE	0.07103617	TRUE	0.13433558	TRUE	28.66947566	TRUE	0.002043581
Cal_Batch3_2147	631	0.071792244	0.00024389	0.000642484	TRUE	0.571663846	TRUE	0.528310312	TRUE	0.41156393	TRUE	0.045649878	TRUE	0.146514767	TRUE	40.1192457	TRUE	0.001823481
Cal_Batch3_1745	636	0.070800663	0.000240522	0.000633612	TRUE	0.529031398	TRUE	0.534668807	TRUE	0.535219169	TRUE	0.050789444	TRUE	0.11537068	TRUE	24.25645161	TRUE	0.001754448
Cal_Batch18_9553	656	0.070559622	0.000239703	0.000631454	TRUE	0.599438396	TRUE	0.585379237	TRUE	0.585267898	TRUE	0.04872959	TRUE	0.112657694	TRUE	26.96971496	TRUE	0.001580735
Cal_Batch21_5248	621	0.07038885	0.000239123	0.000629926	TRUE	0.550191365	TRUE	0.623681691	TRUE	0.506381798	TRUE	0.05674686	TRUE	0.099201041	TRUE	24.70633631	TRUE	0.001630114
Cal_Batch22_2706	628	0.06983263	0.000237233	0.000624947	TRUE	0.585920578	TRUE	0.579207134	TRUE	0.510876154	TRUE	0.11624061	TRUE	0.190107972	TRUE	40.55856643	TRUE	0.002502631
Cal_Batch18_4033	662	0.069695184	0.000236766	0.000623717	TRUE	0.490368971	TRUE	0.521597737	TRUE	0.533238756	TRUE	0.051523002	TRUE	0.166405285	TRUE	18.06362205	TRUE	0.002053096
Cal_Batch26_7204	649	0.069489405	0.000236067	0.000621876	TRUE	0.581685657	TRUE	0.63333679	TRUE	0.435829688	TRUE	0.086791747	TRUE	0.120681438	TRUE	28.48524924	TRUE	0.001841786
Cal_Batch21_6299	673	0.068688002	0.000233345	0.000614705	TRUE	0.617038522	TRUE	0.560530131	TRUE	0.429016273	TRUE	0.104989185	TRUE	0.131145574	TRUE	36.74176955	TRUE	0.00214015
Cal_Batch16_1445	682	0.068631834	0.000233154	0.000614202	TRUE	0.465518196	TRUE	0.489018892	TRUE	0.493510974	TRUE	0.094070615	TRUE	0.185449845	TRUE	17.27139037	TRUE	0.00217716
Cal_Batch7_5154	642	0.068270893	0.000231928	0.000610972	TRUE	0.487877441	TRUE	0.631403356	TRUE	0.38717944	TRUE	0.116181402	TRUE	0.212732926	TRUE	16.76552859	TRUE	0.002383453
Cal_Batch9_5452	727	0.067916282	0.000230723	0.000607798	TRUE	0.504097702	TRUE	0.49199909	TRUE	0.479781967	TRUE	0.148097784	TRUE	0.177672961	TRUE	23.19423077	TRUE	0.002809451
Cal_Batch10_7326	686	0.067849437	0.000230496	0.0006072	TRUE	0.495018635	TRUE	0.537368569	TRUE	0.468838549	TRUE	0.0779815	TRUE	0.185222947	TRUE	24.58858859	TRUE	0.002411094
Cal_Batch14_8195	671	0.067199668	0.000228289	0.000601386	TRUE	0.601049869	TRUE	0.62510292	TRUE	0.523206102	TRUE	0.07288342	TRUE	0.135138659	TRUE	35.13287586	TRUE	0.001659869
Cal_Batch1_8431	644	0.066210145	0.000224927	0.000592529	TRUE	0.465203995	TRUE	0.642532683	TRUE	0.428577216	TRUE	0.120365021	TRUE	0.207813654	TRUE	16.56230032	TRUE	0.002425776
Cal_Batch24_9692	634	0.066147231	0.000224713	0.000591966	TRUE	0.522101326	TRUE	0.585297919	TRUE	0.575853798	TRUE	0.053040522	TRUE	0.113365366	TRUE	22.12857143	TRUE	0.001714047
Cal_Batch3_718	665	0.065668761	0.000223088	0.000587685	TRUE	0.502130143	TRUE	0.482775445	TRUE	0.317463484	TRUE	0.099016855	TRUE	0.167891782	TRUE	27.70671378	TRUE	0.002362745
Cal_Batch4_9381	655	0.06547193	0.000222419	0.000585923	TRUE	0.508262075	TRUE	0.620279406	TRUE	0.595667221	TRUE	0.070850127	TRUE	0.173589013	TRUE	17.02900552	TRUE	0.00166248
Cal_Batch12_8966	706	0.065404934	0.000222192	0.000585325	TRUE	0.45714485	TRUE	0.50896925	TRUE	0.424962236	TRUE	0.104565729	TRUE	0.161556014	TRUE	17.434089	TRUE	0.002337253
Cal_Batch2_981	625	0.06531454	0.000221884	0.000584513	TRUE	0.506728921	TRUE	0.641210715	TRUE	0.544105256	TRUE	0.058905336	TRUE	0.125065458	TRUE	17.04814004	TRUE	0.001591403
Cal_Batch21_9797	743	0.065037103	0.000220942	0.000582032	TRUE	0.481362937	TRUE	0.514992893	TRUE	0.49798462	TRUE	0.070951457	TRUE	0.1684827	TRUE	16.99854227	TRUE	0.002012091
Cal_Batch2_9109	661	0.064658713	0.000219657	0.000578647	TRUE	0.499578209	TRUE	0.454401314	TRUE	0.525147127	TRUE	0.127910758	TRUE	0.18092832	TRUE	24.1126535	TRUE	0.002693205
Cal_Batch8_7664	650	0.064600491	0.000219459	0.000578125	TRUE	0.597521368	TRUE	0.553202385	TRUE	0.303518543	TRUE	0.159084716	TRUE	0.198060651	TRUE	37.31747673	TRUE	0.002712707
Cal_Batch4_7326	732	0.064491773	0.000219089	0.00057715	TRUE	0.409263227	TRUE	0.448411951	TRUE	0.397037338	TRUE	0.085704117	TRUE	0.131500575	TRUE	18.40023706	TRUE	0.002571588
Cal_Batch17_075	620	0.064460564	0.000218983	0.000576871	TRUE	0.583328533	TRUE	0.613648262	TRUE	0.584025149	TRUE	0.033676429	TRUE	0.152024727	TRUE	19.74090752	TRUE	0.001558043
Cal_Batch11_4746	755	0.064346271	0.000218595	0.000575849	TRUE	0.399724311	TRUE	0.444752259	TRUE	0.325020589	TRUE	0.080040084	TRUE	0.152151992	TRUE	17.59308271	TRUE	0.002328563
Cal_Batch6_6705	667	0.06422712	0.00021819	0.000574782	TRUE	0.520722496	TRUE	0.61943968	TRUE	0.533688866	TRUE	0.123357878	TRUE	0.215073722	TRUE	22.13232964	TRUE	0.002412265
Cal_Batch20_6312	697	0.064082867	0.0002177	0.000573491	TRUE	0.56636752	TRUE	0.6202662	TRUE	0.499207411	TRUE	0.076634036	TRUE	0.193637874	TRUE	26.5436115	TRUE	0.002252959
Cal_Batch12_9068	613	0.064054431	0.000217604	0.000573238	TRUE	0.519814451	TRUE	0.602537291	TRUE	0.539944554	TRUE	0.051335933	TRUE	0.158903877	TRUE	17.3038817	TRUE	0.001773355
Cal_Batch6_3458	625	0.063952101	0.000217256	0.000572322	TRUE	0.514597222	TRUE	0.55702562	TRUE	0.471951635	TRUE	0.087648663	TRUE	0.17633947	TRUE	27.64964371	TRUE	0.002354432
Cal_Batch16_7934	671	0.063950301	0.00021725	0.000572306	TRUE	0.538139764	TRUE	0.576135596	TRUE	0.518712365	TRUE	0.033103994	TRUE	0.108966329	TRUE	19.97512068	TRUE	0.001552932
Cal_Batch10_9042	684	0.063944006	0.000217229	0.00057225	TRUE	0.542278127	TRUE	0.491727996	TRUE	0.365812864	TRUE	0.095682257	TRUE	0.17134644	TRUE	37.1252809	TRUE	0.002566934
Cal_Batch21_5590	754	0.063894214	0.000217059	0.000571803	TRUE	0.408978802	TRUE	0.451953465	TRUE	0.342200629	TRUE	0.105993111	TRUE	0.177123416	TRUE	18.14813419	TRUE	0.002600326
Cal_Batch25_753	715	0.063586388	0.000216014	0.00056905	TRUE	0.403749737	TRUE	0.440299808	TRUE	0.344133602	TRUE	0.087468704	TRUE	0.161557616	TRUE	18.70805879	TRUE	0.002547301
Cal_Batch20_3996	666	0.063504635	0.000215736	0.000568317	TRUE	0.497435897	TRUE	0.598522297	TRUE	0.359502656	TRUE	0.110587145	TRUE	0.207914759	TRUE	21.37541391	TRUE	0.002542211
Cal_Batch21_9723	712	0.063269463	0.000214937	0.000566213	TRUE	0.424674356	TRUE	0.355827905	TRUE	0.466830632	TRUE	0.107011099	TRUE	0.177782139	TRUE	21.54785828	TRUE	0.002525096
Cal_Batch7_5115	652	0.06316524	0.000214583	0.00056528	TRUE	0.644972612	TRUE	0.545670758	TRUE	0.301436327	TRUE	0.125737905	TRUE	0.165277617	TRUE	39.60722348	TRUE	0.002328691
Cal_Batch8_8524	638	0.06295498	0.000213869	0.000563399	TRUE	0.579175357	TRUE	0.600213884	TRUE	0.630762783	TRUE	0.109445234	TRUE	0.183059463	TRUE	20.45117188	TRUE	0.002179585
Cal_Batch8_8112	666	0.062825346	0.000213428	0.000562237	TRUE	0.542052911	TRUE	0.60368633	TRUE	0.532988203	TRUE	0.0379156	TRUE	0.101249421	TRUE	21.25212197	TRUE	0.001457397
Cal_Batch18_5067	684	0.062458134	0.000212181	0.000558952	TRUE	0.486578507	TRUE	0.569710199	TRUE	0.467730989	TRUE	0.055802371	TRUE	0.133432502	TRUE	19.59662633	TRUE	0.001745319
Cal_Batch4_7781	669	0.061817505	0.000210004	0.000553218	TRUE	0.437139049	TRUE	0.457456727	TRUE	0.453755479	TRUE	0.060886878	TRUE	0.190828094	TRUE	18.80747126	TRUE	0.002414942
Cal_Batch25_3248	658	0.061432467	0.000208696	0.000549772	TRUE	0.465329992	TRUE	0.556030045	TRUE	0.389905332	TRUE	0.126123664	TRUE	0.172559443	TRUE	21.17831754	TRUE	0.002595584
Cal_Batch22_9478	717	0.061068717	0.000207461	0.000546518	TRUE	0.628507127	TRUE	0.513314997	TRUE	0.618453106	TRUE	0.105198582	TRUE	0.156806918	TRUE	31.85104451	TRUE	0.002026427
Cal_Batch21_5842	774	0.059842855	0.000203296	0.000535547	TRUE	0.470856361	TRUE	0.422068233	TRUE	0.359168383	TRUE	0.028766032	TRUE	0.110764032	TRUE	28.13328776	TRUE	0.00196257
Cal_Batch3_8593	780	0.059475239	0.000202047	0.000532256	TRUE	0.398109116	TRUE	0.450463929	TRUE	0.38536082	TRUE	0.053463509	TRUE	0.1248258	TRUE	15.67673805	TRUE	0.002288486
Cal_Batch19_8133	659	0.059228815	0.00020121	0.000530051	TRUE	0.589747892	TRUE	0.550374475	TRUE	0.467475734	TRUE	0.079374208	TRUE	0.12954301	TRUE	32.50913706	TRUE	0.00189823
Cal_Batch8_9018	761	0.059210351	0.000201148	0.000529888	TRUE	0.44376095	TRUE	0.444985414	TRUE	0.356117699	TRUE	0.066901027	TRUE	0.162507276	TRUE	22.12809724	TRUE	0.002442747
Cal_Batch10_8674	625	0.058994679	0.000200415	0.000527957	TRUE	0.607455862	TRUE	0.648571297	TRUE	0.514701273	TRUE	0.08934204	TRUE	0.149591657	TRUE	32.19588415	TRUE	0.002146923
Cal_Batch18_4265	709	0.058741745	0.000199556	0.000525694	TRUE	0.431940335	TRUE	0.447768577	TRUE	0.399865967	TRUE	0.075963767	TRUE	0.096723017	TRUE	19.92903693	TRUE	0.002342713
Cal_Batch19_3007	705	0.058437334	0.000198521	0.000522968	TRUE	0.481404175	TRUE	0.513128786	TRUE	0.454231334	TRUE	0.044856368	TRUE	0.119780267	TRUE	20.07170099	TRUE	0.001859118
Cal_Batch10_4014	631	0.058014798	0.000197086	0.000519187	TRUE	0.563534219	TRUE	0.571578271	TRUE	0.570607745	TRUE	0.045261255	TRUE	0.176513574	TRUE	24.86168911	TRUE	0.001886949
Cal_Batch2_2192	754	0.056963373	0.000193514	0.000509778	TRUE	0.486918469	TRUE	0.519110186	TRUE	0.394052342	TRUE	0.146319729	TRUE	0.184698991	TRUE	22.31823287	TRUE	0.002805232
Cal_Batch13_1577	685	0.056419263	0.000191666	0.000504909	TRUE	0.601044669	TRUE	0.543542956	TRUE	0.442263116	TRUE	0.071308174	TRUE	0.138715673	TRUE	49.65072464	TRUE	0.002208713
Cal_Batch19_7783	626	0.056262028	0.000191132	0.000503503	TRUE	0.581111111	TRUE	0.583340562	TRUE	0.56559891	TRUE	0.046874052	TRUE	0.133481437	TRUE	25.90430042	TRUE	0.001686587
Cal_Batch16_789	694	0.056187927	0.00019088	0.000502839	TRUE	0.416154952	TRUE	0.545818588	TRUE	0.476769427	TRUE	0.065312188	TRUE	0.134690972	TRUE	15.10569745	TRUE	0.002157367
Cal_Batch15_304	671	0.055733475	0.000189336	0.000498771	TRUE	0.589694883	TRUE	0.546143758	TRUE	0.405578499	TRUE	0.069360425	TRUE	0.127960495	TRUE	30.673528	TRUE	0.001898107
Cal_Batch10_4201	608	0.055647134	0.000189043	0.000498	TRUE	0.533727476	TRUE	0.587423651	TRUE	0.523251862	TRUE	0.069896852	TRUE	0.101788177	TRUE	24.73219697	TRUE	0.002046138
Cal_Batch10_8619	616	0.055551334	0.000188717	0.000497141	TRUE	0.458423036	TRUE	0.562689472	TRUE	0.504094619	TRUE	0.063234696	TRUE	0.180041184	TRUE	18.77041229	TRUE	0.002126873
Cal_Batch6_6637	631	0.055440036	0.000188339	0.000496145	TRUE	0.634188507	TRUE	0.528159802	TRUE	0.562827828	TRUE	0.041986908	TRUE	0.098503777	TRUE	44.57676349	TRUE	0.001511694
Cal_Batch7_342	694	0.055286322	0.000187817	0.00049477	TRUE	0.545094937	TRUE	0.405606235	TRUE	0.349574045	TRUE	0.075621684	TRUE	0.130262015	TRUE	47.57659208	TRUE	0.002291398
Cal_Batch25_8142	637	0.055066507	0.00018707	0.000492802	TRUE	0.45029496	TRUE	0.58700445	TRUE	0.424818361	TRUE	0.113232861	TRUE	0.180564532	TRUE	15.88230519	TRUE	0.002514464
Cal_Batch9_9180	671	0.054912732	0.000186548	0.000491427	TRUE	0.545292621	TRUE	0.494884903	TRUE	0.48558443	TRUE	0.030962062	TRUE	0.09584525	TRUE	29.42231279	TRUE	0.001540391
Cal_Batch24_3069	631	0.054717448	0.000185884	0.000489678	TRUE	0.61168558	TRUE	0.62993854	TRUE	0.587681078	TRUE	0.030664198	TRUE	0.14612823	TRUE	25.3848637	TRUE	0.001469046
Cal_Batch17_1674	683	0.054690341	0.000185792	0.000489435	TRUE	0.51584312	TRUE	0.542548427	TRUE	0.500792626	TRUE	0.101025455	TRUE	0.145256499	TRUE	22.65810594	TRUE	0.002379831
Cal_Batch16_3127	669	0.05435453	0.000184651	0.00048643	TRUE	0.510962994	TRUE	0.486075405	TRUE	0.394398029	TRUE	0.125438757	TRUE	0.172436821	TRUE	32.41536221	TRUE	0.002628468
Cal_Batch9_2430	625	0.054104996	0.000183804	0.000484198	TRUE	0.589575423	TRUE	0.572350014	TRUE	0.546123643	TRUE	0.077143285	TRUE	0.211151304	TRUE	35.13718663	TRUE	0.002295408
Cal_Batch9_3955	690	0.053847325	0.000182928	0.000481891	TRUE	0.505355321	TRUE	0.41849293	TRUE	0.443780531	TRUE	0.094483882	TRUE	0.122357638	TRUE	30.49180328	TRUE	0.002715111
Cal_Batch11_4172	645	0.053672101	0.000182333	0.000480323	TRUE	0.537388368	TRUE	0.586173479	TRUE	0.571227227	TRUE	0.068369146	TRUE	0.166634661	TRUE	17.67201712	TRUE	0.001917923
Cal_Batch25_1865	640	0.052929632	0.000179811	0.00047368	TRUE	0.524438505	TRUE	0.546968588	TRUE	0.522437877	TRUE	0.088562978	TRUE	0.210263746	TRUE	30.05305367	TRUE	0.002360581
Cal_Batch10_2928	653	0.052695121	0.000179014	0.00047158	TRUE	0.625888803	TRUE	0.627822686	TRUE	0.553648963	TRUE	0.121801316	TRUE	0.161335	TRUE	37.93782383	TRUE	0.002092357
Cal_Batch15_9679	648	0.052685439	0.000178981	0.000471493	TRUE	0.609178917	TRUE	0.611527307	TRUE	0.543363433	TRUE	0.053082851	TRUE	0.139864867	TRUE	28.60386819	TRUE	0.001615508
Cal_Batch5_8166	642	0.052574461	0.000178604	0.0004705	TRUE	0.497398844	TRUE	0.637285926	TRUE	0.524651688	TRUE	0.053097135	TRUE	0.113612918	TRUE	15.3882149	TRUE	0.001618548
Cal_Batch11_7907	633	0.052554699	0.000178537	0.000470323	TRUE	0.539458091	TRUE	0.559177479	TRUE	0.560784543	TRUE	0.041382749	TRUE	0.188468352	TRUE	21.34681333	TRUE	0.002027951
Cal_Batch24_6163	705	0.052458611	0.000178211	0.000469465	TRUE	0.484719655	TRUE	0.538350771	TRUE	0.389618501	TRUE	0.089549013	TRUE	0.157038519	TRUE	18.38154982	TRUE	0.002154807
Cal_Batch6_1814	669	0.052420236	0.00017808	0.00046912	TRUE	0.590836731	TRUE	0.579428336	TRUE	0.576446194	TRUE	0.068657847	TRUE	0.166996537	TRUE	23.50233645	TRUE	0.001679727
Cal_Batch5_845	690	0.051273271	0.000174184	0.000458856	TRUE	0.492041402	TRUE	0.586890634	TRUE	0.465072825	TRUE	0.100277207	TRUE	0.132966962	TRUE	21.07232704	TRUE	0.002539917
Cal_Batch6_3589	710	0.051263314	0.00017415	0.000458767	TRUE	0.384675742	TRUE	0.404296239	TRUE	0.339120312	TRUE	0.08614942	TRUE	0.183338136	TRUE	20.2005663	TRUE	0.002706645
Cal_Batch9_3866	624	0.051144167	0.000173745	0.0004577	TRUE	0.531632339	TRUE	0.544439674	TRUE	0.608950981	TRUE	0.069704859	TRUE	0.140648353	TRUE	17.47189349	TRUE	0.001886268
Cal_Batch26_3317	679	0.050770288	0.000172475	0.000454354	TRUE	0.510635803	TRUE	0.557316513	TRUE	0.35649216	TRUE	0.135769263	TRUE	0.176151823	TRUE	23.60841333	TRUE	0.00255173
Cal_Batch19_995	626	0.050544123	0.000171707	0.000452331	TRUE	0.56428509	TRUE	0.635006476	TRUE	0.575956496	TRUE	0.058697939	TRUE	0.113954617	TRUE	23.34468308	TRUE	0.001625285
Cal_Batch22_4383	661	0.050465954	0.000171441	0.00045163	TRUE	0.639750642	TRUE	0.630614288	TRUE	0.602904912	TRUE	0.074828508	TRUE	0.158701654	TRUE	29.60728565	TRUE	0.001822918
Cal_Batch11_361	722	0.050232583	0.000170649	0.000449544	TRUE	0.455422219	TRUE	0.455226848	TRUE	0.422030152	TRUE	0.038726853	TRUE	0.146716015	TRUE	21.30626108	TRUE	0.001906654
Cal_Batch28_4370	657	0.049828409	0.000169275	0.000445924	TRUE	0.603640634	TRUE	0.531814015	TRUE	0.344052691	TRUE	0.10342546	TRUE	0.196293704	TRUE	51.4434629	TRUE	0.00252847
Cal_Batch23_6279	623	0.04940698	0.000167844	0.000442155	TRUE	0.587870538	TRUE	0.620195061	TRUE	0.603179456	TRUE	0.116330862	TRUE	0.198916879	TRUE	23.91135734	TRUE	0.002209973
Cal_Batch21_4753	662	0.049238516	0.000167272	0.000440648	TRUE	0.483329519	TRUE	0.533423473	TRUE	0.492797297	TRUE	0.106003105	TRUE	0.17295982	TRUE	17.86948529	TRUE	0.002017109
Cal_Batch20_3152	735	0.049228495	0.000167237	0.000440556	TRUE	0.506507902	TRUE	0.571625419	TRUE	0.395758113	TRUE	0.089044488	TRUE	0.122522445	TRUE	20.30481513	TRUE	0.002098082
Cal_Batch14_5944	641	0.049077782	0.000166725	0.000439207	TRUE	0.541942176	TRUE	0.575595057	TRUE	0.555508892	TRUE	0.09282697	TRUE	0.162638554	TRUE	22.87869362	TRUE	0.002292845
Cal_Batch6_3705	784	0.048813316	0.000165827	0.000436841	TRUE	0.495543237	TRUE	0.525773506	TRUE	0.402544209	TRUE	0.118921088	TRUE	0.160091302	TRUE	19.43643162	TRUE	0.00237452
Cal_Batch19_3698	710	0.048775033	0.000165697	0.000436499	TRUE	0.48705395	TRUE	0.473112212	TRUE	0.376386363	TRUE	0.145190417	TRUE	0.155390419	TRUE	28.20579875	TRUE	0.002942021
Cal_Batch16_8182	635	0.048274416	0.000163996	0.000432018	TRUE	0.448893918	TRUE	0.589641914	TRUE	0.443805214	TRUE	0.084940501	TRUE	0.168900389	TRUE	17.24901186	TRUE	0.002346011
Cal_Batch9_200	704	0.048273307	0.000163993	0.00043201	TRUE	0.449479313	TRUE	0.544268136	TRUE	0.390196559	TRUE	0.080070987	TRUE	0.121360732	TRUE	19.32634561	TRUE	0.00200883
Cal_Batch24_6570	686	0.048012243	0.000163106	0.000429673	TRUE	0.493241992	TRUE	0.520985654	TRUE	0.409964584	TRUE	0.064986666	TRUE	0.128624384	TRUE	24.24925816	TRUE	0.001926029
Cal_Batch21_1179	643	0.047755711	0.000162234	0.000427376	TRUE	0.628816363	TRUE	0.579760306	TRUE	0.576602349	TRUE	0.041759132	TRUE	0.142146207	TRUE	32.86400725	TRUE	0.001593201
Cal_Batch23_2070	734	0.04766784	0.000161936	0.000426591	TRUE	0.447779733	TRUE	0.424484503	TRUE	0.366867108	TRUE	0.107206078	TRUE	0.148744454	TRUE	26.9689441	TRUE	0.002709988
Cal_Batch2_3838	695	0.046710347	0.000158683	0.000418022	TRUE	0.460799918	TRUE	0.571154313	TRUE	0.346877119	TRUE	0.098904512	TRUE	0.165823378	TRUE	15.93279901	TRUE	0.002154775
Cal_Batch25_6130	731	0.045975	0.000156185	0.000411441	TRUE	0.407987686	TRUE	0.409415564	TRUE	0.354725581	TRUE	0.082337894	TRUE	0.125742543	TRUE	20.29650396	TRUE	0.002419915
Cal_Batch10_1868	724	0.045959491	0.000156132	0.000411301	TRUE	0.572829548	TRUE	0.55442492	TRUE	0.505224006	TRUE	0.066567108	TRUE	0.133889155	TRUE	28.6066838	TRUE	0.001743412
Cal_Batch9_9171	697	0.045817835	0.000155651	0.000410034	TRUE	0.49932241	TRUE	0.456714629	TRUE	0.379725199	TRUE	0.08332546	TRUE	0.152930074	TRUE	33.69837358	TRUE	0.002590959
Cal_Batch25_2722	692	0.045428933	0.00015433	0.000406554	TRUE	0.451451147	TRUE	0.455449418	TRUE	0.408592889	TRUE	0.079442555	TRUE	0.166943626	TRUE	21.73390036	TRUE	0.002204532
Cal_Batch8_5891	660	0.045334	0.000154007	0.000405704	TRUE	0.617195832	TRUE	0.626140161	TRUE	0.519141803	TRUE	0.06966142	TRUE	0.12570974	TRUE	38.51581028	TRUE	0.001892237
Cal_Batch5_1097	691	0.045163519	0.000153428	0.000404178	TRUE	0.555613876	TRUE	0.574429822	TRUE	0.465431022	TRUE	0.071573065	TRUE	0.171243654	TRUE	25.92471264	TRUE	0.0018032
Cal_Batch11_8651	629	0.044869334	0.000152429	0.000401547	TRUE	0.489837798	TRUE	0.617444345	TRUE	0.504513307	TRUE	0.075016235	TRUE	0.121119328	TRUE	17.43601896	TRUE	0.002059537
Cal_Batch2_2337	631	0.044863878	0.00015241	0.000401497	TRUE	0.522308438	TRUE	0.542879129	TRUE	0.526082432	TRUE	0.06396171	TRUE	0.135632618	TRUE	19.74072266	TRUE	0.001735922
Cal_Batch2_6853	647	0.044661588	0.000151723	0.000399687	TRUE	0.543593658	TRUE	0.58613757	TRUE	0.45826484	TRUE	0.066023434	TRUE	0.097740513	TRUE	24.31305078	TRUE	0.001720596
Cal_Batch10_7859	632	0.044654197	0.000151698	0.000399621	TRUE	0.645258589	TRUE	0.587285467	TRUE	0.520729506	TRUE	0.04594559	TRUE	0.073333262	TRUE	50.11270125	TRUE	0.001601011
Cal_Batch3_6461	633	0.044011946	0.000149516	0.000393873	TRUE	0.607734807	TRUE	0.646732937	TRUE	0.578774124	TRUE	0.09752928	TRUE	0.168110933	TRUE	29.50595238	TRUE	0.001851609
Cal_Batch18_2628	641	0.043918193	0.000149197	0.000393032	TRUE	0.465404224	TRUE	0.577981073	TRUE	0.481743699	TRUE	0.082601378	TRUE	0.145803269	TRUE	18.51622296	TRUE	0.002267997
Cal_Batch9_2372	622	0.043794238	0.000148776	0.000391923	TRUE	0.511972739	TRUE	0.603504067	TRUE	0.510055629	TRUE	0.100364991	TRUE	0.127771223	TRUE	20.95798784	TRUE	0.002280964
Cal_Batch7_6045	665	0.043740365	0.000148593	0.000391441	TRUE	0.47030369	TRUE	0.586537588	TRUE	0.430299757	TRUE	0.103769326	TRUE	0.14253173	TRUE	16.39358826	TRUE	0.002117307
Cal_Batch6_8943	691	0.043628176	0.000148212	0.000390438	TRUE	0.467586093	TRUE	0.487224039	TRUE	0.385992689	TRUE	0.128994174	TRUE	0.188961174	TRUE	23.76511397	TRUE	0.002834
Cal_Batch24_5889	649	0.043556548	0.000147969	0.000389798	TRUE	0.58895836	TRUE	0.512766719	TRUE	0.556640726	TRUE	0.141067977	TRUE	0.187737134	TRUE	34.351102	TRUE	0.002578484
Cal_Batch3_3096	714	0.043511516	0.000147816	0.000389394	TRUE	0.402078506	TRUE	0.434944713	TRUE	0.44593905	TRUE	0.051276093	TRUE	0.078652092	TRUE	16.29771959	TRUE	0.001840697
Cal_Batch28_2049	680	0.043389977	0.000147403	0.000388307	TRUE	0.448921569	TRUE	0.598610794	TRUE	0.503405047	TRUE	0.110859828	TRUE	0.198894525	TRUE	15.38547816	TRUE	0.002451989
Cal_Batch11_6463	725	0.043302985	0.000147108	0.000387529	TRUE	0.589839319	TRUE	0.534945528	TRUE	0.570689142	TRUE	0.067242755	TRUE	0.172754795	TRUE	26.7208238	TRUE	0.001817221
Cal_Batch17_2309	637	0.042932149	0.000145848	0.00038421	TRUE	0.595701126	TRUE	0.5313765	TRUE	0.61265035	TRUE	0.066125309	TRUE	0.221868814	TRUE	28.65226337	TRUE	0.002195153
Cal_Batch18_3391	686	0.042786966	0.000145355	0.000382911	TRUE	0.479163697	TRUE	0.484330902	TRUE	0.425282062	TRUE	0.040809877	TRUE	0.158585793	TRUE	25.49657143	TRUE	0.002510218
Cal_Batch21_6492	676	0.042745957	0.000145215	0.000382543	TRUE	0.513365197	TRUE	0.381400355	TRUE	0.457382963	TRUE	0.061178772	TRUE	0.123139279	TRUE	33.02642706	TRUE	0.002039993
Cal_Batch11_4766	656	0.042728436	0.000145156	0.000382387	TRUE	0.549293709	TRUE	0.615465214	TRUE	0.552218637	TRUE	0.078672181	TRUE	0.178458028	TRUE	20.041047	TRUE	0.001816921
Cal_Batch21_855	680	0.04263124	0.000144825	0.000381515	TRUE	0.464399855	TRUE	0.509136796	TRUE	0.40332207	TRUE	0.087565191	TRUE	0.141347659	TRUE	19.84325397	TRUE	0.002093165
Cal_Batch1_7459	670	0.042168102	0.000143252	0.000377371	TRUE	0.483346373	TRUE	0.520059075	TRUE	0.42181767	TRUE	0.02868232	TRUE	0.08657779	TRUE	23.63602818	TRUE	0.001598342
Cal_Batch23_7155	621	0.042134217	0.000143137	0.000377069	TRUE	0.541474562	TRUE	0.563529677	TRUE	0.547669816	TRUE	0.062814141	TRUE	0.090832037	TRUE	19.30187771	TRUE	0.001790285
Cal_Batch7_8411	708	0.041737289	0.000141789	0.000373517	TRUE	0.486626267	TRUE	0.462704731	TRUE	0.378502482	TRUE	0.059466997	TRUE	0.165689707	TRUE	23.50250627	TRUE	0.00216306
Cal_Batch2_3713	678	0.041401541	0.000140648	0.000370512	TRUE	0.55966508	TRUE	0.540341971	TRUE	0.548580259	TRUE	0.050978509	TRUE	0.179993303	TRUE	23.63953488	TRUE	0.001737028
Cal_Batch17_9069	640	0.041387751	0.000140601	0.000370388	TRUE	0.586866359	TRUE	0.463797736	TRUE	0.451543141	TRUE	0.106107876	TRUE	0.141903452	TRUE	59.59666975	TRUE	0.002526609
Cal_Batch20_1272	694	0.041368479	0.000140536	0.000370217	TRUE	0.546076224	TRUE	0.376982487	TRUE	0.343275504	TRUE	0.03669586	TRUE	0.149917891	TRUE	69.0364004	TRUE	0.002092436
Cal_Batch10_5498	685	0.041252895	0.000140143	0.000369181	TRUE	0.511952848	TRUE	0.57469606	TRUE	0.509899286	TRUE	0.082663624	TRUE	0.152088548	TRUE	18.40897879	TRUE	0.001799832
Cal_Batch10_3172	686	0.04122053	0.000140033	0.000368892	TRUE	0.565677966	TRUE	0.643445184	TRUE	0.45422939	TRUE	0.097130479	TRUE	0.1329806	TRUE	27.01750772	TRUE	0.001882363
Cal_Batch26_6193	682	0.041066484	0.00013951	0.000367514	TRUE	0.604421341	TRUE	0.612031538	TRUE	0.5511291	TRUE	0.04306557	TRUE	0.098153575	TRUE	33.52754821	TRUE	0.001489076
Cal_Batch26_8478	655	0.041053659	0.000139466	0.000367398	TRUE	0.457548716	TRUE	0.539707728	TRUE	0.498606661	TRUE	0.07306534	TRUE	0.091292588	TRUE	16.50680123	TRUE	0.001845328
Cal_Batch17_5529	648	0.040624565	0.000138008	0.000363557	TRUE	0.510579648	TRUE	0.649042487	TRUE	0.537438306	TRUE	0.060659235	TRUE	0.139277143	TRUE	16.54672245	TRUE	0.001606164
Cal_Batch10_2539	736	0.040550946	0.000137758	0.000362899	TRUE	0.611935458	TRUE	0.592608107	TRUE	0.434809774	TRUE	0.091577416	TRUE	0.176650934	TRUE	31.08691406	TRUE	0.002507562
Cal_Batch2_3153	638	0.04029394	0.000136885	0.000360599	TRUE	0.637012135	TRUE	0.479975007	TRUE	0.343344997	TRUE	0.064922527	TRUE	0.188108602	TRUE	70.20953327	TRUE	0.002383662
Cal_Batch19_5070	705	0.040207448	0.000136591	0.000359824	TRUE	0.419536349	TRUE	0.477268359	TRUE	0.376875078	TRUE	0.101419706	TRUE	0.192208563	TRUE	20.29221072	TRUE	0.002704424
Cal_Batch5_2990	679	0.040150679	0.000136399	0.000359318	TRUE	0.438063163	TRUE	0.588708337	TRUE	0.389661017	TRUE	0.113177573	TRUE	0.216765629	TRUE	16.26571936	TRUE	0.00263274
Cal_Batch4_7327	614	0.040119091	0.000136291	0.000359034	TRUE	0.495925974	TRUE	0.6313744	TRUE	0.550744565	TRUE	0.055384601	TRUE	0.137488605	TRUE	15.29668305	TRUE	0.001746879
Cal_Batch6_3967	652	0.040053324	0.000136068	0.000358447	TRUE	0.465730482	TRUE	0.622205301	TRUE	0.548732303	TRUE	0.045430834	TRUE	0.128991094	TRUE	15.81776062	TRUE	0.00193226
Cal_Batch11_2729	613	0.039915278	0.000135599	0.000357211	TRUE	0.613287416	TRUE	0.624239658	TRUE	0.564722672	TRUE	0.050306294	TRUE	0.121688798	TRUE	26.17142857	TRUE	0.001569249
Cal_Batch26_6091	663	0.039751286	0.000135042	0.000355744	TRUE	0.550908693	TRUE	0.479348908	TRUE	0.535382911	TRUE	0.027843927	TRUE	0.177420379	TRUE	23.96395806	TRUE	0.00214651
Cal_Batch8_414	700	0.039718408	0.00013493	0.000355449	TRUE	0.431288275	TRUE	0.52522294	TRUE	0.402465926	TRUE	0.081589425	TRUE	0.156955973	TRUE	17.50169148	TRUE	0.002064538
Cal_Batch11_6168	703	0.03965988	0.000134731	0.000354924	TRUE	0.524280539	TRUE	0.400320545	TRUE	0.473999902	TRUE	0.069093876	TRUE	0.167044435	TRUE	38.36511057	TRUE	0.002123335
Cal_Batch18_4114	628	0.039570298	0.000134427	0.000354124	TRUE	0.514124294	TRUE	0.55985099	TRUE	0.50197304	TRUE	0.135449122	TRUE	0.203723681	TRUE	27.61137441	TRUE	0.002627327
Cal_Batch13_2505	638	0.039453639	0.000134031	0.00035308	TRUE	0.473597725	TRUE	0.61107571	TRUE	0.505233436	TRUE	0.073861376	TRUE	0.132178882	TRUE	18.02698594	TRUE	0.002064805
Cal_Batch13_5746	674	0.039373306	0.000133758	0.000352361	TRUE	0.520232676	TRUE	0.522698965	TRUE	0.386237402	TRUE	0.120850152	TRUE	0.147396452	TRUE	23.09520183	TRUE	0.002366774
Cal_Batch15_9919	634	0.038901752	0.000132156	0.000348141	TRUE	0.466638613	TRUE	0.562881687	TRUE	0.324948356	TRUE	0.105180602	TRUE	0.205943818	TRUE	19.99619289	TRUE	0.002555353
Cal_Batch21_8630	646	0.038896472	0.000132138	0.000348094	TRUE	0.474161921	TRUE	0.614539169	TRUE	0.548675305	TRUE	0.068555202	TRUE	0.119856842	TRUE	17.68611255	TRUE	0.002062282
Cal_Batch25_7607	613	0.038517506	0.00013085	0.000344701	TRUE	0.635373658	TRUE	0.632244614	TRUE	0.566911648	TRUE	0.045978277	TRUE	0.135424891	TRUE	41.85839599	TRUE	0.001610747
Cal_Batch8_6506	745	0.038395125	0.000130435	0.000343607	TRUE	0.600327198	TRUE	0.513429934	TRUE	0.61289507	TRUE	0.050820926	TRUE	0.137423137	TRUE	25.5923001	TRUE	0.001582217
Cal_Batch21_1859	769	0.038230408	0.000129875	0.000342132	TRUE	0.544097153	TRUE	0.452302529	TRUE	0.318873375	TRUE	0.106109286	TRUE	0.167918673	TRUE	39.62600321	TRUE	0.002337791
Cal_Batch6_828	623	0.037938016	0.000128882	0.000339516	TRUE	0.580461656	TRUE	0.603785398	TRUE	0.554891539	TRUE	0.025908168	TRUE	0.099261807	TRUE	23.82736014	TRUE	0.001388129
Cal_Batch20_9555	637	0.037755393	0.000128261	0.00033788	TRUE	0.4569996	TRUE	0.60366298	TRUE	0.533835492	TRUE	0.058086685	TRUE	0.141601799	TRUE	15.10796691	TRUE	0.001922888
Cal_Batch23_4593	687	0.037739118	0.000128206	0.000337735	TRUE	0.525104603	TRUE	0.540888907	TRUE	0.442638138	TRUE	0.050199029	TRUE	0.121315981	TRUE	26.82281953	TRUE	0.001769483
Cal_Batch4_469	671	0.035761068	0.000121486	0.000320033	TRUE	0.418524223	TRUE	0.495119846	TRUE	0.383281863	TRUE	0.11721415	TRUE	0.195803312	TRUE	17.53471772	TRUE	0.002805503
Cal_Batch24_6824	654	0.035693407	0.000121256	0.000319427	TRUE	0.580609773	TRUE	0.581760373	TRUE	0.491597885	TRUE	0.057654842	TRUE	0.094944544	TRUE	31.07202216	TRUE	0.001622827
Cal_Batch18_3667	730	0.035605275	0.000120957	0.000318639	TRUE	0.497296234	TRUE	0.554225077	TRUE	0.335337393	TRUE	0.102569816	TRUE	0.152021655	TRUE	23.95082938	TRUE	0.002012903
Cal_Batch11_6307	751	0.035441969	0.000120402	0.000317177	TRUE	0.438294579	TRUE	0.450904319	TRUE	0.434845315	TRUE	0.074904934	TRUE	0.142987969	TRUE	18.61313221	TRUE	0.002280856
Cal_Batch25_563	778	0.035326588	0.00012001	0.000316145	TRUE	0.39051783	TRUE	0.458498065	TRUE	0.393480984	TRUE	0.077430021	TRUE	0.139635868	TRUE	16.95876963	TRUE	0.002679427
Cal_Batch1_3668	758	0.03520708	0.000119604	0.000315075	TRUE	0.468659595	TRUE	0.427725188	TRUE	0.337718537	TRUE	0.074651887	TRUE	0.155338269	TRUE	26.69019972	TRUE	0.002305364
Cal_Batch25_2330	658	0.03517203	0.000119485	0.000314762	TRUE	0.571918381	TRUE	0.45081233	TRUE	0.538613044	TRUE	0.040154369	TRUE	0.169886295	TRUE	35.07437186	TRUE	0.001931699
Cal_Batch3_3340	650	0.034729264	0.000117981	0.0003108	TRUE	0.612085582	TRUE	0.61744105	TRUE	0.547129346	TRUE	0.113921864	TRUE	0.174659143	TRUE	37.22313084	TRUE	0.002304477
Cal_Batch21_1651	627	0.034496405	0.00011719	0.000308716	TRUE	0.527541128	TRUE	0.58649146	TRUE	0.574117328	TRUE	0.059442817	TRUE	0.182906253	TRUE	16.2654321	TRUE	0.001594353
Cal_Batch18_3353	697	0.034325386	0.000116609	0.000307185	TRUE	0.594509741	TRUE	0.444438354	TRUE	0.501667927	TRUE	0.03817526	TRUE	0.062352573	TRUE	31.75387597	TRUE	0.001613792
Cal_Batch3_055	667	0.034119555	0.00011591	0.000305344	TRUE	0.5790978	TRUE	0.625624153	TRUE	0.474921894	TRUE	0.055040328	TRUE	0.089221299	TRUE	27.25842697	TRUE	0.001634318
Cal_Batch3_847	675	0.034098039	0.000115837	0.000305152	TRUE	0.564816711	TRUE	0.618405445	TRUE	0.422985082	TRUE	0.089330893	TRUE	0.126492537	TRUE	28.11931119	TRUE	0.001876024
Cal_Batch17_1695	643	0.034030455	0.000115607	0.000304546	TRUE	0.633317908	TRUE	0.599403736	TRUE	0.392711483	TRUE	0.113691534	TRUE	0.188077605	TRUE	46.48986486	TRUE	0.002380304
Cal_Batch18_2327	704	0.033821965	0.000114899	0.000302681	TRUE	0.402627712	TRUE	0.404186164	TRUE	0.462613962	TRUE	0.047121447	TRUE	0.121998152	TRUE	15.2768595	TRUE	0.001798963
Cal_Batch3_2120	788	0.033665671	0.000114368	0.000301282	TRUE	0.463357031	TRUE	0.451531514	TRUE	0.359754423	TRUE	0.048777063	TRUE	0.130713509	TRUE	23.34192988	TRUE	0.002042373
Cal_Batch23_1511	666	0.033591353	0.000114115	0.000300615	TRUE	0.457642549	TRUE	0.445882306	TRUE	0.500228938	TRUE	0.06858324	TRUE	0.167922692	TRUE	17.50830946	TRUE	0.001928438
Cal_Batch7_5402	697	0.033342754	0.000113271	0.000298392	TRUE	0.551344484	TRUE	0.553747297	TRUE	0.453898326	TRUE	0.087384827	TRUE	0.147927091	TRUE	28.91703893	TRUE	0.001987539
Cal_Batch11_6261	611	0.033277169	0.000113048	0.000297804	TRUE	0.589871835	TRUE	0.605716579	TRUE	0.511373298	TRUE	0.057095893	TRUE	0.11610563	TRUE	33.29039184	TRUE	0.001944525
Cal_Batch18_4376	686	0.032787409	0.000111384	0.000293421	TRUE	0.437026777	TRUE	0.548790222	TRUE	0.356756295	TRUE	0.135257282	TRUE	0.197144933	TRUE	21.93487859	TRUE	0.00281338
Cal_Batch27_1982	663	0.032742215	0.000111231	0.000293018	TRUE	0.437435913	TRUE	0.57440957	TRUE	0.514136017	TRUE	0.070538433	TRUE	0.18300041	TRUE	15.178118	TRUE	0.002152828
Cal_Batch23_2600	751	0.032277132	0.000109651	0.000288856	TRUE	0.420176671	TRUE	0.466497357	TRUE	0.347631999	TRUE	0.082396944	TRUE	0.178623125	TRUE	17.4771167	TRUE	0.002367446
Cal_Batch26_4286	669	0.032103974	0.000109063	0.000287307	TRUE	0.553799198	TRUE	0.590529156	TRUE	0.482070091	TRUE	0.055976123	TRUE	0.124660666	TRUE	24.01655629	TRUE	0.001671262
Cal_Batch5_9475	650	0.03209955	0.000109048	0.000287267	TRUE	0.474044886	TRUE	0.462082977	TRUE	0.458762301	TRUE	0.088468139	TRUE	0.139305696	TRUE	22.68965517	TRUE	0.002455231
Cal_Batch18_3314	691	0.031992176	0.000108683	0.000286306	TRUE	0.470470633	TRUE	0.463879904	TRUE	0.404156739	TRUE	0.115737059	TRUE	0.174084083	TRUE	21.96015676	TRUE	0.0023299
Cal_Batch2_9054	675	0.031833197	0.000108143	0.000284883	TRUE	0.463098506	TRUE	0.546885288	TRUE	0.45934397	TRUE	0.095471497	TRUE	0.190511317	TRUE	19.14426028	TRUE	0.002554937
Cal_Batch8_9745	692	0.031826856	0.000108121	0.000284825	TRUE	0.547912346	TRUE	0.498469176	TRUE	0.527548059	TRUE	0.036314636	TRUE	0.134713989	TRUE	27.40584513	TRUE	0.001638631
Cal_Batch11_1360	674	0.031605497	0.000107369	0.000282844	TRUE	0.569633508	TRUE	0.582237843	TRUE	0.567293964	TRUE	0.070001479	TRUE	0.166407738	TRUE	20.92252716	TRUE	0.002099216
Cal_Batch21_7127	677	0.031599144	0.000107348	0.000282789	TRUE	0.579580776	TRUE	0.580837483	TRUE	0.566328596	TRUE	0.036345277	TRUE	0.142051673	TRUE	21.07235266	TRUE	0.001517334
Cal_Batch6_3248	746	0.03147179	0.000106915	0.000281648	TRUE	0.645305514	TRUE	0.562462772	TRUE	0.32752141	TRUE	0.091471598	TRUE	0.148049267	TRUE	38.82382382	TRUE	0.002034997
Cal_Batch25_401	654	0.031440555	0.000106809	0.000281369	TRUE	0.48840144	TRUE	0.62147496	TRUE	0.496621394	TRUE	0.133240569	TRUE	0.182261695	TRUE	17.44508929	TRUE	0.00262138
Cal_Batch22_2731	702	0.031290565	0.000106299	0.000280025	TRUE	0.433333333	TRUE	0.55563586	TRUE	0.337167016	TRUE	0.099577031	TRUE	0.169820278	TRUE	15.63811189	TRUE	0.002183734
Cal_Batch26_1846	712	0.03093893	0.000105105	0.00027688	TRUE	0.491215107	TRUE	0.47681549	TRUE	0.436635273	TRUE	0.06914811	TRUE	0.189735984	TRUE	27.30925285	TRUE	0.002573472
Cal_Batch26_5117	756	0.030744335	0.000104444	0.000275139	TRUE	0.47474605	TRUE	0.528152915	TRUE	0.503213911	TRUE	0.096342988	TRUE	0.115949913	TRUE	15.44845142	TRUE	0.002409944
Cal_Batch10_1417	651	0.030661856	0.000104163	0.000274399	TRUE	0.593112348	TRUE	0.546612408	TRUE	0.594409283	TRUE	0.058929367	TRUE	0.205108893	TRUE	24.77853659	TRUE	0.002126953
Cal_Batch9_513	800	0.030131733	0.000102363	0.000269657	TRUE	0.52557925	TRUE	0.440099134	TRUE	0.370380589	TRUE	0.052194823	TRUE	0.150640345	TRUE	30.70871985	TRUE	0.002182107
Cal_Batch8_6925	667	0.030102892	0.000102265	0.000269399	TRUE	0.515666694	TRUE	0.541729103	TRUE	0.482985738	TRUE	0.019415287	TRUE	0.06472226	TRUE	22.25779695	TRUE	0.00142888
Cal_Batch1_7616	635	0.029708033	0.000100923	0.000265863	TRUE	0.614659777	TRUE	0.61921062	TRUE	0.613575209	TRUE	0.085250631	TRUE	0.210259807	TRUE	22.77853403	TRUE	0.002081486
Cal_Batch26_7619	732	0.029517685	0.000100277	0.000264162	TRUE	0.434271883	TRUE	0.524954589	TRUE	0.313103964	TRUE	0.109088085	TRUE	0.175723499	TRUE	16.57883462	TRUE	0.00232623
Cal_Batch23_2533	676	0.029513316	0.000100262	0.000264122	TRUE	0.49254751	TRUE	0.512343675	TRUE	0.388300435	TRUE	0.117298288	TRUE	0.137584543	TRUE	23.46757164	TRUE	0.002438836
Cal_Batch12_2812	683	0.029395877	0.0000999	0.000263168	TRUE	0.566263293	TRUE	0.602723565	TRUE	0.433714577	TRUE	0.099159686	TRUE	0.13446367	TRUE	25.17271922	TRUE	0.001923447
Cal_Batch3_827	675	0.02931616	0.0000996	0.000262378	TRUE	0.644470546	TRUE	0.52378657	TRUE	0.503917537	TRUE	0.093228603	TRUE	0.124393447	TRUE	45.61013216	TRUE	0.002039961
Cal_Batch19_861	749	0.029253239	0.0000994	0.000261851	TRUE	0.49925669	TRUE	0.486652416	TRUE	0.316737107	TRUE	0.11113948	TRUE	0.185883278	TRUE	23.71328671	TRUE	0.002500843
Cal_Batch3_1754	626	0.029260185	0.0000994	0.000261851	TRUE	0.572227203	TRUE	0.559119011	TRUE	0.55147566	TRUE	0.058403917	TRUE	0.109965999	TRUE	20.87492063	TRUE	0.001646301
Cal_Batch24_1926	681	0.028868209	0.0000981	0.000258427	TRUE	0.45789505	TRUE	0.576802314	TRUE	0.438371557	TRUE	0.098946976	TRUE	0.141449897	TRUE	16.36363636	TRUE	0.002000471
Cal_Batch11_5058	701	0.028666932	0.0000974	0.000256583	TRUE	0.381106575	TRUE	0.431525348	TRUE	0.389341009	TRUE	0.101380226	TRUE	0.174637625	TRUE	18.75751616	TRUE	0.002841632
Cal_Batch11_3286	644	0.028297166	0.0000961	0.000253158	TRUE	0.575803923	TRUE	0.561037292	TRUE	0.426979131	TRUE	0.108871583	TRUE	0.118645581	TRUE	32.76107011	TRUE	0.002106209
Cal_Batch11_3645	763	0.028128779	0.0000956	0.000251841	TRUE	0.519833257	TRUE	0.412763938	TRUE	0.391235603	TRUE	0.091715233	TRUE	0.163875795	TRUE	34.23589342	TRUE	0.002916959
Cal_Batch14_7947	669	0.028103654	0.0000955	0.000251577	TRUE	0.627908347	TRUE	0.621260354	TRUE	0.469355354	TRUE	0.105531557	TRUE	0.195115662	TRUE	42.32688172	TRUE	0.002361848
Cal_Batch3_2650	628	0.028119578	0.0000955	0.000251577	TRUE	0.561395815	TRUE	0.538426608	TRUE	0.56312943	TRUE	0.026333422	TRUE	0.073712056	TRUE	23.38098859	TRUE	0.001450548
Cal_Batch2_9666	641	0.028029253	0.0000952	0.000250787	TRUE	0.548924494	TRUE	0.5881698	TRUE	0.578086961	TRUE	0.070463538	TRUE	0.143290244	TRUE	20.03080569	TRUE	0.001709246
Cal_Batch20_1000	679	0.027964676	0.000095	0.00025026	TRUE	0.509729659	TRUE	0.474312932	TRUE	0.361380159	TRUE	0.096565548	TRUE	0.190496748	TRUE	37.39749609	TRUE	0.002736742
Cal_Batch7_4117	685	0.027268324	0.0000926	0.000243938	TRUE	0.497991559	TRUE	0.538918097	TRUE	0.357298308	TRUE	0.082522676	TRUE	0.136441677	TRUE	22.92444717	TRUE	0.001975891
Cal_Batch7_3844	666	0.027145826	0.0000922	0.000242884	TRUE	0.458008261	TRUE	0.563848102	TRUE	0.413052734	TRUE	0.117840892	TRUE	0.209796668	TRUE	20.06167401	TRUE	0.002625686
Cal_Batch26_1756	798	0.027151033	0.0000922	0.000242884	TRUE	0.548660085	TRUE	0.387192082	TRUE	0.343056011	TRUE	0.078860819	TRUE	0.120881661	TRUE	45.52513369	TRUE	0.002308954
Cal_Batch11_503	632	0.027051807	0.0000919	0.000242094	TRUE	0.489806036	TRUE	0.601006458	TRUE	0.526510529	TRUE	0.103886389	TRUE	0.180143492	TRUE	16.68878122	TRUE	0.002300696
Cal_Batch2_5778	679	0.026986568	0.0000917	0.000241567	TRUE	0.504946431	TRUE	0.500863077	TRUE	0.346835812	TRUE	0.089102663	TRUE	0.204254355	TRUE	29.18369352	TRUE	0.00271145
Cal_Batch13_9316	732	0.026971362	0.0000916	0.000241304	TRUE	0.388383608	TRUE	0.449219276	TRUE	0.352391693	TRUE	0.116895834	TRUE	0.167171597	TRUE	16.92757895	TRUE	0.002880955
Cal_Batch5_5630	640	0.026932095	0.0000915	0.00024104	TRUE	0.537683156	TRUE	0.591699203	TRUE	0.562879223	TRUE	0.06413549	TRUE	0.165493082	TRUE	15.5959808	TRUE	0.00184877
Cal_Batch12_1100	682	0.026793347	0.000091	0.000239723	TRUE	0.570170314	TRUE	0.526869073	TRUE	0.392489054	TRUE	0.096463889	TRUE	0.150560083	TRUE	37.27331887	TRUE	0.002006406
Cal_Batch17_202	679	0.026759549	0.0000909	0.00023946	TRUE	0.488965567	TRUE	0.452163781	TRUE	0.512801494	TRUE	0.081184992	TRUE	0.143241604	TRUE	18.58656331	TRUE	0.001974628
Cal_Batch14_7306	687	0.026568517	0.0000903	0.000237879	TRUE	0.398286319	TRUE	0.433971275	TRUE	0.443511704	TRUE	0.034033011	TRUE	0.10642196	TRUE	15.1087963	TRUE	0.001733022
Cal_Batch6_2592	740	0.026493376	0.00009	0.000237089	TRUE	0.591147185	TRUE	0.607415361	TRUE	0.452502217	TRUE	0.072128411	TRUE	0.102658652	TRUE	33.87621221	TRUE	0.00178326
Cal_Batch5_1194	658	0.026405022	0.0000897	0.000236298	TRUE	0.576074332	TRUE	0.49876831	TRUE	0.410317183	TRUE	0.042466733	TRUE	0.099080845	TRUE	40.27410618	TRUE	0.001808913
Cal_Batch18_7892	631	0.026384905	0.0000896	0.000236035	TRUE	0.591036668	TRUE	0.641343398	TRUE	0.594628332	TRUE	0.080735252	TRUE	0.185153068	TRUE	23.88338834	TRUE	0.00178375
Cal_Batch25_2780	634	0.026258181	0.0000892	0.000234981	TRUE	0.644433477	TRUE	0.540315305	TRUE	0.452613642	TRUE	0.115804816	TRUE	0.155967102	TRUE	59.657289	TRUE	0.00250464
Cal_Batch3_6529	608	0.026162901	0.0000889	0.000234191	TRUE	0.607410556	TRUE	0.568805929	TRUE	0.476698692	TRUE	0.059999621	TRUE	0.150163011	TRUE	41.16379711	TRUE	0.002089842
Cal_Batch20_9018	712	0.026181353	0.0000889	0.000234191	TRUE	0.471973957	TRUE	0.546594946	TRUE	0.504643929	TRUE	0.090307364	TRUE	0.128385328	TRUE	17.99643875	TRUE	0.002403835
Cal_Batch12_1820	620	0.025906813	0.000088	0.00023182	TRUE	0.631559855	TRUE	0.637684685	TRUE	0.596704751	TRUE	0.060606403	TRUE	0.160014595	TRUE	33.28571429	TRUE	0.001670667
Cal_Batch22_495	690	0.025818951	0.0000877	0.00023103	TRUE	0.443140959	TRUE	0.589666162	TRUE	0.406660244	TRUE	0.127400715	TRUE	0.211264569	TRUE	15.52122987	TRUE	0.002613492
Cal_Batch23_5167	720	0.025697559	0.0000873	0.000229976	TRUE	0.563983815	TRUE	0.454634303	TRUE	0.531638316	TRUE	0.041618067	TRUE	0.110254902	TRUE	22.97829912	TRUE	0.001709767
Cal_Batch13_5999	635	0.025697993	0.0000873	0.000229976	TRUE	0.593228403	TRUE	0.626027809	TRUE	0.533137913	TRUE	0.061199412	TRUE	0.114708344	TRUE	32.90530846	TRUE	0.00185744
Cal_Batch10_2327	706	0.025675168	0.0000872	0.000229713	TRUE	0.594431855	TRUE	0.374693848	TRUE	0.472218558	TRUE	0.037754831	TRUE	0.152694262	TRUE	42.53929961	TRUE	0.001966468
Cal_Batch24_6504	635	0.025626054	0.0000871	0.000229449	TRUE	0.543629227	TRUE	0.480240337	TRUE	0.437917658	TRUE	0.12257372	TRUE	0.135639648	TRUE	39.09806295	TRUE	0.002775081
Cal_Batch20_6258	746	0.025614812	0.000087	0.000229186	TRUE	0.530948905	TRUE	0.499173792	TRUE	0.374080928	TRUE	0.102303038	TRUE	0.168144218	TRUE	27.76415094	TRUE	0.002352393
Cal_Batch21_5281	673	0.025549383	0.0000868	0.000228659	TRUE	0.547526437	TRUE	0.527831555	TRUE	0.382040829	TRUE	0.07327726	TRUE	0.118458158	TRUE	32.11290323	TRUE	0.001867177
Cal_Batch19_8579	612	0.025264682	0.0000858	0.000226025	TRUE	0.637427386	TRUE	0.645018256	TRUE	0.589390514	TRUE	0.054836842	TRUE	0.114123664	TRUE	33.89457831	TRUE	0.001655027
Cal_Batch4_9533	811	0.025207094	0.0000856	0.000225498	TRUE	0.456519188	TRUE	0.457393969	TRUE	0.473311233	TRUE	0.093278978	TRUE	0.155949069	TRUE	19.33427164	TRUE	0.00275521
Cal_Batch12_5716	651	0.025173607	0.0000855	0.000225234	TRUE	0.576779356	TRUE	0.549018752	TRUE	0.593221687	TRUE	0.069669357	TRUE	0.216859937	TRUE	21.94962884	TRUE	0.002252716
Cal_Batch10_4666	673	0.025041222	0.0000851	0.000224181	TRUE	0.616215824	TRUE	0.591737401	TRUE	0.48714315	TRUE	0.070591496	TRUE	0.144031382	TRUE	41.38170624	TRUE	0.002245201
Cal_Batch11_4137	647	0.025020505	0.000085	0.000223917	TRUE	0.519288049	TRUE	0.499496256	TRUE	0.421178278	TRUE	0.049522348	TRUE	0.118957033	TRUE	30.87021557	TRUE	0.00178845
Cal_Batch18_372	663	0.024710391	0.0000839	0.000221019	TRUE	0.628408986	TRUE	0.627571735	TRUE	0.564333891	TRUE	0.134541568	TRUE	0.167130337	TRUE	33.68444444	TRUE	0.002432004
Cal_Batch11_6271	669	0.024475241	0.0000831	0.000218912	TRUE	0.490727676	TRUE	0.591629554	TRUE	0.404738796	TRUE	0.116098563	TRUE	0.182243509	TRUE	21.22565033	TRUE	0.002601329
Cal_Batch28_1900	668	0.02438359	0.0000828	0.000218122	TRUE	0.491402369	TRUE	0.433683824	TRUE	0.444556502	TRUE	0.039063358	TRUE	0.127411284	TRUE	29.46173045	TRUE	0.001877922
Cal_Batch2_350	625	0.024190364	0.0000822	0.000216541	TRUE	0.605113421	TRUE	0.582969782	TRUE	0.58159266	TRUE	0.092852877	TRUE	0.206315941	TRUE	33.27305936	TRUE	0.002286458
Cal_Batch15_2125	692	0.023979592	0.0000815	0.000214697	TRUE	0.474617426	TRUE	0.428139348	TRUE	0.38740365	TRUE	0.100617063	TRUE	0.163800732	TRUE	27.30290737	TRUE	0.00273326
Cal_Batch7_5989	625	0.023963932	0.0000814	0.000214434	TRUE	0.503742057	TRUE	0.629669846	TRUE	0.544078705	TRUE	0.089363215	TRUE	0.188996165	TRUE	17.31299435	TRUE	0.002165715
Cal_Batch5_1864	640	0.023690685	0.0000805	0.000212063	TRUE	0.585691169	TRUE	0.470985637	TRUE	0.414309506	TRUE	0.02932124	TRUE	0.05808297	TRUE	48.25519288	TRUE	0.00169588
Cal_Batch5_5876	634	0.023434953	0.0000796	0.000209692	TRUE	0.624877718	TRUE	0.548910555	TRUE	0.619381369	TRUE	0.100287911	TRUE	0.204566795	TRUE	32.72247498	TRUE	0.002318353
Cal_Batch14_9468	666	0.02330775	0.0000792	0.000208638	TRUE	0.517503925	TRUE	0.45713482	TRUE	0.527028365	TRUE	0.059043047	TRUE	0.199746485	TRUE	28.69811321	TRUE	0.002425578
Cal_Batch5_5076	612	0.023319646	0.0000792	0.000208638	TRUE	0.57913486	TRUE	0.572077373	TRUE	0.522020774	TRUE	0.08368498	TRUE	0.109646773	TRUE	37.00395257	TRUE	0.002125176
Cal_Batch22_2412	607	0.023297377	0.0000791	0.000208375	TRUE	0.539014716	TRUE	0.593113089	TRUE	0.494251679	TRUE	0.033996464	TRUE	0.088388728	TRUE	25.64973262	TRUE	0.001907978
Cal_Batch26_6708	726	0.02317977	0.0000787	0.000207321	TRUE	0.37194782	TRUE	0.417762494	TRUE	0.321751776	TRUE	0.080059393	TRUE	0.151601469	TRUE	16.31840962	TRUE	0.002445517
Cal_Batch12_9301	663	0.02307436	0.0000784	0.000206531	TRUE	0.403801729	TRUE	0.430980017	TRUE	0.322036932	TRUE	0.10815695	TRUE	0.178987359	TRUE	19.96781883	TRUE	0.002591025
Cal_Batch20_6547	732	0.022712987	0.0000772	0.000203369	TRUE	0.53946868	TRUE	0.500648136	TRUE	0.365138671	TRUE	0.087481286	TRUE	0.16448954	TRUE	28.43415906	TRUE	0.002173913
Cal_Batch8_6362	662	0.022449251	0.0000763	0.000200999	TRUE	0.645908217	TRUE	0.493256262	TRUE	0.443941978	TRUE	0.022400336	TRUE	0.076286587	TRUE	59.26903553	TRUE	0.001572215
Cal_Batch10_5373	712	0.0223567	0.0000759	0.000199945	TRUE	0.464171451	TRUE	0.498585308	TRUE	0.410585091	TRUE	0.040466403	TRUE	0.105510562	TRUE	19.87605932	TRUE	0.001795194
Cal_Batch5_1292	646	0.022142184	0.0000752	0.000198101	TRUE	0.548043547	TRUE	0.514864848	TRUE	0.562846001	TRUE	0.0595027	TRUE	0.180024739	TRUE	21.77047619	TRUE	0.0017735
Cal_Batch15_1519	638	0.021841271	0.0000742	0.000195466	TRUE	0.567998117	TRUE	0.59510227	TRUE	0.59027763	TRUE	0.028293096	TRUE	0.127798106	TRUE	20.49812734	TRUE	0.001586507
Cal_Batch28_1851	616	0.021807106	0.0000741	0.000195203	TRUE	0.611280244	TRUE	0.641281473	TRUE	0.60326906	TRUE	0.065614469	TRUE	0.159958283	TRUE	25.00038745	TRUE	0.001689614
Cal_Batch17_9982	632	0.021810106	0.0000741	0.000195203	TRUE	0.474750064	TRUE	0.578680475	TRUE	0.539524401	TRUE	0.072517694	TRUE	0.138585457	TRUE	15.28091983	TRUE	0.001658804
Cal_Batch26_5743	664	0.021494702	0.000073	0.000192305	TRUE	0.530323046	TRUE	0.566101168	TRUE	0.512037822	TRUE	0.076172584	TRUE	0.179741269	TRUE	25.4015919	TRUE	0.002366317
Cal_Batch4_5987	665	0.021368361	0.0000726	0.000191252	TRUE	0.495450649	TRUE	0.577093737	TRUE	0.331142391	TRUE	0.123249829	TRUE	0.199390749	TRUE	23.36808595	TRUE	0.002558983
Cal_Batch2_9593	701	0.021299104	0.0000724	0.000190725	TRUE	0.47283105	TRUE	0.545561464	TRUE	0.315985104	TRUE	0.10560373	TRUE	0.165666206	TRUE	19.44237405	TRUE	0.002007074
Cal_Batch13_6099	693	0.021160861	0.0000719	0.000189408	TRUE	0.624509578	TRUE	0.550756381	TRUE	0.476058372	TRUE	0.109789868	TRUE	0.162345071	TRUE	43.8898226	TRUE	0.002064952
Cal_Batch2_493	795	0.021051907	0.0000715	0.000188354	TRUE	0.450817306	TRUE	0.461077983	TRUE	0.416474293	TRUE	0.078207062	TRUE	0.126278263	TRUE	19.19804478	TRUE	0.002121297
Cal_Batch8_8817	699	0.020898644	0.000071	0.000187037	TRUE	0.452641815	TRUE	0.57251856	TRUE	0.45061431	TRUE	0.112976545	TRUE	0.198958341	TRUE	15.26197836	TRUE	0.002580841
Cal_Batch22_3236	655	0.020806553	0.0000707	0.000186246	TRUE	0.528027785	TRUE	0.589677499	TRUE	0.53628484	TRUE	0.0997858	TRUE	0.177317049	TRUE	19.89365505	TRUE	0.002301318
Cal_Batch14_279	746	0.020810144	0.0000707	0.000186246	TRUE	0.520495901	TRUE	0.501068204	TRUE	0.464975822	TRUE	0.054876112	TRUE	0.113932171	TRUE	22.17718447	TRUE	0.001854398
Cal_Batch21_5107	636	0.020699082	0.0000703	0.000185193	TRUE	0.624002868	TRUE	0.621978863	TRUE	0.456047141	TRUE	0.114729957	TRUE	0.191972758	TRUE	35.17386609	TRUE	0.002401981
Cal_Batch18_9255	689	0.020608241	0.00007	0.000184402	TRUE	0.402909448	TRUE	0.414704169	TRUE	0.357565103	TRUE	0.062348823	TRUE	0.148483162	TRUE	20.99311701	TRUE	0.002163177
Cal_Batch10_3171	729	0.020573122	0.0000699	0.000184139	TRUE	0.471385622	TRUE	0.420848269	TRUE	0.335708942	TRUE	0.140969684	TRUE	0.170588974	TRUE	30.34118396	TRUE	0.002969575
Cal_Batch26_4798	620	0.020581663	0.0000699	0.000184139	TRUE	0.629122056	TRUE	0.591609433	TRUE	0.441245158	TRUE	0.106849675	TRUE	0.200470359	TRUE	46.79948142	TRUE	0.002308251
Cal_Batch11_713	675	0.020402183	0.0000693	0.000182558	TRUE	0.477546661	TRUE	0.387231399	TRUE	0.469449736	TRUE	0.1096872	TRUE	0.14979941	TRUE	23.09494827	TRUE	0.00233643
Cal_Batch10_9799	630	0.020114609	0.0000683	0.000179924	TRUE	0.547132006	TRUE	0.615393578	TRUE	0.511118011	TRUE	0.086601003	TRUE	0.123989421	TRUE	24.48261025	TRUE	0.002191577
Cal_Batch3_6603	673	0.020065843	0.0000682	0.000179661	TRUE	0.386843264	TRUE	0.446310198	TRUE	0.351004225	TRUE	0.069499315	TRUE	0.189976434	TRUE	19.60578883	TRUE	0.002730538
Cal_Batch25_1890	757	0.020034394	0.0000681	0.000179397	TRUE	0.626072536	TRUE	0.577132814	TRUE	0.36772277	TRUE	0.097406491	TRUE	0.146975427	TRUE	34.88927637	TRUE	0.001875367
Cal_Batch14_7882	695	0.019957232	0.0000678	0.000178607	TRUE	0.628240386	TRUE	0.552926493	TRUE	0.362258957	TRUE	0.068129115	TRUE	0.188663302	TRUE	49.64472252	TRUE	0.002343661
Cal_Batch8_2822	750	0.019886005	0.0000676	0.00017808	TRUE	0.477679347	TRUE	0.411989264	TRUE	0.403288239	TRUE	0.082464679	TRUE	0.112465569	TRUE	29.87066246	TRUE	0.002194971
Cal_Batch18_1108	660	0.019828956	0.0000674	0.000177553	TRUE	0.549591117	TRUE	0.502760977	TRUE	0.356850414	TRUE	0.072722011	TRUE	0.101279154	TRUE	34.40171326	TRUE	0.001943378
Cal_Batch20_759	736	0.019844313	0.0000674	0.000177553	TRUE	0.493661664	TRUE	0.451379949	TRUE	0.432821737	TRUE	0.102121186	TRUE	0.150420861	TRUE	24.43356643	TRUE	0.002445302
Cal_Batch5_7019	650	0.019767525	0.0000672	0.000177026	TRUE	0.510892523	TRUE	0.54737677	TRUE	0.594606242	TRUE	0.051967481	TRUE	0.167142153	TRUE	15.78188406	TRUE	0.001744756
Cal_Batch19_9982	701	0.019710999	0.000067	0.000176499	TRUE	0.498606762	TRUE	0.555266388	TRUE	0.546301097	TRUE	0.041615951	TRUE	0.080749812	TRUE	15.78135828	TRUE	0.00140395
Cal_Batch16_1721	661	0.019731243	0.000067	0.000176499	TRUE	0.59301004	TRUE	0.46531602	TRUE	0.517182599	TRUE	0.058029497	TRUE	0.122036129	TRUE	36.30184332	TRUE	0.001683282
Cal_Batch6_3658	768	0.019631628	0.0000667	0.000175709	TRUE	0.347787708	TRUE	0.405362107	TRUE	0.3601747	TRUE	0.10198704	TRUE	0.164427226	TRUE	15.17251656	TRUE	0.002734107
Cal_Batch24_6695	684	0.019492228	0.0000662	0.000174392	TRUE	0.556377205	TRUE	0.527853921	TRUE	0.458842933	TRUE	0.097436007	TRUE	0.160488038	TRUE	34.78695293	TRUE	0.002524763
Cal_Batch10_2978	708	0.019075372	0.0000648	0.000170704	TRUE	0.510206865	TRUE	0.504191448	TRUE	0.43145727	TRUE	0.038284498	TRUE	0.132297717	TRUE	21.53461538	TRUE	0.001848453
Cal_Batch26_335	685	0.01901689	0.0000646	0.000170177	TRUE	0.421804284	TRUE	0.498536947	TRUE	0.404964625	TRUE	0.097614897	TRUE	0.202320865	TRUE	22.05990923	TRUE	0.002647944
Cal_Batch14_3312	618	0.018284749	0.0000621	0.000163591	TRUE	0.642754071	TRUE	0.614848735	TRUE	0.585454659	TRUE	0.049907782	TRUE	0.11760191	TRUE	34.72180451	TRUE	0.001580678
Cal_Batch9_2543	739	0.018191244	0.0000618	0.000162801	TRUE	0.43862357	TRUE	0.422682421	TRUE	0.422707648	TRUE	0.038581782	TRUE	0.075749693	TRUE	19.88919214	TRUE	0.00187352
Cal_Batch6_4751	698	0.018154816	0.0000617	0.000162537	TRUE	0.408973347	TRUE	0.412364652	TRUE	0.338403726	TRUE	0.051864352	TRUE	0.121410878	TRUE	21.14942904	TRUE	0.002147005
Cal_Batch2_3587	724	0.018174444	0.0000617	0.000162537	TRUE	0.542121442	TRUE	0.546589492	TRUE	0.478807954	TRUE	0.048381136	TRUE	0.084560691	TRUE	24.24073079	TRUE	0.001541995
Cal_Batch12_7959	725	0.017991358	0.0000611	0.000160957	TRUE	0.528244205	TRUE	0.519709855	TRUE	0.369286167	TRUE	0.061074173	TRUE	0.126643621	TRUE	26.58618785	TRUE	0.001919248
Cal_Batch7_3572	739	0.017862646	0.0000607	0.000159903	TRUE	0.581351094	TRUE	0.472798801	TRUE	0.420720431	TRUE	0.058063903	TRUE	0.136211076	TRUE	35.36099585	TRUE	0.001997834
Cal_Batch10_559	734	0.017760725	0.0000603	0.000158849	TRUE	0.361680116	TRUE	0.375470747	TRUE	0.377810056	TRUE	0.083970026	TRUE	0.191264215	TRUE	18.36399604	TRUE	0.002748359
Cal_Batch8_7104	708	0.017637451	0.0000599	0.000157796	TRUE	0.46260106	TRUE	0.558855665	TRUE	0.463087638	TRUE	0.096772089	TRUE	0.151784668	TRUE	17.17824968	TRUE	0.002499308
Cal_Batch24_4619	676	0.017610669	0.0000598	0.000157532	TRUE	0.61521014	TRUE	0.486163167	TRUE	0.503633979	TRUE	0.028325817	TRUE	0.073715899	TRUE	39.48633441	TRUE	0.00147832
Cal_Batch28_4241	643	0.017093436	0.0000581	0.000153054	TRUE	0.552557299	TRUE	0.546550824	TRUE	0.476511479	TRUE	0.073382399	TRUE	0.142453046	TRUE	32.44596443	TRUE	0.002246212
Cal_Batch8_1457	710	0.017016245	0.0000578	0.000152264	TRUE	0.582574353	TRUE	0.478309491	TRUE	0.380625943	TRUE	0.098832359	TRUE	0.15621839	TRUE	41.2815534	TRUE	0.002118683
Cal_Batch22_7110	621	0.017026035	0.0000578	0.000152264	TRUE	0.451030498	TRUE	0.567925783	TRUE	0.524277005	TRUE	0.024265052	TRUE	0.110013034	TRUE	15.56819694	TRUE	0.001692118
Cal_Batch15_3139	690	0.01697782	0.0000577	0.000152	TRUE	0.392825088	TRUE	0.409794467	TRUE	0.301631583	TRUE	0.151882816	TRUE	0.186360852	TRUE	19.9091197	TRUE	0.003089415
Cal_Batch8_1390	653	0.016710325	0.0000568	0.000149629	TRUE	0.595101482	TRUE	0.521303927	TRUE	0.331676454	TRUE	0.148845153	TRUE	0.193774395	TRUE	49.00414079	TRUE	0.002831771
Cal_Batch23_8587	729	0.016623876	0.0000565	0.000148839	TRUE	0.448453245	TRUE	0.490053788	TRUE	0.380245292	TRUE	0.066134223	TRUE	0.137186788	TRUE	21.20277149	TRUE	0.001962607
Cal_Batch7_6447	626	0.016476133	0.000056	0.000147522	TRUE	0.560886084	TRUE	0.60070134	TRUE	0.581596593	TRUE	0.066897458	TRUE	0.152963892	TRUE	17.7202473	TRUE	0.001614306
Cal_Batch5_3967	646	0.016294017	0.0000554	0.000145941	TRUE	0.583300379	TRUE	0.64648048	TRUE	0.46362835	TRUE	0.06114669	TRUE	0.106083031	TRUE	28.73853525	TRUE	0.001605399
Cal_Batch12_1800	679	0.016277527	0.0000553	0.000145678	TRUE	0.52765424	TRUE	0.55562033	TRUE	0.540077086	TRUE	0.047105959	TRUE	0.195302954	TRUE	20.54009349	TRUE	0.002106801
Cal_Batch8_6977	671	0.016159772	0.0000549	0.000144624	TRUE	0.458579882	TRUE	0.456968524	TRUE	0.449172934	TRUE	0.093751309	TRUE	0.192066732	TRUE	26.68841241	TRUE	0.002736842
Cal_Batch22_7928	663	0.016063081	0.0000546	0.000143834	TRUE	0.447670063	TRUE	0.580028046	TRUE	0.4470872	TRUE	0.062028875	TRUE	0.110212108	TRUE	16.18091809	TRUE	0.001785939
Cal_Batch2_4368	663	0.016079257	0.0000546	0.000143834	TRUE	0.556828638	TRUE	0.551480597	TRUE	0.575694698	TRUE	0.083232443	TRUE	0.175364354	TRUE	22.96398003	TRUE	0.00218045
Cal_Batch10_688	676	0.01600972	0.0000544	0.000143307	TRUE	0.438534993	TRUE	0.427596637	TRUE	0.382833422	TRUE	0.054326571	TRUE	0.135542577	TRUE	21.44379901	TRUE	0.002051148
Cal_Batch21_2006	692	0.015987698	0.0000543	0.000143044	TRUE	0.411970792	TRUE	0.507239159	TRUE	0.399562967	TRUE	0.094126707	TRUE	0.211797887	TRUE	18.75044014	TRUE	0.002662687
Cal_Batch17_4050	648	0.015946597	0.0000542	0.00014278	TRUE	0.590649591	TRUE	0.649648143	TRUE	0.500218127	TRUE	0.093404888	TRUE	0.136766806	TRUE	21.48753117	TRUE	0.001804493
Cal_Batch14_8994	645	0.015946749	0.0000542	0.00014278	TRUE	0.595675819	TRUE	0.640232747	TRUE	0.601665485	TRUE	0.051433097	TRUE	0.133649899	TRUE	21.92495189	TRUE	0.00147486
Cal_Batch12_9303	621	0.015908598	0.000054	0.000142253	TRUE	0.612078518	TRUE	0.634813902	TRUE	0.595446965	TRUE	0.043634454	TRUE	0.145773693	TRUE	25.65520535	TRUE	0.001460968
Cal_Batch24_484	718	0.015649567	0.0000532	0.000140146	TRUE	0.501357696	TRUE	0.615231453	TRUE	0.550048509	TRUE	0.049616291	TRUE	0.100354703	TRUE	15.64976174	TRUE	0.001452428
Cal_Batch14_9636	718	0.015563666	0.0000529	0.000139355	TRUE	0.503243744	TRUE	0.554615759	TRUE	0.392627425	TRUE	0.098304554	TRUE	0.156836052	TRUE	22.32610322	TRUE	0.002052781
Cal_Batch7_2300	682	0.015456436	0.0000525	0.000138302	TRUE	0.584962937	TRUE	0.475854626	TRUE	0.367385053	TRUE	0.103366017	TRUE	0.152816532	TRUE	42.32388316	TRUE	0.002067497
Cal_Batch22_9351	713	0.015360717	0.0000522	0.000137511	TRUE	0.441593222	TRUE	0.4227589	TRUE	0.408884156	TRUE	0.097747363	TRUE	0.148251034	TRUE	22.52792475	TRUE	0.002322328
Cal_Batch2_6959	736	0.015119912	0.0000514	0.000135404	TRUE	0.503914034	TRUE	0.611168853	TRUE	0.460704492	TRUE	0.087707524	TRUE	0.111840923	TRUE	17.82222222	TRUE	0.001957057
Cal_Batch7_1043	665	0.015065673	0.0000512	0.000134877	TRUE	0.413590137	TRUE	0.470013435	TRUE	0.516032453	TRUE	0.066566974	TRUE	0.176240554	TRUE	16.08988294	TRUE	0.002346323
Cal_Batch19_1889	687	0.014855726	0.0000505	0.000133033	TRUE	0.407979237	TRUE	0.50248771	TRUE	0.44656738	TRUE	0.098159245	TRUE	0.150217684	TRUE	15.40023895	TRUE	0.00214971
Cal_Batch11_7547	692	0.014803261	0.0000503	0.000132506	TRUE	0.468326333	TRUE	0.42165357	TRUE	0.47174301	TRUE	0.029190928	TRUE	0.157119105	TRUE	21.90491803	TRUE	0.001841343
Cal_Batch8_9284	638	0.014726716	0.00005	0.000131716	TRUE	0.515042118	TRUE	0.541367584	TRUE	0.551520091	TRUE	0.114976846	TRUE	0.229860299	TRUE	20.86745964	TRUE	0.002726401
Cal_Batch27_953	663	0.014535759	0.0000494	0.000130135	TRUE	0.506975685	TRUE	0.422493599	TRUE	0.50195868	TRUE	0.120293148	TRUE	0.162445612	TRUE	29.61702128	TRUE	0.002362009
Cal_Batch6_3159	692	0.01450944	0.0000493	0.000129872	TRUE	0.422473396	TRUE	0.514582389	TRUE	0.343127676	TRUE	0.160067652	TRUE	0.201653453	TRUE	16.05763689	TRUE	0.003095129
Cal_Batch24_903	714	0.014512367	0.0000493	0.000129872	TRUE	0.596386514	TRUE	0.410177946	TRUE	0.366851228	TRUE	0.049925631	TRUE	0.085056931	TRUE	54.13796478	TRUE	0.002022665
Cal_Batch19_5722	674	0.014487057	0.0000492	0.000129608	TRUE	0.550839889	TRUE	0.530305927	TRUE	0.360420993	TRUE	0.078647111	TRUE	0.124703532	TRUE	29.74372117	TRUE	0.001929791
Cal_Batch19_6546	779	0.014430265	0.000049	0.000129082	TRUE	0.487977839	TRUE	0.411074027	TRUE	0.338892654	TRUE	0.104473301	TRUE	0.183153083	TRUE	34.06908769	TRUE	0.002960596
Cal_Batch26_2010	627	0.014385846	0.0000489	0.000128818	TRUE	0.547499385	TRUE	0.550862196	TRUE	0.441684652	TRUE	0.055432402	TRUE	0.145992882	TRUE	28.51567797	TRUE	0.001779734
Cal_Batch7_7978	687	0.014312564	0.0000486	0.000128028	TRUE	0.409690382	TRUE	0.453337493	TRUE	0.386103866	TRUE	0.125530073	TRUE	0.164214035	TRUE	20.12619858	TRUE	0.002842315
Cal_Batch8_5794	618	0.014320732	0.0000486	0.000128028	TRUE	0.543751681	TRUE	0.636124364	TRUE	0.603977225	TRUE	0.070936429	TRUE	0.134070906	TRUE	15.52554745	TRUE	0.001748337
Cal_Batch7_1125	632	0.014212418	0.0000483	0.000127238	TRUE	0.626203043	TRUE	0.649934825	TRUE	0.45609597	TRUE	0.105354137	TRUE	0.187109519	TRUE	35.39794967	TRUE	0.002326659
Cal_Batch21_6785	667	0.014191798	0.0000482	0.000126974	TRUE	0.587120917	TRUE	0.635920976	TRUE	0.46500332	TRUE	0.144386573	TRUE	0.211930919	TRUE	32.52210724	TRUE	0.002546754
Cal_Batch9_9538	677	0.014173451	0.0000481	0.000126711	TRUE	0.52735864	TRUE	0.503591934	TRUE	0.527321806	TRUE	0.07163871	TRUE	0.121399707	TRUE	21.28845232	TRUE	0.001766376
Cal_Batch7_8017	741	0.014080191	0.0000478	0.00012592	TRUE	0.488045272	TRUE	0.446445087	TRUE	0.385670804	TRUE	0.107992708	TRUE	0.149042518	TRUE	32.10756972	TRUE	0.002922638
Cal_Batch6_418	625	0.013925098	0.0000473	0.000124603	TRUE	0.608622995	TRUE	0.634007219	TRUE	0.517975212	TRUE	0.093297411	TRUE	0.144601455	TRUE	33.64379415	TRUE	0.002233353
Cal_Batch9_2515	760	0.013866368	0.0000471	0.000124076	TRUE	0.347277133	TRUE	0.367845692	TRUE	0.365731799	TRUE	0.088028977	TRUE	0.166176784	TRUE	15.71493786	TRUE	0.002597241
Cal_Batch21_9251	653	0.013794516	0.0000469	0.00012355	TRUE	0.5	TRUE	0.540179063	TRUE	0.497871289	TRUE	0.047057205	TRUE	0.10008676	TRUE	20.47398844	TRUE	0.001611473
Cal_Batch14_838	689	0.013789869	0.0000468	0.000123286	TRUE	0.525544275	TRUE	0.506060206	TRUE	0.458446649	TRUE	0.070363243	TRUE	0.170517059	TRUE	28.01500326	TRUE	0.001914937
Cal_Batch8_4325	699	0.013595458	0.0000462	0.000121706	TRUE	0.452774992	TRUE	0.431456507	TRUE	0.384961549	TRUE	0.15430131	TRUE	0.19001999	TRUE	25.18245264	TRUE	0.002966609
Cal_Batch16_7478	650	0.013569087	0.0000461	0.000121442	TRUE	0.607342144	TRUE	0.609936798	TRUE	0.587416655	TRUE	0.056880966	TRUE	0.153023032	TRUE	26.87621574	TRUE	0.001820096
Cal_Batch24_5523	618	0.013485711	0.0000458	0.000120652	TRUE	0.558832145	TRUE	0.619754604	TRUE	0.552666835	TRUE	0.125708191	TRUE	0.154700231	TRUE	23.29137529	TRUE	0.002370188
Cal_Batch14_2068	654	0.013443847	0.0000457	0.000120388	TRUE	0.491547081	TRUE	0.638350922	TRUE	0.509866396	TRUE	0.086626439	TRUE	0.205564775	TRUE	18.33398976	TRUE	0.002225553
Cal_Batch24_984	715	0.013380896	0.0000455	0.000119862	TRUE	0.422601504	TRUE	0.522854093	TRUE	0.424188744	TRUE	0.101404659	TRUE	0.139354241	TRUE	16.33051296	TRUE	0.002107579
Cal_Batch22_9140	781	0.01339082	0.0000455	0.000119862	TRUE	0.370681098	TRUE	0.414046454	TRUE	0.366532844	TRUE	0.062948924	TRUE	0.180975661	TRUE	16.64014723	TRUE	0.002720241
Cal_Batch1_952	793	0.013339898	0.0000453	0.000119335	TRUE	0.599537382	TRUE	0.551546564	TRUE	0.51465397	TRUE	0.038185901	TRUE	0.146484574	TRUE	33.52475248	TRUE	0.002226606
Cal_Batch15_2620	701	0.013294087	0.0000452	0.000119071	TRUE	0.476778125	TRUE	0.50171116	TRUE	0.426272736	TRUE	0.055211993	TRUE	0.106004366	TRUE	19.54428044	TRUE	0.001847518
Cal_Batch10_6061	626	0.013317371	0.0000452	0.000119071	TRUE	0.592152408	TRUE	0.601188086	TRUE	0.595399662	TRUE	0.050898385	TRUE	0.17919276	TRUE	26.93326271	TRUE	0.001877319
Cal_Batch23_245	660	0.013269759	0.0000451	0.000118808	TRUE	0.615818111	TRUE	0.547862993	TRUE	0.342470736	TRUE	0.151519507	TRUE	0.188486183	TRUE	44.14039216	TRUE	0.002763253
Cal_Batch5_8189	637	0.013187129	0.0000448	0.000118017	TRUE	0.633564167	TRUE	0.621955476	TRUE	0.342054949	TRUE	0.082094676	TRUE	0.137607508	TRUE	41.01339286	TRUE	0.00180434
Cal_Batch11_9235	634	0.013189458	0.0000448	0.000118017	TRUE	0.491873365	TRUE	0.620543618	TRUE	0.505968035	TRUE	0.074401736	TRUE	0.163956634	TRUE	16.73036187	TRUE	0.00223731
Cal_Batch1_3707	741	0.013125351	0.0000446	0.000117491	TRUE	0.496737447	TRUE	0.533695592	TRUE	0.448468575	TRUE	0.101859018	TRUE	0.134546292	TRUE	20.75067024	TRUE	0.002027544
Cal_Batch27_1970	633	0.013034035	0.0000443	0.0001167	TRUE	0.45743364	TRUE	0.622212641	TRUE	0.454040484	TRUE	0.088088216	TRUE	0.165571104	TRUE	15.58192651	TRUE	0.002376677
Cal_Batch25_1767	687	0.012970063	0.0000441	0.000116173	TRUE	0.592023688	TRUE	0.553024436	TRUE	0.478809948	TRUE	0.084011243	TRUE	0.159728446	TRUE	40.40985442	TRUE	0.00243834
Cal_Batch25_8945	635	0.012851265	0.0000437	0.00011512	TRUE	0.629456407	TRUE	0.442418135	TRUE	0.351925353	TRUE	0.068177695	TRUE	0.082083558	TRUE	70.6407767	TRUE	0.001901593
Cal_Batch10_2332	647	0.012860259	0.0000437	0.00011512	TRUE	0.501706485	TRUE	0.563604302	TRUE	0.520082225	TRUE	0.048593046	TRUE	0.122030765	TRUE	18.17955439	TRUE	0.001518123
Cal_Batch6_3902	734	0.012772826	0.0000434	0.000114329	TRUE	0.373721908	TRUE	0.435045141	TRUE	0.327431864	TRUE	0.090998208	TRUE	0.131180144	TRUE	16.64477799	TRUE	0.002406233
Cal_Batch10_2804	639	0.01268113	0.0000431	0.000113539	TRUE	0.638289963	TRUE	0.59816393	TRUE	0.635962621	TRUE	0.062880359	TRUE	0.171106933	TRUE	31.38364055	TRUE	0.001601811
Cal_Batch20_1645	606	0.012577096	0.0000427	0.000112485	TRUE	0.626789185	TRUE	0.605567911	TRUE	0.574963296	TRUE	0.024564262	TRUE	0.10938143	TRUE	29.56272147	TRUE	0.001452014
Cal_Batch28_2034	627	0.01238752	0.0000421	0.000110905	TRUE	0.648835203	TRUE	0.640330335	TRUE	0.545361414	TRUE	0.084710026	TRUE	0.17303707	TRUE	36.94178794	TRUE	0.002065965
Cal_Batch18_2534	655	0.012403142	0.0000421	0.000110905	TRUE	0.448359697	TRUE	0.586201731	TRUE	0.345850019	TRUE	0.148266673	TRUE	0.199150498	TRUE	16.39911472	TRUE	0.002815531
Cal_Batch25_5265	713	0.012352265	0.000042	0.000110641	TRUE	0.488597142	TRUE	0.479704647	TRUE	0.388656665	TRUE	0.084204474	TRUE	0.154898652	TRUE	27.62270776	TRUE	0.001982668
Cal_Batch25_9882	703	0.012363332	0.000042	0.000110641	TRUE	0.4304457	TRUE	0.515501013	TRUE	0.404476708	TRUE	0.08052576	TRUE	0.167222779	TRUE	19.44066516	TRUE	0.002052554
Cal_Batch21_3186	652	0.012320884	0.0000419	0.000110378	TRUE	0.526777485	TRUE	0.64080333	TRUE	0.512538701	TRUE	0.081408218	TRUE	0.12070584	TRUE	19.7820907	TRUE	0.002108415
Cal_Batch10_4752	684	0.012322492	0.0000419	0.000110378	TRUE	0.423836573	TRUE	0.377435421	TRUE	0.33030625	TRUE	0.106940248	TRUE	0.158286837	TRUE	22.61260137	TRUE	0.002640323
Cal_Batch26_3789	716	0.012238469	0.0000416	0.000109588	TRUE	0.48876854	TRUE	0.505058212	TRUE	0.398532555	TRUE	0.065251923	TRUE	0.152853997	TRUE	20.85671863	TRUE	0.001931436
Cal_Batch5_6267	663	0.012155912	0.0000413	0.000108797	TRUE	0.620189061	TRUE	0.470373639	TRUE	0.393298853	TRUE	0.054822761	TRUE	0.10734147	TRUE	65.66858553	TRUE	0.001784536
Cal_Batch17_2211	638	0.012059016	0.000041	0.000108007	TRUE	0.481467867	TRUE	0.44333578	TRUE	0.523640997	TRUE	0.051657289	TRUE	0.196472987	TRUE	22.60087719	TRUE	0.002455947
Cal_Batch7_6205	655	0.012032742	0.0000409	0.000107744	TRUE	0.506451358	TRUE	0.631255449	TRUE	0.497982007	TRUE	0.08719248	TRUE	0.109386795	TRUE	19.6301633	TRUE	0.001765993
Cal_Batch2_2232	714	0.011986483	0.0000407	0.000107217	TRUE	0.454172596	TRUE	0.444664897	TRUE	0.422230111	TRUE	0.058063638	TRUE	0.160641745	TRUE	25.56369107	TRUE	0.002633952
Cal_Batch4_4909	681	0.011915722	0.0000405	0.00010669	TRUE	0.406084925	TRUE	0.548146258	TRUE	0.457292236	TRUE	0.102999592	TRUE	0.196274966	TRUE	15.18387294	TRUE	0.002535488
Cal_Batch18_3942	690	0.011925936	0.0000405	0.00010669	TRUE	0.357430288	TRUE	0.433730705	TRUE	0.403006727	TRUE	0.132760126	TRUE	0.17122567	TRUE	15.75964794	TRUE	0.002897405
Cal_Batch20_6126	645	0.011875194	0.0000403	0.000106163	TRUE	0.617393542	TRUE	0.621753384	TRUE	0.613906893	TRUE	0.077341097	TRUE	0.182607488	TRUE	26.71517028	TRUE	0.002015
Cal_Batch7_7740	693	0.011842994	0.0000402	0.0001059	TRUE	0.442022747	TRUE	0.370057468	TRUE	0.312527368	TRUE	0.119220489	TRUE	0.19111224	TRUE	30.42059621	TRUE	0.003034384
Cal_Batch21_9285	697	0.011806836	0.0000401	0.000105636	TRUE	0.429057223	TRUE	0.517164812	TRUE	0.400885715	TRUE	0.140174897	TRUE	0.153363995	TRUE	17.28018303	TRUE	0.003054883
Cal_Batch25_9606	680	0.01181656	0.0000401	0.000105636	TRUE	0.414636926	TRUE	0.485177067	TRUE	0.402332609	TRUE	0.139856062	TRUE	0.20187338	TRUE	18.82631038	TRUE	0.002874535
Cal_Batch5_671	675	0.011685584	0.0000397	0.000104582	TRUE	0.534827251	TRUE	0.450391455	TRUE	0.407257627	TRUE	0.087459427	TRUE	0.143102199	TRUE	35.96137699	TRUE	0.002175341
Cal_Batch24_9408	668	0.011647556	0.0000396	0.000104319	TRUE	0.491544603	TRUE	0.585534362	TRUE	0.399359838	TRUE	0.161594416	TRUE	0.205933866	TRUE	18.21601208	TRUE	0.002977609
Cal_Batch1_421	743	0.011660573	0.0000396	0.000104319	TRUE	0.557597299	TRUE	0.421744091	TRUE	0.522549402	TRUE	0.03794993	TRUE	0.148534259	TRUE	30.36281666	TRUE	0.002114535
Cal_Batch22_6431	779	0.011668769	0.0000396	0.000104319	TRUE	0.456362425	TRUE	0.509578037	TRUE	0.409633451	TRUE	0.079738537	TRUE	0.136130881	TRUE	17.97869507	TRUE	0.002185198
Cal_Batch6_6257	652	0.011395031	0.0000387	0.000101948	TRUE	0.600524977	TRUE	0.595196947	TRUE	0.51925812	TRUE	0.101956748	TRUE	0.172772947	TRUE	28.29376855	TRUE	0.001908183
Cal_Batch11_082	649	0.011204461	0.0000381	0.000100368	TRUE	0.600207326	TRUE	0.578988007	TRUE	0.622812916	TRUE	0.078355876	TRUE	0.160782782	TRUE	25.97997238	TRUE	0.002111937
Cal_Batch4_1599	635	0.011098891	0.0000377	9.93E-05	TRUE	0.598046512	TRUE	0.472807459	TRUE	0.47929184	TRUE	0.035459889	TRUE	0.133248591	TRUE	49.05039194	TRUE	0.001675454
Cal_Batch14_9320	774	0.011031608	0.0000375	9.88E-05	TRUE	0.397100348	TRUE	0.460307658	TRUE	0.385397818	TRUE	0.094436384	TRUE	0.140601993	TRUE	15.7682727	TRUE	0.002385861
Cal_Batch23_689	667	0.010910513	0.0000371	9.77E-05	TRUE	0.495625	TRUE	0.552607128	TRUE	0.52839125	TRUE	0.100984009	TRUE	0.19413731	TRUE	17.05408654	TRUE	0.002450257
Cal_Batch14_6100	660	0.010902689	0.000037	9.75E-05	TRUE	0.541108294	TRUE	0.548349191	TRUE	0.515531413	TRUE	0.04027711	TRUE	0.10610303	TRUE	24.60373216	TRUE	0.001489237
Cal_Batch11_1846	732	0.010843522	0.0000368	9.69E-05	TRUE	0.427250469	TRUE	0.521957368	TRUE	0.435738903	TRUE	0.063788994	TRUE	0.157876487	TRUE	16.98575499	TRUE	0.002548139
Cal_Batch22_8261	704	0.010583242	0.000036	9.48E-05	TRUE	0.491079578	TRUE	0.490572094	TRUE	0.470976406	TRUE	0.053566475	TRUE	0.138805831	TRUE	20.44403853	TRUE	0.001809825
Cal_Batch11_3954	660	0.010403621	0.0000353	9.30E-05	TRUE	0.444279906	TRUE	0.49790129	TRUE	0.482550697	TRUE	0.027366237	TRUE	0.11982528	TRUE	15.5122739	TRUE	0.001510682
Cal_Batch5_2027	634	0.010309538	0.000035	9.22E-05	TRUE	0.606883451	TRUE	0.628343013	TRUE	0.609538955	TRUE	0.048316894	TRUE	0.140080538	TRUE	20.27027027	TRUE	0.001471865
Cal_Batch17_6306	626	0.010274889	0.0000349	9.19E-05	TRUE	0.592433578	TRUE	0.61799746	TRUE	0.602719962	TRUE	0.046275587	TRUE	0.132282611	TRUE	17.93873452	TRUE	0.001465951
Cal_Batch15_269	643	0.010248649	0.0000348	9.17E-05	TRUE	0.448426318	TRUE	0.493629709	TRUE	0.442110315	TRUE	0.081029642	TRUE	0.171418865	TRUE	22.72939297	TRUE	0.002566215
Cal_Batch22_9985	611	0.010208895	0.0000347	9.14E-05	TRUE	0.61952132	TRUE	0.629223704	TRUE	0.605565891	TRUE	0.03647546	TRUE	0.147496857	TRUE	25.62068966	TRUE	0.001376103
Cal_Batch19_1652	605	0.010025981	0.0000341	8.98E-05	TRUE	0.642924149	TRUE	0.64718169	TRUE	0.641057889	TRUE	0.044611112	TRUE	0.154323735	TRUE	26.0625	TRUE	0.00151395
Cal_Batch17_2707	690	0.010016638	0.000034	8.96E-05	TRUE	0.587925966	TRUE	0.486248007	TRUE	0.55489948	TRUE	0.03666498	TRUE	0.159166697	TRUE	34.68905473	TRUE	0.001630245
Cal_Batch11_2849	665	0.009900263	0.0000336	8.85E-05	TRUE	0.567043151	TRUE	0.429699918	TRUE	0.400860567	TRUE	0.036866347	TRUE	0.070441252	TRUE	51.97892889	TRUE	0.001723702
Cal_Batch21_148	628	0.009896851	0.0000336	8.85E-05	TRUE	0.606401864	TRUE	0.597378901	TRUE	0.467992041	TRUE	0.091302071	TRUE	0.139398815	TRUE	42.76747312	TRUE	0.002303257
Cal_Batch22_8020	643	0.009900027	0.0000336	8.85E-05	TRUE	0.495775715	TRUE	0.573350245	TRUE	0.335267835	TRUE	0.132395996	TRUE	0.203270944	TRUE	21.98318946	TRUE	0.002790252
Cal_Batch7_433	709	0.009898964	0.0000336	8.85E-05	TRUE	0.487923435	TRUE	0.480781272	TRUE	0.433261006	TRUE	0.082215181	TRUE	0.125522389	TRUE	23.73546512	TRUE	0.001937628
Cal_Batch22_8719	704	0.009801251	0.0000333	8.77E-05	TRUE	0.627699427	TRUE	0.546076605	TRUE	0.569999746	TRUE	0.088075392	TRUE	0.118835607	TRUE	27.75617902	TRUE	0.001866758
Cal_Batch24_9943	664	0.009809924	0.0000333	8.77E-05	TRUE	0.523227384	TRUE	0.438806447	TRUE	0.45708818	TRUE	0.103301743	TRUE	0.168604662	TRUE	35.36245111	TRUE	0.002833206
Cal_Batch20_8757	662	0.009638108	0.0000327	8.61E-05	TRUE	0.51980997	TRUE	0.605663744	TRUE	0.486131072	TRUE	0.036181288	TRUE	0.086279015	TRUE	19.78311927	TRUE	0.001461085
Cal_Batch25_4927	716	0.009501401	0.0000323	8.51E-05	TRUE	0.433951462	TRUE	0.47170568	TRUE	0.377836514	TRUE	0.082209864	TRUE	0.161699103	TRUE	25.80125899	TRUE	0.002690533
Cal_Batch20_5696	651	0.009512946	0.0000323	8.51E-05	TRUE	0.59679059	TRUE	0.576416461	TRUE	0.429479155	TRUE	0.083377004	TRUE	0.160155401	TRUE	35.89786856	TRUE	0.001962661
Cal_Batch18_819	684	0.009471391	0.0000322	8.48E-05	TRUE	0.459782768	TRUE	0.448833783	TRUE	0.35025522	TRUE	0.077974866	TRUE	0.193757562	TRUE	29.61565369	TRUE	0.00272602
Cal_Batch10_1622	722	0.009436691	0.0000321	8.46E-05	TRUE	0.426699697	TRUE	0.502995266	TRUE	0.376926458	TRUE	0.124521105	TRUE	0.16020773	TRUE	16.40370615	TRUE	0.002426301
Cal_Batch18_9135	602	0.009422975	0.000032	8.43E-05	TRUE	0.525826571	TRUE	0.644154441	TRUE	0.566051756	TRUE	0.05254995	TRUE	0.105319924	TRUE	15.78137505	TRUE	0.001595292
Cal_Batch27_1156	730	0.009389969	0.0000319	8.40E-05	TRUE	0.382753646	TRUE	0.419622524	TRUE	0.376337591	TRUE	0.108431005	TRUE	0.186937751	TRUE	16.41491396	TRUE	0.002862283
Cal_Batch5_1751	697	0.009361509	0.0000318	8.38E-05	TRUE	0.531020058	TRUE	0.6002093	TRUE	0.537307491	TRUE	0.077823063	TRUE	0.113338046	TRUE	18.86810229	TRUE	0.001731964
Cal_Batch2_1274	700	0.00932996	0.0000317	8.35E-05	TRUE	0.442406877	TRUE	0.449700191	TRUE	0.348539263	TRUE	0.092432487	TRUE	0.206969794	TRUE	26.21205711	TRUE	0.002860323
Cal_Batch22_8341	750	0.009210695	0.0000313	8.25E-05	TRUE	0.622154045	TRUE	0.473835263	TRUE	0.406884803	TRUE	0.089700685	TRUE	0.162770297	TRUE	40.5503876	TRUE	0.002885402
Cal_Batch26_3746	698	0.009221489	0.0000313	8.25E-05	TRUE	0.464313015	TRUE	0.458664551	TRUE	0.329889171	TRUE	0.092096559	TRUE	0.114678449	TRUE	22.05703552	TRUE	0.002200393
Cal_Batch12_7630	673	0.009156829	0.0000311	8.19E-05	TRUE	0.525099422	TRUE	0.494126681	TRUE	0.41290453	TRUE	0.094921245	TRUE	0.135570326	TRUE	28.05850585	TRUE	0.002120222
Cal_Batch26_5793	789	0.009024784	0.0000307	8.09E-05	TRUE	0.51771727	TRUE	0.484554456	TRUE	0.422264028	TRUE	0.069788942	TRUE	0.126381716	TRUE	23.87478849	TRUE	0.002277214
Cal_Batch12_5568	600	0.00884878	0.0000301	7.93E-05	TRUE	0.470899471	TRUE	0.625809919	TRUE	0.541993904	TRUE	0.068448075	TRUE	0.134719102	TRUE	16.08367885	TRUE	0.001965538
Cal_Batch10_2922	637	0.008832602	0.00003	7.90E-05	TRUE	0.44867859	TRUE	0.618783298	TRUE	0.502911547	TRUE	0.108428717	TRUE	0.215383172	TRUE	15.67041801	TRUE	0.002463431
Cal_Batch17_1950	673	0.008843701	0.00003	7.90E-05	TRUE	0.533871578	TRUE	0.446829281	TRUE	0.534760184	TRUE	0.067992011	TRUE	0.171487085	TRUE	26.03749044	TRUE	0.001922129
Cal_Batch17_8150	620	0.008789547	0.0000299	7.88E-05	TRUE	0.501155246	TRUE	0.625888368	TRUE	0.541381685	TRUE	0.052678643	TRUE	0.156139479	TRUE	18.25399848	TRUE	0.00191546
Cal_Batch16_9873	723	0.008738872	0.0000297	7.82E-05	TRUE	0.491651354	TRUE	0.547816859	TRUE	0.490986434	TRUE	0.052807681	TRUE	0.151303176	TRUE	18.71755725	TRUE	0.001680405
Cal_Batch7_5196	663	0.008641869	0.0000294	7.74E-05	TRUE	0.490544685	TRUE	0.560984262	TRUE	0.409051154	TRUE	0.084909636	TRUE	0.112407423	TRUE	21.52726473	TRUE	0.00189091
Cal_Batch10_8874	624	0.00851726	0.0000289	7.61E-05	TRUE	0.560287081	TRUE	0.477669587	TRUE	0.475399809	TRUE	0.066911157	TRUE	0.20646659	TRUE	42.10192308	TRUE	0.002568176
Cal_Batch9_7888	676	0.008482553	0.0000288	7.59E-05	TRUE	0.514448568	TRUE	0.533357468	TRUE	0.391267693	TRUE	0.107414502	TRUE	0.217959187	TRUE	30.89561753	TRUE	0.002726367
Cal_Batch12_1943	651	0.008368988	0.0000284	7.48E-05	TRUE	0.622270926	TRUE	0.44996359	TRUE	0.538979208	TRUE	0.035046903	TRUE	0.164745987	TRUE	57.49331963	TRUE	0.001780126
Cal_Batch26_3607	658	0.00833525	0.0000283	7.46E-05	TRUE	0.406073909	TRUE	0.483694684	TRUE	0.436833851	TRUE	0.145532944	TRUE	0.162098522	TRUE	15.64299803	TRUE	0.002481792
Cal_Batch8_1418	640	0.008306737	0.0000282	7.43E-05	TRUE	0.552533675	TRUE	0.553124806	TRUE	0.529256346	TRUE	0.022747569	TRUE	0.088638522	TRUE	20.97795824	TRUE	0.001315211
Cal_Batch18_1003	696	0.008241197	0.000028	7.38E-05	TRUE	0.556824361	TRUE	0.636645214	TRUE	0.442654511	TRUE	0.093572271	TRUE	0.124105168	TRUE	20.8242159	TRUE	0.001767138
Cal_Batch20_6977	669	0.008225485	0.0000279	7.35E-05	TRUE	0.478139082	TRUE	0.508798329	TRUE	0.366913511	TRUE	0.059491246	TRUE	0.116197319	TRUE	21.56330275	TRUE	0.001861261
Cal_Batch5_3008	644	0.008179753	0.0000278	7.32E-05	TRUE	0.615610495	TRUE	0.437191906	TRUE	0.362022415	TRUE	0.080574251	TRUE	0.20008189	TRUE	73.46697039	TRUE	0.002736603
Cal_Batch5_7663	659	0.008066759	0.0000274	7.22E-05	TRUE	0.554924587	TRUE	0.510216461	TRUE	0.570184762	TRUE	0.111654709	TRUE	0.205237922	TRUE	23.77820372	TRUE	0.002703341
Cal_Batch12_9211	673	0.007933246	0.000027	7.11E-05	TRUE	0.539665211	TRUE	0.622897724	TRUE	0.445398452	TRUE	0.100624313	TRUE	0.174367527	TRUE	24.41588493	TRUE	0.002482269
Cal_Batch23_9016	703	0.007951575	0.000027	7.11E-05	TRUE	0.554225842	TRUE	0.594775685	TRUE	0.489539439	TRUE	0.089293165	TRUE	0.211770335	TRUE	25.67541766	TRUE	0.002439208
Cal_Batch8_9270	661	0.007927629	0.0000269	7.09E-05	TRUE	0.45055107	TRUE	0.540270061	TRUE	0.50466934	TRUE	0.062155072	TRUE	0.100191536	TRUE	15.35479307	TRUE	0.001676911
Cal_Batch20_7168	740	0.007883492	0.0000268	7.06E-05	TRUE	0.497032027	TRUE	0.477894812	TRUE	0.372225295	TRUE	0.129701805	TRUE	0.198226203	TRUE	26.66224066	TRUE	0.002952326
Cal_Batch6_9282	625	0.007838157	0.0000266	7.01E-05	TRUE	0.642941336	TRUE	0.539219063	TRUE	0.375155939	TRUE	0.116592245	TRUE	0.208806371	TRUE	62.93982495	TRUE	0.002649226
Cal_Batch27_892	784	0.007792688	0.0000265	6.98E-05	TRUE	0.452588298	TRUE	0.535237107	TRUE	0.433665067	TRUE	0.060397096	TRUE	0.144921252	TRUE	16.33444444	TRUE	0.001802164
Cal_Batch4_7614	705	0.007809662	0.0000265	6.98E-05	TRUE	0.452911954	TRUE	0.446562276	TRUE	0.313958701	TRUE	0.168709441	TRUE	0.1818823	TRUE	27.89299363	TRUE	0.003185019
Cal_Batch26_2938	680	0.007781194	0.0000264	6.95E-05	TRUE	0.442071543	TRUE	0.522725985	TRUE	0.471473934	TRUE	0.020130535	TRUE	0.073493116	TRUE	15.28029899	TRUE	0.001449221
Cal_Batch4_287	661	0.007731927	0.0000263	6.93E-05	TRUE	0.582108274	TRUE	0.609033362	TRUE	0.459933685	TRUE	0.083026543	TRUE	0.151387402	TRUE	25.52247874	TRUE	0.001742878
Cal_Batch14_4699	695	0.007686717	0.0000261	6.88E-05	TRUE	0.590017752	TRUE	0.468561738	TRUE	0.3664527	TRUE	0.052219922	TRUE	0.071896837	TRUE	49.06046977	TRUE	0.001788482
Cal_Batch28_2848	611	0.007649316	0.000026	6.85E-05	TRUE	0.545517241	TRUE	0.596844304	TRUE	0.577800167	TRUE	0.035093886	TRUE	0.094043173	TRUE	21.23513011	TRUE	0.001393664
Cal_Batch26_1815	686	0.007625185	0.0000259	6.82E-05	TRUE	0.63530698	TRUE	0.504142891	TRUE	0.543679674	TRUE	0.105326049	TRUE	0.166110767	TRUE	43.72083333	TRUE	0.002647717
Cal_Batch15_4537	681	0.007416604	0.0000252	6.64E-05	TRUE	0.576055355	TRUE	0.648072202	TRUE	0.459292238	TRUE	0.094238896	TRUE	0.130630867	TRUE	24.34105263	TRUE	0.001747463
Cal_Batch24_3122	792	0.007289863	0.0000248	6.53E-05	TRUE	0.492540309	TRUE	0.390428986	TRUE	0.420193022	TRUE	0.055663965	TRUE	0.187391324	TRUE	29.15890851	TRUE	0.002615466
Cal_Batch5_9067	685	0.007233982	0.0000246	6.48E-05	TRUE	0.559361022	TRUE	0.445431428	TRUE	0.496366661	TRUE	0.106747499	TRUE	0.15441874	TRUE	39.39288476	TRUE	0.002103162
Cal_Batch28_3904	628	0.007198807	0.0000245	6.45E-05	TRUE	0.569166608	TRUE	0.629918296	TRUE	0.541020156	TRUE	0.108147212	TRUE	0.222284945	TRUE	29.06876061	TRUE	0.002416731
Cal_Batch7_5567	708	0.007209088	0.0000245	6.45E-05	TRUE	0.344436014	TRUE	0.403298155	TRUE	0.326391474	TRUE	0.124722261	TRUE	0.135327471	TRUE	15.06844337	TRUE	0.002813134
Cal_Batch23_9125	649	0.007173943	0.0000244	6.43E-05	TRUE	0.474590769	TRUE	0.533817579	TRUE	0.513993737	TRUE	0.074063538	TRUE	0.142263665	TRUE	19.00418799	TRUE	0.002264062
Cal_Batch3_7435	640	0.007173054	0.0000244	6.43E-05	TRUE	0.428486204	TRUE	0.55742464	TRUE	0.451212024	TRUE	0.074078795	TRUE	0.20107016	TRUE	18.31088314	TRUE	0.002436793
Cal_Batch3_8338	645	0.007189161	0.0000244	6.43E-05	TRUE	0.467609966	TRUE	0.567803766	TRUE	0.44783028	TRUE	0.132490157	TRUE	0.161747527	TRUE	18.99185185	TRUE	0.002791614
Cal_Batch4_3013	752	0.007193767	0.0000244	6.43E-05	TRUE	0.403852198	TRUE	0.432474159	TRUE	0.415387501	TRUE	0.04992173	TRUE	0.085922143	TRUE	15.65276273	TRUE	0.002061989
Cal_Batch14_9081	806	0.007087286	0.0000241	6.35E-05	TRUE	0.515816387	TRUE	0.349815944	TRUE	0.365241095	TRUE	0.124314852	TRUE	0.160367764	TRUE	35.53017241	TRUE	0.0028209
Cal_Batch10_9732	645	0.007048127	0.0000239	6.30E-05	TRUE	0.532145025	TRUE	0.569481498	TRUE	0.537233924	TRUE	0.02790284	TRUE	0.085520411	TRUE	21.86074271	TRUE	0.001357004
Cal_Batch8_3597	640	0.007046389	0.0000239	6.30E-05	TRUE	0.488184414	TRUE	0.583999672	TRUE	0.506470217	TRUE	0.071884135	TRUE	0.120974609	TRUE	18.4358209	TRUE	0.002295004
Cal_Batch10_9352	659	0.006919392	0.0000235	6.19E-05	TRUE	0.556379175	TRUE	0.561126283	TRUE	0.486421962	TRUE	0.033620188	TRUE	0.100805126	TRUE	29.24956063	TRUE	0.001515823
Cal_Batch11_5827	797	0.006926883	0.0000235	6.19E-05	TRUE	0.425755966	TRUE	0.384812111	TRUE	0.379183066	TRUE	0.046544807	TRUE	0.160876245	TRUE	22.92285213	TRUE	0.002490248
Cal_Batch15_2762	746	0.006876672	0.0000234	6.16E-05	TRUE	0.441274406	TRUE	0.47486437	TRUE	0.46711568	TRUE	0.01942905	TRUE	0.060769835	TRUE	15.4966606	TRUE	0.001430141
Cal_Batch26_2815	653	0.006797087	0.0000231	6.09E-05	TRUE	0.62669336	TRUE	0.475204151	TRUE	0.568486558	TRUE	0.05379638	TRUE	0.142249306	TRUE	50.56103476	TRUE	0.001760282
Cal_Batch14_3976	667	0.006807551	0.0000231	6.09E-05	TRUE	0.493564247	TRUE	0.587004681	TRUE	0.382248031	TRUE	0.074508102	TRUE	0.11394952	TRUE	17.25374127	TRUE	0.001817188
Cal_Batch24_5992	793	0.006784643	0.000023	6.06E-05	TRUE	0.491878763	TRUE	0.42839161	TRUE	0.477291201	TRUE	0.025899829	TRUE	0.115288183	TRUE	22.57392103	TRUE	0.001659992
Cal_Batch21_9423	669	0.006714835	0.0000228	6.01E-05	TRUE	0.641015	TRUE	0.527626041	TRUE	0.577376491	TRUE	0.124332041	TRUE	0.17911422	TRUE	32.64146868	TRUE	0.002794055
Cal_Batch22_7320	671	0.006683634	0.0000227	5.98E-05	TRUE	0.628533231	TRUE	0.513026588	TRUE	0.446464599	TRUE	0.041880454	TRUE	0.072989832	TRUE	54.10348837	TRUE	0.001611265
Cal_Batch20_9483	710	0.006642399	0.0000226	5.95E-05	TRUE	0.44794061	TRUE	0.454552289	TRUE	0.443940129	TRUE	0.024592304	TRUE	0.112371608	TRUE	18.86881559	TRUE	0.001648081
Cal_Batch11_6705	658	0.00663466	0.0000225	5.93E-05	TRUE	0.581360646	TRUE	0.523213487	TRUE	0.561320246	TRUE	0.030954541	TRUE	0.103852914	TRUE	25.76891447	TRUE	0.001356646
Cal_Batch7_4061	728	0.006635037	0.0000225	5.93E-05	TRUE	0.498511141	TRUE	0.434867957	TRUE	0.334572355	TRUE	0.077196625	TRUE	0.145676235	TRUE	29.244114	TRUE	0.002075356
Cal_Batch8_1565	682	0.006596243	0.0000224	5.90E-05	TRUE	0.550993702	TRUE	0.470930838	TRUE	0.357375537	TRUE	0.085737565	TRUE	0.150094004	TRUE	39.04051383	TRUE	0.00202946
Cal_Batch28_635	719	0.006572908	0.0000223	5.87E-05	TRUE	0.438501531	TRUE	0.508871119	TRUE	0.410299539	TRUE	0.061908447	TRUE	0.103571294	TRUE	17.65300896	TRUE	0.001810964
Cal_Batch1_7934	747	0.006525935	0.0000222	5.85E-05	TRUE	0.574380376	TRUE	0.639943193	TRUE	0.47040344	TRUE	0.07501179	TRUE	0.109117666	TRUE	21.61872705	TRUE	0.001736178
Cal_Batch21_5030	643	0.006539755	0.0000222	5.85E-05	TRUE	0.527803608	TRUE	0.583039217	TRUE	0.531169628	TRUE	0.043770889	TRUE	0.098407134	TRUE	21.30992196	TRUE	0.001481546
Cal_Batch26_2308	654	0.006467208	0.000022	5.80E-05	TRUE	0.421155506	TRUE	0.518830004	TRUE	0.447760181	TRUE	0.017788017	TRUE	0.069465443	TRUE	16.93369997	TRUE	0.001446118
Cal_Batch4_6123	722	0.006464887	0.000022	5.80E-05	TRUE	0.449083828	TRUE	0.399172016	TRUE	0.41166354	TRUE	0.119816835	TRUE	0.143916193	TRUE	24.1688512	TRUE	0.002399184
Cal_Batch13_2229	633	0.006389172	0.0000217	5.72E-05	TRUE	0.629792087	TRUE	0.592430683	TRUE	0.592413271	TRUE	0.046399775	TRUE	0.127721594	TRUE	33.33104541	TRUE	0.001747162
Cal_Batch25_3096	777	0.006385214	0.0000217	5.72E-05	TRUE	0.422654558	TRUE	0.50872491	TRUE	0.400857042	TRUE	0.137223075	TRUE	0.170313133	TRUE	15.64931507	TRUE	0.003019038
Cal_Batch10_418	710	0.006398685	0.0000217	5.72E-05	TRUE	0.538079198	TRUE	0.457753645	TRUE	0.39137664	TRUE	0.023984237	TRUE	0.066096178	TRUE	34.70104115	TRUE	0.001641188
Cal_Batch25_5919	630	0.006345169	0.0000216	5.69E-05	TRUE	0.47413569	TRUE	0.57665787	TRUE	0.442912752	TRUE	0.137816929	TRUE	0.202006541	TRUE	21.09979101	TRUE	0.00284494
Cal_Batch9_4729	746	0.006350648	0.0000216	5.69E-05	TRUE	0.417714382	TRUE	0.444445109	TRUE	0.427343964	TRUE	0.119822592	TRUE	0.16755791	TRUE	19.73105802	TRUE	0.002307567
Cal_Batch19_4776	621	0.006368674	0.0000216	5.69E-05	TRUE	0.44513166	TRUE	0.580538286	TRUE	0.525436751	TRUE	0.044543902	TRUE	0.120035003	TRUE	16.07706422	TRUE	0.002041413
Cal_Batch19_8927	657	0.006143792	0.0000209	5.51E-05	TRUE	0.514375633	TRUE	0.643907991	TRUE	0.429210129	TRUE	0.072566081	TRUE	0.112963407	TRUE	15.79793748	TRUE	0.001659193
Cal_Batch5_8962	677	0.006024597	0.0000205	5.40E-05	TRUE	0.544508201	TRUE	0.487796946	TRUE	0.310182489	TRUE	0.148468232	TRUE	0.192156177	TRUE	32.06211937	TRUE	0.002984792
Cal_Batch23_744	665	0.006045938	0.0000205	5.40E-05	TRUE	0.484184309	TRUE	0.571033823	TRUE	0.348784195	TRUE	0.104518777	TRUE	0.159266218	TRUE	17.50734803	TRUE	0.002019246
Cal_Batch18_3510	681	0.005974051	0.0000203	5.35E-05	TRUE	0.566779875	TRUE	0.598437139	TRUE	0.567065709	TRUE	0.031193135	TRUE	0.08331903	TRUE	19.5206743	TRUE	0.001300803
Cal_Batch7_9460	697	0.005957782	0.0000202	5.32E-05	TRUE	0.422405514	TRUE	0.52236169	TRUE	0.402030013	TRUE	0.171919329	TRUE	0.210324948	TRUE	15.89002037	TRUE	0.003065955
Cal_Batch15_8622	710	0.005858803	0.0000199	5.24E-05	TRUE	0.617567352	TRUE	0.549369868	TRUE	0.32410931	TRUE	0.105933177	TRUE	0.126574313	TRUE	38.0115886	TRUE	0.00204941
Cal_Batch26_9866	670	0.005859037	0.0000199	5.24E-05	TRUE	0.467031535	TRUE	0.574170384	TRUE	0.436048711	TRUE	0.123691849	TRUE	0.219790016	TRUE	20.48203055	TRUE	0.002772366
Cal_Batch7_6476	702	0.005826251	0.0000198	5.22E-05	TRUE	0.462792987	TRUE	0.393161762	TRUE	0.338501211	TRUE	0.043175842	TRUE	0.105686248	TRUE	28.83370571	TRUE	0.002027182
Cal_Batch23_9451	642	0.005837879	0.0000198	5.22E-05	TRUE	0.57968254	TRUE	0.581247113	TRUE	0.577176781	TRUE	0.037733572	TRUE	0.11383838	TRUE	21.61078652	TRUE	0.00141095
Cal_Batch19_3458	693	0.005759592	0.0000196	5.16E-05	TRUE	0.445296331	TRUE	0.433420383	TRUE	0.3408584	TRUE	0.061215842	TRUE	0.097698113	TRUE	24.69691829	TRUE	0.00188879
Cal_Batch23_6996	734	0.005756999	0.0000196	5.16E-05	TRUE	0.479408491	TRUE	0.436613462	TRUE	0.386170122	TRUE	0.108553522	TRUE	0.166087433	TRUE	37.08397683	TRUE	0.002981523
Cal_Batch25_1964	667	0.0056858	0.0000193	5.08E-05	TRUE	0.546602718	TRUE	0.631330928	TRUE	0.555380498	TRUE	0.057249399	TRUE	0.09269316	TRUE	22.03097773	TRUE	0.001453501
Cal_Batch24_6597	677	0.005662654	0.0000192	5.06E-05	TRUE	0.433222133	TRUE	0.507075952	TRUE	0.344040155	TRUE	0.070464481	TRUE	0.130323467	TRUE	16.65215889	TRUE	0.001900651
Cal_Batch15_3091	658	0.005598004	0.000019	5.01E-05	TRUE	0.591957706	TRUE	0.496953887	TRUE	0.454042163	TRUE	0.045273498	TRUE	0.105429146	TRUE	44.36647173	TRUE	0.001581083
Cal_Batch2_959	704	0.005553947	0.0000189	4.98E-05	TRUE	0.611842105	TRUE	0.421157838	TRUE	0.330458523	TRUE	0.143649171	TRUE	0.176804814	TRUE	66.14500537	TRUE	0.00297989
Cal_Batch9_730	693	0.005553774	0.0000189	4.98E-05	TRUE	0.476770715	TRUE	0.511000063	TRUE	0.469858867	TRUE	0.088228239	TRUE	0.157857539	TRUE	21.87897692	TRUE	0.001860731
Cal_Batch2_508	667	0.005520769	0.0000188	4.95E-05	TRUE	0.517386723	TRUE	0.509829451	TRUE	0.516893352	TRUE	0.067851621	TRUE	0.145269962	TRUE	23.56545455	TRUE	0.001720825
Cal_Batch5_9614	650	0.005542421	0.0000188	4.95E-05	TRUE	0.515065162	TRUE	0.51858846	TRUE	0.488009012	TRUE	0.020782547	TRUE	0.081085457	TRUE	22.76282051	TRUE	0.001457533
Cal_Batch28_1005	608	0.005418219	0.0000184	4.85E-05	TRUE	0.63052396	TRUE	0.561348971	TRUE	0.509898682	TRUE	0.05788101	TRUE	0.181043837	TRUE	52.95941375	TRUE	0.002289513
Cal_Batch9_1811	670	0.005375889	0.0000183	4.82E-05	TRUE	0.586529467	TRUE	0.544519744	TRUE	0.581983839	TRUE	0.065535288	TRUE	0.172253597	TRUE	29.85979381	TRUE	0.001718108
Cal_Batch6_6139	681	0.005397626	0.0000183	4.82E-05	TRUE	0.484832153	TRUE	0.493057574	TRUE	0.48602958	TRUE	0.090288715	TRUE	0.145745661	TRUE	19.94793592	TRUE	0.002025285
Cal_Batch25_4300	654	0.005344778	0.0000182	4.79E-05	TRUE	0.538878443	TRUE	0.617970748	TRUE	0.474735381	TRUE	0.053093326	TRUE	0.091043405	TRUE	21.49068323	TRUE	0.001517418
Cal_Batch5_669	714	0.005344531	0.0000182	4.79E-05	TRUE	0.543332506	TRUE	0.48656688	TRUE	0.395515928	TRUE	0.150579965	TRUE	0.151813066	TRUE	30.39264414	TRUE	0.002701948
Cal_Batch11_1984	672	0.005323826	0.0000181	4.77E-05	TRUE	0.56197729	TRUE	0.516285736	TRUE	0.470148868	TRUE	0.08379159	TRUE	0.114061004	TRUE	33.11330049	TRUE	0.001891345
Cal_Batch14_5830	744	0.005339136	0.0000181	4.77E-05	TRUE	0.458693942	TRUE	0.475421976	TRUE	0.403526818	TRUE	0.039749236	TRUE	0.109801809	TRUE	20.4996361	TRUE	0.001821404
Cal_Batch8_432	639	0.00530325	0.000018	4.74E-05	TRUE	0.528919272	TRUE	0.553963288	TRUE	0.574225593	TRUE	0.065629579	TRUE	0.160553601	TRUE	24.03035879	TRUE	0.002005698
Cal_Batch2_6967	675	0.005276307	0.0000179	4.72E-05	TRUE	0.50619868	TRUE	0.639559895	TRUE	0.462215226	TRUE	0.129338388	TRUE	0.200331053	TRUE	19.27870968	TRUE	0.002679436
Cal_Batch19_1152	633	0.005171231	0.0000176	4.64E-05	TRUE	0.52306214	TRUE	0.590915034	TRUE	0.397958113	TRUE	0.151286626	TRUE	0.193369551	TRUE	21.74500768	TRUE	0.002888297
Cal_Batch19_271	808	0.005147489	0.0000175	4.61E-05	TRUE	0.414795671	TRUE	0.452943258	TRUE	0.417259161	TRUE	0.093738439	TRUE	0.124524843	TRUE	15.91666667	TRUE	0.002672748
Cal_Batch6_2158	657	0.005151817	0.0000175	4.61E-05	TRUE	0.53377028	TRUE	0.607875763	TRUE	0.508826132	TRUE	0.057347762	TRUE	0.0998977	TRUE	20.88814159	TRUE	0.001572251
Cal_Batch28_3428	646	0.005123661	0.0000174	4.58E-05	TRUE	0.532101517	TRUE	0.643948853	TRUE	0.469274105	TRUE	0.113323341	TRUE	0.175677429	TRUE	20.91463415	TRUE	0.002409989
Cal_Batch19_6190	671	0.005103049	0.0000173	4.56E-05	TRUE	0.517012642	TRUE	0.574123446	TRUE	0.563432756	TRUE	0.123603979	TRUE	0.215438805	TRUE	17.94320298	TRUE	0.00253609
Cal_Batch6_9528	641	0.005067184	0.0000172	4.53E-05	TRUE	0.588250756	TRUE	0.60897093	TRUE	0.585502903	TRUE	0.083094079	TRUE	0.150308864	TRUE	18.29610116	TRUE	0.001735242
Cal_Batch13_231	640	0.00495786	0.0000168	4.43E-05	TRUE	0.449360226	TRUE	0.598740576	TRUE	0.501601587	TRUE	0.097439026	TRUE	0.206838607	TRUE	15.85550936	TRUE	0.002444171
Cal_Batch15_212	759	0.004893434	0.0000166	4.37E-05	TRUE	0.429168202	TRUE	0.515106393	TRUE	0.338063735	TRUE	0.148585337	TRUE	0.185533035	TRUE	15.3320197	TRUE	0.002954614
Cal_Batch23_9353	644	0.004782476	0.0000162	4.27E-05	TRUE	0.552647012	TRUE	0.479193584	TRUE	0.375879916	TRUE	0.076326916	TRUE	0.13500645	TRUE	32.82398453	TRUE	0.001982154
Cal_Batch25_8506	630	0.00477525	0.0000162	4.27E-05	TRUE	0.512260967	TRUE	0.615528686	TRUE	0.557485983	TRUE	0.046168836	TRUE	0.18847917	TRUE	16.78498986	TRUE	0.001867109
Cal_Batch24_8828	692	0.004686324	0.0000159	4.19E-05	TRUE	0.486694223	TRUE	0.591804035	TRUE	0.461755242	TRUE	0.117698163	TRUE	0.198920973	TRUE	17.86208316	TRUE	0.002646151
Cal_Batch12_9816	698	0.004640401	0.0000158	4.16E-05	TRUE	0.422639814	TRUE	0.559568565	TRUE	0.442848585	TRUE	0.034408666	TRUE	0.082632626	TRUE	15.44196429	TRUE	0.001514337
Cal_Batch11_7214	604	0.004625522	0.0000157	4.14E-05	TRUE	0.618926786	TRUE	0.643395159	TRUE	0.633822893	TRUE	0.09450793	TRUE	0.200609314	TRUE	25.22432432	TRUE	0.002104695
Cal_Batch15_3430	642	0.004539373	0.0000154	4.06E-05	TRUE	0.583483183	TRUE	0.639126274	TRUE	0.54563647	TRUE	0.082033019	TRUE	0.189908817	TRUE	27.20564516	TRUE	0.002217805
Cal_Batch20_3043	704	0.004502363	0.0000153	4.03E-05	TRUE	0.388378694	TRUE	0.393318962	TRUE	0.374491077	TRUE	0.084761351	TRUE	0.157086642	TRUE	18.55653569	TRUE	0.002373756
Cal_Batch22_7889	613	0.004480875	0.0000152	4.00E-05	TRUE	0.587801128	TRUE	0.582820635	TRUE	0.577240352	TRUE	0.056571937	TRUE	0.194842198	TRUE	26.1720297	TRUE	0.002054162
Cal_Batch6_5265	689	0.004435959	0.0000151	3.98E-05	TRUE	0.49045231	TRUE	0.474643892	TRUE	0.370265029	TRUE	0.078110158	TRUE	0.201998886	TRUE	30.10679048	TRUE	0.002753261
Cal_Batch9_7539	778	0.004434107	0.0000151	3.98E-05	TRUE	0.349894933	TRUE	0.354189752	TRUE	0.31450855	TRUE	0.062075677	TRUE	0.159407405	TRUE	17.61213146	TRUE	0.002538142
Cal_Batch10_939	647	0.004406471	0.000015	3.95E-05	TRUE	0.546142513	TRUE	0.58626984	TRUE	0.453949288	TRUE	0.124348576	TRUE	0.188163019	TRUE	26.60291734	TRUE	0.00264274
Cal_Batch4_6913	705	0.004343984	0.0000148	3.90E-05	TRUE	0.510019728	TRUE	0.551866937	TRUE	0.398357062	TRUE	0.117804317	TRUE	0.146811719	TRUE	21.45720251	TRUE	0.002169914
Cal_Batch7_5618	695	0.004365409	0.0000148	3.90E-05	TRUE	0.480471281	TRUE	0.48244773	TRUE	0.369684887	TRUE	0.133660229	TRUE	0.166166561	TRUE	24.20770878	TRUE	0.002352096
Cal_Batch28_4193	684	0.004314109	0.0000147	3.87E-05	TRUE	0.556895816	TRUE	0.51800167	TRUE	0.467286289	TRUE	0.082007426	TRUE	0.111777054	TRUE	33.47013487	TRUE	0.001880449
Cal_Batch20_9928	645	0.004327514	0.0000147	3.87E-05	TRUE	0.58254969	TRUE	0.586012745	TRUE	0.48307808	TRUE	0.068516659	TRUE	0.151877365	TRUE	33.63769968	TRUE	0.002312516
Cal_Batch4_4608	730	0.004264734	0.0000145	3.82E-05	TRUE	0.48124444	TRUE	0.509444142	TRUE	0.445128929	TRUE	0.054079012	TRUE	0.104839989	TRUE	21.70707674	TRUE	0.001690512
Cal_Batch11_6016	626	0.004278572	0.0000145	3.82E-05	TRUE	0.568928825	TRUE	0.587538753	TRUE	0.596286267	TRUE	0.050177635	TRUE	0.194745464	TRUE	19.81736243	TRUE	0.002039073
Cal_Batch5_6152	803	0.004249391	0.0000144	3.79E-05	TRUE	0.426659104	TRUE	0.511424031	TRUE	0.444336704	TRUE	0.122889338	TRUE	0.174493118	TRUE	15.80609923	TRUE	0.002674065
Cal_Batch7_9263	720	0.00417396	0.0000142	3.74E-05	TRUE	0.423092568	TRUE	0.4622481	TRUE	0.462284982	TRUE	0.125202915	TRUE	0.198027337	TRUE	19.23652904	TRUE	0.002956761
Cal_Batch6_9153	615	0.004148612	0.0000141	3.71E-05	TRUE	0.617636023	TRUE	0.638329331	TRUE	0.615667226	TRUE	0.037331833	TRUE	0.125461477	TRUE	21.07745902	TRUE	0.001473189
Cal_Batch6_5713	714	0.004112835	0.000014	3.69E-05	TRUE	0.525317021	TRUE	0.485220932	TRUE	0.421002748	TRUE	0.128762841	TRUE	0.166309383	TRUE	33.25965665	TRUE	0.002949996
Cal_Batch6_9956	620	0.004122176	0.000014	3.69E-05	TRUE	0.611594784	TRUE	0.570309819	TRUE	0.537924238	TRUE	0.070068811	TRUE	0.094521997	TRUE	40.60407569	TRUE	0.00164442
Cal_Batch13_7495	660	0.00410473	0.0000139	3.66E-05	TRUE	0.475264678	TRUE	0.529831377	TRUE	0.495330636	TRUE	0.104012516	TRUE	0.202291525	TRUE	18.90860215	TRUE	0.002654704
Cal_Batch9_3779	677	0.004025592	0.0000137	3.61E-05	TRUE	0.585054626	TRUE	0.640791691	TRUE	0.459587223	TRUE	0.134646009	TRUE	0.195268312	TRUE	29.04677173	TRUE	0.0026
Cal_Batch13_5470	673	0.004044537	0.0000137	3.61E-05	TRUE	0.436785286	TRUE	0.579641001	TRUE	0.489072606	TRUE	0.150129417	TRUE	0.175437112	TRUE	15.28681055	TRUE	0.002891676
Cal_Batch2_5002	787	0.004035456	0.0000137	3.61E-05	TRUE	0.387563229	TRUE	0.468291669	TRUE	0.402485264	TRUE	0.084069828	TRUE	0.1727294	TRUE	15.93527081	TRUE	0.002923379
Cal_Batch3_9900	713	0.003994277	0.0000136	3.58E-05	TRUE	0.516849315	TRUE	0.626890714	TRUE	0.545151488	TRUE	0.036947673	TRUE	0.069033856	TRUE	16.41259321	TRUE	0.001342637
Cal_Batch14_5599	638	0.003930187	0.0000134	3.53E-05	TRUE	0.573578595	TRUE	0.644850023	TRUE	0.522888788	TRUE	0.08297138	TRUE	0.135522378	TRUE	25.97524129	TRUE	0.002170547
Cal_Batch15_5168	673	0.003907731	0.0000133	3.50E-05	TRUE	0.439869337	TRUE	0.456853702	TRUE	0.46307507	TRUE	0.11362046	TRUE	0.208100974	TRUE	18.88923182	TRUE	0.00277801
Cal_Batch17_8370	632	0.003908726	0.0000133	3.50E-05	TRUE	0.532502887	TRUE	0.623362203	TRUE	0.442666365	TRUE	0.15385295	TRUE	0.190605761	TRUE	24.34093162	TRUE	0.002737939
Cal_Batch19_1116	791	0.003820036	0.000013	3.42E-05	TRUE	0.441534907	TRUE	0.411043043	TRUE	0.331122946	TRUE	0.135496623	TRUE	0.146873989	TRUE	21.92631004	TRUE	0.002788447
Cal_Batch23_3440	658	0.003801192	0.0000129	3.40E-05	TRUE	0.589365906	TRUE	0.620887025	TRUE	0.522488413	TRUE	0.130387258	TRUE	0.205730339	TRUE	31.64434845	TRUE	0.002720583
Cal_Batch6_3781	632	0.003776714	0.0000128	3.37E-05	TRUE	0.59210046	TRUE	0.559060895	TRUE	0.641596118	TRUE	0.058706249	TRUE	0.14981145	TRUE	20.82186949	TRUE	0.001467338
Cal_Batch8_9586	623	0.003697063	0.0000126	3.32E-05	TRUE	0.562257362	TRUE	0.61240156	TRUE	0.54081077	TRUE	0.054075789	TRUE	0.126369292	TRUE	21.16400911	TRUE	0.001533425
Cal_Batch26_3899	653	0.003706319	0.0000126	3.32E-05	TRUE	0.548102737	TRUE	0.596987864	TRUE	0.567595635	TRUE	0.049060043	TRUE	0.152448907	TRUE	17.56280193	TRUE	0.001397833
Cal_Batch20_5446	742	0.003711303	0.0000126	3.32E-05	TRUE	0.53185244	TRUE	0.414058329	TRUE	0.343977209	TRUE	0.102430042	TRUE	0.122877595	TRUE	35.95415473	TRUE	0.002318935
Cal_Batch25_707	703	0.003685688	0.0000125	3.29E-05	TRUE	0.512747047	TRUE	0.490966479	TRUE	0.351522175	TRUE	0.106025259	TRUE	0.213411019	TRUE	31.7348378	TRUE	0.00291229
Cal_Batch24_3637	691	0.003613668	0.0000123	3.24E-05	TRUE	0.43404866	TRUE	0.455977429	TRUE	0.409790001	TRUE	0.040286389	TRUE	0.114751046	TRUE	18.90431212	TRUE	0.001865863
Cal_Batch12_9126	639	0.003593201	0.0000122	3.21E-05	TRUE	0.526861933	TRUE	0.540722765	TRUE	0.526457743	TRUE	0.056809129	TRUE	0.148238345	TRUE	20.48205446	TRUE	0.001633615
Cal_Batch2_5129	677	0.003603306	0.0000122	3.21E-05	TRUE	0.495080124	TRUE	0.479084691	TRUE	0.515006127	TRUE	0.015543473	TRUE	0.100858377	TRUE	16.76586188	TRUE	0.001300986
Cal_Batch1_7545	664	0.003547229	0.0000121	3.19E-05	TRUE	0.572370788	TRUE	0.564935611	TRUE	0.556757538	TRUE	0.050438485	TRUE	0.20339164	TRUE	26.65542169	TRUE	0.002115842
Cal_Batch1_7951	658	0.00355549	0.0000121	3.19E-05	TRUE	0.506378258	TRUE	0.579862019	TRUE	0.395552991	TRUE	0.105448836	TRUE	0.213388393	TRUE	21.60066741	TRUE	0.002654529
Cal_Batch7_1627	689	0.003539831	0.000012	3.16E-05	TRUE	0.507188137	TRUE	0.590288291	TRUE	0.530529121	TRUE	0.076617067	TRUE	0.149074173	TRUE	18.8002736	TRUE	0.001674704
Cal_Batch12_7984	646	0.003502241	0.0000119	3.13E-05	TRUE	0.420214831	TRUE	0.481674602	TRUE	0.484338415	TRUE	0.110584899	TRUE	0.185428462	TRUE	16.30679612	TRUE	0.002729168
Cal_Batch6_6450	713	0.003496809	0.0000119	3.13E-05	TRUE	0.416991997	TRUE	0.54922555	TRUE	0.405872023	TRUE	0.075336757	TRUE	0.145501656	TRUE	15.67605634	TRUE	0.001834763
Cal_Batch11_8297	803	0.003471382	0.0000118	3.11E-05	TRUE	0.48993714	TRUE	0.367921802	TRUE	0.385005403	TRUE	0.105853522	TRUE	0.144213621	TRUE	42.2496799	TRUE	0.002268523
Cal_Batch4_4269	643	0.003464692	0.0000118	3.11E-05	TRUE	0.547420292	TRUE	0.576481052	TRUE	0.494183414	TRUE	0.019804264	TRUE	0.065802201	TRUE	27.01634276	TRUE	0.001415173
Cal_Batch24_1602	681	0.003398267	0.0000115	3.03E-05	TRUE	0.492006246	TRUE	0.580018128	TRUE	0.522412018	TRUE	0.090980593	TRUE	0.21214975	TRUE	15.84391771	TRUE	0.002424215
Cal_Batch9_5606	608	0.003355742	0.0000114	3.00E-05	TRUE	0.59385635	TRUE	0.610564304	TRUE	0.60270459	TRUE	0.058146769	TRUE	0.190673448	TRUE	26.28694714	TRUE	0.00193476
Cal_Batch6_5559	682	0.00331488	0.0000113	2.98E-05	TRUE	0.501274936	TRUE	0.466558824	TRUE	0.467466486	TRUE	0.041645557	TRUE	0.070448672	TRUE	22.17897898	TRUE	0.001567986
Cal_Batch2_8052	715	0.003321706	0.0000113	2.98E-05	TRUE	0.435327706	TRUE	0.534827259	TRUE	0.365464586	TRUE	0.102772907	TRUE	0.144410519	TRUE	17.2945563	TRUE	0.002021177
Cal_Batch25_6689	730	0.003300881	0.0000112	2.95E-05	TRUE	0.526423857	TRUE	0.543322776	TRUE	0.530329683	TRUE	0.078488125	TRUE	0.12710877	TRUE	20.78290247	TRUE	0.001739199
Cal_Batch15_3685	664	0.003264547	0.0000111	2.92E-05	TRUE	0.489994825	TRUE	0.497588506	TRUE	0.520757494	TRUE	0.094147326	TRUE	0.147013719	TRUE	16.63196252	TRUE	0.001899515
Cal_Batch25_7881	784	0.003271381	0.0000111	2.92E-05	TRUE	0.422300896	TRUE	0.364998215	TRUE	0.341833098	TRUE	0.147856423	TRUE	0.164744496	TRUE	24.19070997	TRUE	0.00282965
Cal_Batch9_9786	653	0.00322676	0.000011	2.90E-05	TRUE	0.589333933	TRUE	0.490994005	TRUE	0.322474371	TRUE	0.098223703	TRUE	0.129807766	TRUE	45.57181818	TRUE	0.002062024
Cal_Batch16_4855	713	0.0032063	0.0000109	2.87E-05	TRUE	0.523522541	TRUE	0.501579392	TRUE	0.394384634	TRUE	0.065725239	TRUE	0.101030569	TRUE	29.74761102	TRUE	0.001810039
Cal_Batch23_2825	679	0.003211845	0.0000109	2.87E-05	TRUE	0.488441255	TRUE	0.534511583	TRUE	0.315101497	TRUE	0.088131479	TRUE	0.148843143	TRUE	23.63406489	TRUE	0.001965186
Cal_Batch25_6027	631	0.003166492	0.0000108	2.85E-05	TRUE	0.523011022	TRUE	0.579470444	TRUE	0.519477971	TRUE	0.103171016	TRUE	0.196732064	TRUE	27.39836375	TRUE	0.002547094
Cal_Batch4_9149	616	0.003175883	0.0000108	2.85E-05	TRUE	0.631730716	TRUE	0.608375526	TRUE	0.491424615	TRUE	0.055394918	TRUE	0.108095533	TRUE	51.03492277	TRUE	0.002079362
Cal_Batch6_6001	626	0.003190116	0.0000108	2.85E-05	TRUE	0.451209874	TRUE	0.611307743	TRUE	0.492572361	TRUE	0.104889665	TRUE	0.218808433	TRUE	15.61667886	TRUE	0.002448807
Cal_Batch9_396	697	0.003137833	0.0000107	2.82E-05	TRUE	0.512936209	TRUE	0.476848813	TRUE	0.505019149	TRUE	0.04740466	TRUE	0.118749238	TRUE	24.35946081	TRUE	0.001569662
Cal_Batch14_6772	761	0.003153406	0.0000107	2.82E-05	TRUE	0.529864137	TRUE	0.423769465	TRUE	0.343999522	TRUE	0.142458737	TRUE	0.19203211	TRUE	30.64711934	TRUE	0.003114533
Cal_Batch20_4655	702	0.003154887	0.0000107	2.82E-05	TRUE	0.33445463	TRUE	0.372563985	TRUE	0.336539449	TRUE	0.125724857	TRUE	0.193183192	TRUE	15.31550622	TRUE	0.003141507
Cal_Batch4_8740	696	0.003159603	0.0000107	2.82E-05	TRUE	0.533866481	TRUE	0.540891965	TRUE	0.448660603	TRUE	0.071908339	TRUE	0.14475953	TRUE	24.13974895	TRUE	0.001830482
Cal_Batch28_2839	636	0.00310583	0.0000106	2.79E-05	TRUE	0.435185693	TRUE	0.504844526	TRUE	0.441612873	TRUE	0.102359844	TRUE	0.203470747	TRUE	24.00462046	TRUE	0.002700368
Cal_Batch22_4286	679	0.003131623	0.0000106	2.79E-05	TRUE	0.471855699	TRUE	0.57745086	TRUE	0.473550725	TRUE	0.082718491	TRUE	0.122848571	TRUE	15.74049028	TRUE	0.001806591
Cal_Batch23_8823	667	0.003081085	0.0000105	2.77E-05	TRUE	0.527846365	TRUE	0.454443789	TRUE	0.439350604	TRUE	0.123595787	TRUE	0.190085594	TRUE	42.67065073	TRUE	0.002845221
Cal_Batch25_9167	715	0.003038109	0.0000103	2.71E-05	TRUE	0.513973347	TRUE	0.46325307	TRUE	0.329602489	TRUE	0.11569637	TRUE	0.200729942	TRUE	41.42244739	TRUE	0.002983933
Cal_Batch7_7029	655	0.002976786	0.0000101	2.66E-05	TRUE	0.518346205	TRUE	0.505889491	TRUE	0.456164148	TRUE	0.052768749	TRUE	0.071732282	TRUE	26.00637181	TRUE	0.001632526
Cal_Batch5_4528	713	0.002984709	0.0000101	2.66E-05	TRUE	0.528525046	TRUE	0.453644181	TRUE	0.346730075	TRUE	0.101546929	TRUE	0.19126782	TRUE	40.87927425	TRUE	0.002961977
Cal_Batch19_2551	737	0.0029122	0.00000989	2.61E-05	TRUE	0.509414881	TRUE	0.55605071	TRUE	0.383651459	TRUE	0.060112461	TRUE	0.1125789	TRUE	20.80463768	TRUE	0.001730324
Cal_Batch26_2306	633	0.002859704	0.00000971	2.56E-05	TRUE	0.627239465	TRUE	0.61551169	TRUE	0.589977761	TRUE	0.072202237	TRUE	0.166718047	TRUE	33.08825787	TRUE	0.001583242
Cal_Batch5_465	665	0.00285112	0.00000969	2.55E-05	TRUE	0.500316888	TRUE	0.545553968	TRUE	0.472338256	TRUE	0.030450079	TRUE	0.07436051	TRUE	20.09204683	TRUE	0.001465248
Cal_Batch19_5083	695	0.002773831	0.00000942	2.48E-05	TRUE	0.398546614	TRUE	0.451109765	TRUE	0.380472708	TRUE	0.0920379	TRUE	0.219936168	TRUE	19.29505015	TRUE	0.00299823
Cal_Batch23_8989	791	0.002770609	0.00000941	2.48E-05	TRUE	0.524790817	TRUE	0.33652325	TRUE	0.307188328	TRUE	0.095195995	TRUE	0.173751089	TRUE	40.83680266	TRUE	0.002895053
Cal_Batch12_7732	740	0.002743246	0.00000932	2.46E-05	TRUE	0.46772443	TRUE	0.576459988	TRUE	0.360888006	TRUE	0.16788554	TRUE	0.214056905	TRUE	17.22069825	TRUE	0.003185916
Cal_Batch23_8047	766	0.002710904	0.00000921	2.43E-05	TRUE	0.449969259	TRUE	0.373216138	TRUE	0.385076835	TRUE	0.074567576	TRUE	0.154682145	TRUE	27.47553093	TRUE	0.002259654
Cal_Batch18_591	642	0.002694358	0.00000915	2.41E-05	TRUE	0.469831144	TRUE	0.512014522	TRUE	0.460152012	TRUE	0.11326439	TRUE	0.150257902	TRUE	26.32460497	TRUE	0.002686157
Cal_Batch14_2838	602	0.002672404	0.00000908	2.39E-05	TRUE	0.546988317	TRUE	0.63364234	TRUE	0.570987204	TRUE	0.045699929	TRUE	0.092026385	TRUE	19.14793116	TRUE	0.001484456
Cal_Batch9_1446	663	0.002603344	0.00000884	2.33E-05	TRUE	0.579055767	TRUE	0.622113244	TRUE	0.447721817	TRUE	0.121518338	TRUE	0.19726425	TRUE	31.79904306	TRUE	0.0026328
Cal_Batch16_6097	716	0.002593559	0.00000881	2.32E-05	TRUE	0.420653489	TRUE	0.515747114	TRUE	0.408436946	TRUE	0.120611611	TRUE	0.203493827	TRUE	17.00194175	TRUE	0.002959573
Cal_Batch23_7870	691	0.002591352	0.0000088	2.32E-05	TRUE	0.640014538	TRUE	0.486449016	TRUE	0.357165886	TRUE	0.088075387	TRUE	0.092950344	TRUE	67.27272727	TRUE	0.001958721
Cal_Batch15_7069	648	0.002545807	0.00000865	2.28E-05	TRUE	0.440659836	TRUE	0.51014757	TRUE	0.496846077	TRUE	0.088175508	TRUE	0.222537604	TRUE	16.87859317	TRUE	0.002772403
Cal_Batch13_7606	757	0.002531947	0.0000086	2.27E-05	TRUE	0.502169093	TRUE	0.417945287	TRUE	0.334793101	TRUE	0.063055006	TRUE	0.147653689	TRUE	32.69733282	TRUE	0.001998844
Cal_Batch15_6845	804	0.002528874	0.00000859	2.26E-05	TRUE	0.460042872	TRUE	0.533357022	TRUE	0.505674901	TRUE	0.059515159	TRUE	0.191765989	TRUE	15.96256202	TRUE	0.002366637
Cal_Batch11_8884	659	0.002523825	0.00000857	2.26E-05	TRUE	0.520830361	TRUE	0.568407363	TRUE	0.502960384	TRUE	0.054884399	TRUE	0.127605371	TRUE	20.58014611	TRUE	0.001521431
Cal_Batch12_1648	665	0.002520315	0.00000856	2.25E-05	TRUE	0.55768649	TRUE	0.498875583	TRUE	0.34125141	TRUE	0.093759519	TRUE	0.14928527	TRUE	34.24854227	TRUE	0.002025827
Cal_Batch4_5018	617	0.002449839	0.00000832	2.19E-05	TRUE	0.514303878	TRUE	0.56337843	TRUE	0.499770003	TRUE	0.05937979	TRUE	0.179758221	TRUE	24.77737226	TRUE	0.002309378
Cal_Batch11_307	662	0.002411188	0.00000819	2.16E-05	TRUE	0.511805283	TRUE	0.606262964	TRUE	0.431124735	TRUE	0.117869112	TRUE	0.204051692	TRUE	23.16812964	TRUE	0.002708991
Cal_Batch2_8383	661	0.002369733	0.00000805	2.12E-05	TRUE	0.446209413	TRUE	0.604520413	TRUE	0.335697243	TRUE	0.145320988	TRUE	0.222824236	TRUE	17.68425721	TRUE	0.002865433
Cal_Batch17_4520	741	0.002358205	0.00000801	2.11E-05	TRUE	0.633591321	TRUE	0.45205036	TRUE	0.467103119	TRUE	0.042138013	TRUE	0.116737084	TRUE	51.26501201	TRUE	0.001670979
Cal_Batch12_7112	672	0.002347706	0.00000798	2.10E-05	TRUE	0.597394908	TRUE	0.646581663	TRUE	0.472083982	TRUE	0.065446436	TRUE	0.113188249	TRUE	27.35868448	TRUE	0.001465728
Cal_Batch19_5581	645	0.002343716	0.00000796	2.10E-05	TRUE	0.618522994	TRUE	0.625874982	TRUE	0.624264082	TRUE	0.038705059	TRUE	0.151800696	TRUE	28.17702128	TRUE	0.001731247
Cal_Batch5_1963	748	0.002334028	0.00000793	2.09E-05	TRUE	0.513129574	TRUE	0.360899886	TRUE	0.324454402	TRUE	0.097963725	TRUE	0.143269533	TRUE	39.87360275	TRUE	0.00242728
Cal_Batch26_8139	759	0.002313665	0.00000786	2.07E-05	TRUE	0.461203528	TRUE	0.423601227	TRUE	0.329066275	TRUE	0.131602006	TRUE	0.171568987	TRUE	21.87994634	TRUE	0.002974975
Cal_Batch24_5230	645	0.002296446	0.0000078	2.05E-05	TRUE	0.591653787	TRUE	0.599583556	TRUE	0.49083515	TRUE	0.049649636	TRUE	0.127389691	TRUE	35.69198088	TRUE	0.002089916
Cal_Batch1_7476	615	0.002260019	0.00000768	2.02E-05	TRUE	0.548270938	TRUE	0.627170278	TRUE	0.607053772	TRUE	0.046541943	TRUE	0.143186502	TRUE	16.40298507	TRUE	0.001340194
Cal_Batch25_8092	619	0.002248325	0.00000764	2.01E-05	TRUE	0.51775015	TRUE	0.649560624	TRUE	0.547429632	TRUE	0.06097218	TRUE	0.116954097	TRUE	18.03315412	TRUE	0.001980241
Cal_Batch12_1763	669	0.002241761	0.00000762	2.01E-05	TRUE	0.491798695	TRUE	0.562183764	TRUE	0.358876026	TRUE	0.126814618	TRUE	0.207489075	TRUE	25.75255392	TRUE	0.002849497
Cal_Batch6_2887	701	0.002226638	0.00000756	1.99E-05	TRUE	0.532498415	TRUE	0.546088746	TRUE	0.443796191	TRUE	0.07753843	TRUE	0.107610982	TRUE	20.9731114	TRUE	0.001816049
Cal_Batch14_6263	626	0.002205298	0.00000749	1.97E-05	TRUE	0.52892345	TRUE	0.523228761	TRUE	0.402142589	TRUE	0.073390719	TRUE	0.180812816	TRUE	33.89094488	TRUE	0.002577189
Cal_Batch10_361	649	0.002178498	0.0000074	1.95E-05	TRUE	0.475826104	TRUE	0.639869788	TRUE	0.517079581	TRUE	0.069764251	TRUE	0.134996043	TRUE	16.47391559	TRUE	0.002141152
Cal_Batch21_9526	735	0.002175026	0.00000739	1.95E-05	TRUE	0.444160721	TRUE	0.570083283	TRUE	0.405012915	TRUE	0.06052821	TRUE	0.112919671	TRUE	15.36363636	TRUE	0.001672953
Cal_Batch16_2005	700	0.002165789	0.00000736	1.94E-05	TRUE	0.438848391	TRUE	0.543215367	TRUE	0.484208663	TRUE	0.080984563	TRUE	0.109051376	TRUE	16.03205699	TRUE	0.001856164
Cal_Batch12_5275	636	0.002127883	0.00000723	1.90E-05	TRUE	0.514528941	TRUE	0.644235482	TRUE	0.501514056	TRUE	0.069339908	TRUE	0.13687957	TRUE	18.2199271	TRUE	0.001642732
Cal_Batch1_8659	875	0.002124756	0.00000722	1.90E-05	TRUE	0.449462849	TRUE	0.528267051	TRUE	0.416472356	TRUE	0.039801427	TRUE	0.098671897	TRUE	15.57031515	TRUE	0.00171531
Cal_Batch17_7013	739	0.002101994	0.00000714	1.88E-05	TRUE	0.59441181	TRUE	0.591155965	TRUE	0.528011246	TRUE	0.023806485	TRUE	0.061185509	TRUE	25.4981378	TRUE	0.00126245
Cal_Batch21_9128	611	0.002076071	0.00000705	1.86E-05	TRUE	0.605786053	TRUE	0.614089311	TRUE	0.602598836	TRUE	0.080813108	TRUE	0.223181028	TRUE	23.74222896	TRUE	0.002161732
Cal_Batch1_8616	614	0.002066586	0.00000702	1.85E-05	TRUE	0.605463231	TRUE	0.601345946	TRUE	0.596391303	TRUE	0.046068347	TRUE	0.181864114	TRUE	24.06558704	TRUE	0.001867949
Cal_Batch10_2623	746	0.002062629	0.00000701	1.85E-05	TRUE	0.454021187	TRUE	0.448075987	TRUE	0.33239853	TRUE	0.107209626	TRUE	0.135335465	TRUE	22.25496813	TRUE	0.002270299
Cal_Batch20_4455	794	0.002040604	0.00000693	1.83E-05	TRUE	0.409563645	TRUE	0.443406662	TRUE	0.359387099	TRUE	0.141744511	TRUE	0.181719769	TRUE	16.38218001	TRUE	0.003039452
Cal_Batch25_090	785	0.002037848	0.00000692	1.82E-05	TRUE	0.495411094	TRUE	0.560829199	TRUE	0.332000285	TRUE	0.147437906	TRUE	0.205556058	TRUE	22.67546628	TRUE	0.002944958
Cal_Batch24_7035	880	0.002030848	0.0000069	1.82E-05	TRUE	0.499801565	TRUE	0.608070196	TRUE	0.495743291	TRUE	0.09307481	TRUE	0.22130074	TRUE	17.80074804	TRUE	0.002795076
Cal_Batch19_2883	742	0.002005588	0.00000681	1.79E-05	TRUE	0.538231732	TRUE	0.462718002	TRUE	0.429768038	TRUE	0.092494563	TRUE	0.109693443	TRUE	30.12920527	TRUE	0.002088173
Cal_Batch19_1694	675	0.001970926	0.0000067	1.76E-05	TRUE	0.555143457	TRUE	0.480975483	TRUE	0.463325887	TRUE	0.018120636	TRUE	0.064174288	TRUE	28.35750422	TRUE	0.001400394
Cal_Batch16_4838	692	0.001963873	0.00000667	1.76E-05	TRUE	0.510117725	TRUE	0.582345553	TRUE	0.521670264	TRUE	0.079811607	TRUE	0.114528198	TRUE	17.37321937	TRUE	0.001705229
Cal_Batch18_7930	722	0.001938922	0.00000659	1.74E-05	TRUE	0.41650227	TRUE	0.536740532	TRUE	0.41425969	TRUE	0.113359996	TRUE	0.17007333	TRUE	15.20497362	TRUE	0.003005513
Cal_Batch11_5095	665	0.001926161	0.00000654	1.72E-05	TRUE	0.519522711	TRUE	0.540472913	TRUE	0.572713104	TRUE	0.022998579	TRUE	0.115997674	TRUE	15.5151959	TRUE	0.0014025
Cal_Batch6_7395	739	0.001926286	0.00000654	1.72E-05	TRUE	0.515083169	TRUE	0.557715335	TRUE	0.52359712	TRUE	0.110100945	TRUE	0.126459032	TRUE	20.04030875	TRUE	0.002078798
Cal_Batch16_2755	617	0.001899691	0.00000645	1.70E-05	TRUE	0.569448483	TRUE	0.638434564	TRUE	0.413134164	TRUE	0.12871098	TRUE	0.193618929	TRUE	31.59207459	TRUE	0.002646518
Cal_Batch20_4328	760	0.001897278	0.00000645	1.70E-05	TRUE	0.609418726	TRUE	0.544681804	TRUE	0.435870519	TRUE	0.076232777	TRUE	0.161053195	TRUE	27.48499516	TRUE	0.002049045
Cal_Batch25_5338	641	0.001895603	0.00000644	1.70E-05	TRUE	0.482078028	TRUE	0.596487658	TRUE	0.557903928	TRUE	0.073695767	TRUE	0.14774107	TRUE	16.43244911	TRUE	0.002116026
Cal_Batch15_8214	718	0.001869523	0.00000635	1.67E-05	TRUE	0.588298024	TRUE	0.485026988	TRUE	0.389574885	TRUE	0.060371504	TRUE	0.187803037	TRUE	61.54816709	TRUE	0.002610298
Cal_Batch9_9342	796	0.001860552	0.00000632	1.66E-05	TRUE	0.44386563	TRUE	0.466803684	TRUE	0.394576689	TRUE	0.087538273	TRUE	0.110431077	TRUE	17.71349608	TRUE	0.002223233
Cal_Batch27_1503	705	0.001793488	0.00000609	1.60E-05	TRUE	0.501902074	TRUE	0.555863425	TRUE	0.501585242	TRUE	0.042399137	TRUE	0.092063225	TRUE	19.24556213	TRUE	0.001480304
Cal_Batch2_241	652	0.001778379	0.00000604	1.59E-05	TRUE	0.443188207	TRUE	0.599773186	TRUE	0.494723365	TRUE	0.082883253	TRUE	0.136877218	TRUE	16.50037397	TRUE	0.002350853
Cal_Batch9_8227	640	0.001772111	0.00000602	1.59E-05	TRUE	0.5771323	TRUE	0.55508204	TRUE	0.40436676	TRUE	0.146188672	TRUE	0.206993674	TRUE	36.19729564	TRUE	0.002894569
Cal_Batch18_025	752	0.001755827	0.00000596	1.57E-05	TRUE	0.394936876	TRUE	0.426770351	TRUE	0.442118631	TRUE	0.026872113	TRUE	0.11197099	TRUE	16.47736299	TRUE	0.001602142
Cal_Batch24_6813	658	0.001752563	0.00000595	1.57E-05	TRUE	0.517595308	TRUE	0.641903493	TRUE	0.498804394	TRUE	0.098390757	TRUE	0.140479308	TRUE	21.83681462	TRUE	0.00233598
Cal_Batch13_1620	714	0.001745276	0.00000593	1.56E-05	TRUE	0.570078315	TRUE	0.411349774	TRUE	0.338401067	TRUE	0.057356735	TRUE	0.125079553	TRUE	41.28555917	TRUE	0.002052513
Cal_Batch15_5482	717	0.001726753	0.00000587	1.55E-05	TRUE	0.41246089	TRUE	0.470917232	TRUE	0.340225805	TRUE	0.101016047	TRUE	0.157385088	TRUE	15.94040816	TRUE	0.002533091
Cal_Batch21_3797	791	0.001710124	0.00000581	1.53E-05	TRUE	0.45875678	TRUE	0.40353305	TRUE	0.417312856	TRUE	0.102638061	TRUE	0.170181857	TRUE	24.07164179	TRUE	0.002550838
Cal_Batch10_3952	745	0.001704115	0.00000579	1.53E-05	TRUE	0.553277825	TRUE	0.494492964	TRUE	0.316653641	TRUE	0.095869182	TRUE	0.124928219	TRUE	28.2909784	TRUE	0.002055751
Cal_Batch5_3624	783	0.001687876	0.00000573	1.51E-05	TRUE	0.556588632	TRUE	0.479108086	TRUE	0.483946974	TRUE	0.080156942	TRUE	0.157427002	TRUE	29.6884253	TRUE	0.002005099
Cal_Batch9_6006	721	0.001683722	0.00000572	1.51E-05	TRUE	0.455434102	TRUE	0.513029396	TRUE	0.342903393	TRUE	0.113484987	TRUE	0.137264058	TRUE	18.67053364	TRUE	0.002151537
Cal_Batch14_5497	673	0.001675538	0.00000569	1.50E-05	TRUE	0.419025261	TRUE	0.425455351	TRUE	0.30798932	TRUE	0.164936567	TRUE	0.185610397	TRUE	25.68894193	TRUE	0.003257781
Cal_Batch24_959	660	0.001670258	0.00000567	1.49E-05	TRUE	0.490053652	TRUE	0.620859396	TRUE	0.523718754	TRUE	0.036634104	TRUE	0.092367157	TRUE	15.39214712	TRUE	0.00133408
Cal_Batch10_5567	721	0.001665862	0.00000566	1.49E-05	TRUE	0.462531203	TRUE	0.472164859	TRUE	0.465039286	TRUE	0.060049397	TRUE	0.156039413	TRUE	18.53638004	TRUE	0.00178496
Cal_Batch19_5859	635	0.001620379	0.0000055	1.45E-05	TRUE	0.601363275	TRUE	0.630696306	TRUE	0.59175368	TRUE	0.051412425	TRUE	0.097402234	TRUE	25.66903172	TRUE	0.00169038
Cal_Batch6_3201	711	0.001607741	0.00000546	1.44E-05	TRUE	0.5684632	TRUE	0.569367813	TRUE	0.568402483	TRUE	0.041600068	TRUE	0.14593033	TRUE	19.08884688	TRUE	0.00142702
Cal_Batch22_822	711	0.001594667	0.00000542	1.43E-05	TRUE	0.565431491	TRUE	0.425531718	TRUE	0.365745022	TRUE	0.050539048	TRUE	0.098293247	TRUE	50.71385991	TRUE	0.001833907
Cal_Batch25_172	714	0.001587549	0.00000539	1.42E-05	TRUE	0.48768434	TRUE	0.506935213	TRUE	0.350847063	TRUE	0.114053821	TRUE	0.147127746	TRUE	22.02299952	TRUE	0.002132787
Cal_Batch14_9403	670	0.001573365	0.00000534	1.41E-05	TRUE	0.471239881	TRUE	0.567514613	TRUE	0.458318078	TRUE	0.133832531	TRUE	0.198504596	TRUE	17.51993215	TRUE	0.00282796
Cal_Batch10_2717	644	0.001566869	0.00000532	1.40E-05	TRUE	0.576243589	TRUE	0.573048836	TRUE	0.403281844	TRUE	0.126642113	TRUE	0.191883788	TRUE	40.1875617	TRUE	0.002809159
Cal_Batch12_2904	614	0.001562268	0.00000531	1.40E-05	TRUE	0.496203054	TRUE	0.640999193	TRUE	0.562217726	TRUE	0.04273277	TRUE	0.102840839	TRUE	18.04328358	TRUE	0.001733267
Cal_Batch16_919	654	0.001559054	0.0000053	1.40E-05	TRUE	0.564076978	TRUE	0.515577528	TRUE	0.534082452	TRUE	0.039165564	TRUE	0.137193773	TRUE	28.31091954	TRUE	0.001512934
Cal_Batch26_2405	667	0.001560137	0.0000053	1.40E-05	TRUE	0.526743977	TRUE	0.476571752	TRUE	0.523564708	TRUE	0.012592815	TRUE	0.088395663	TRUE	21.61788618	TRUE	0.001342034
Cal_Batch7_4026	674	0.001558165	0.00000529	1.39E-05	TRUE	0.43605777	TRUE	0.471137211	TRUE	0.475278015	TRUE	0.071026822	TRUE	0.146641747	TRUE	17.32817786	TRUE	0.001894471
Cal_Batch22_6311	597	0.001547279	0.00000526	1.39E-05	TRUE	0.52732692	TRUE	0.638695946	TRUE	0.536174405	TRUE	0.055586207	TRUE	0.113557936	TRUE	22.25512528	TRUE	0.001880526
Cal_Batch26_3495	659	0.001548459	0.00000526	1.39E-05	TRUE	0.492303957	TRUE	0.49409604	TRUE	0.3792588	TRUE	0.10364328	TRUE	0.198394041	TRUE	29.7799883	TRUE	0.002939546
Cal_Batch3_330	652	0.001542308	0.00000524	1.38E-05	TRUE	0.589786147	TRUE	0.433148539	TRUE	0.311222906	TRUE	0.056823318	TRUE	0.094894323	TRUE	62.3712297	TRUE	0.001776798
Cal_Batch7_2576	623	0.001539224	0.00000523	1.38E-05	TRUE	0.567942161	TRUE	0.646398357	TRUE	0.576903174	TRUE	0.079784962	TRUE	0.134805963	TRUE	22.73020083	TRUE	0.001993131
Cal_Batch3_3066	721	0.001519208	0.00000516	1.36E-05	TRUE	0.388277836	TRUE	0.470072887	TRUE	0.363376683	TRUE	0.145560898	TRUE	0.216079939	TRUE	17.28726287	TRUE	0.003255686
Cal_Batch17_8851	653	0.00150706	0.00000512	1.35E-05	TRUE	0.522743535	TRUE	0.475620096	TRUE	0.492180918	TRUE	0.042133823	TRUE	0.084935422	TRUE	21.80785758	TRUE	0.001494456
Cal_Batch5_5093	733	0.001490765	0.00000506	1.33E-05	TRUE	0.495015681	TRUE	0.64009233	TRUE	0.430385507	TRUE	0.084487633	TRUE	0.111209062	TRUE	17.00746269	TRUE	0.001753837
Cal_Batch23_8383	758	0.00146869	0.00000499	1.31E-05	TRUE	0.362502013	TRUE	0.371144456	TRUE	0.358491907	TRUE	0.124245563	TRUE	0.190712446	TRUE	18.41352657	TRUE	0.003192173
Cal_Batch24_4596	732	0.001411734	0.0000048	1.26E-05	TRUE	0.399205448	TRUE	0.41758737	TRUE	0.421134776	TRUE	0.102712473	TRUE	0.160841421	TRUE	15.60246744	TRUE	0.002169977
Cal_Batch5_5342	686	0.001380368	0.00000469	1.24E-05	TRUE	0.424901843	TRUE	0.538170257	TRUE	0.433992746	TRUE	0.06532845	TRUE	0.180420252	TRUE	17.80842607	TRUE	0.002521993
Cal_Batch25_7205	643	0.001373408	0.00000467	1.23E-05	TRUE	0.598851319	TRUE	0.547036004	TRUE	0.506949683	TRUE	0.07479418	TRUE	0.222494531	TRUE	46.46425073	TRUE	0.002525879
Cal_Batch21_8662	618	0.001370277	0.00000466	1.23E-05	TRUE	0.596653926	TRUE	0.574490691	TRUE	0.57368505	TRUE	0.070598368	TRUE	0.228393447	TRUE	29.41225416	TRUE	0.002354184
Cal_Batch10_8694	656	0.00136757	0.00000465	1.22E-05	TRUE	0.47557013	TRUE	0.593751311	TRUE	0.443786006	TRUE	0.104941924	TRUE	0.165187205	TRUE	18.12763675	TRUE	0.002539444
Cal_Batch25_7751	792	0.001355779	0.00000461	1.21E-05	TRUE	0.420139341	TRUE	0.436644233	TRUE	0.300345515	TRUE	0.118049588	TRUE	0.162088907	TRUE	17.74443142	TRUE	0.002373343
Cal_Batch24_4309	739	0.001348434	0.00000458	1.21E-05	TRUE	0.640863517	TRUE	0.597070912	TRUE	0.599021622	TRUE	0.085348138	TRUE	0.144364468	TRUE	29.96043956	TRUE	0.001723037
Cal_Batch15_2595	767	0.001346212	0.00000457	1.20E-05	TRUE	0.379853554	TRUE	0.450200526	TRUE	0.324171393	TRUE	0.118621408	TRUE	0.139710061	TRUE	15.19967729	TRUE	0.00252712
Cal_Batch4_1639	674	0.001341404	0.00000456	1.20E-05	TRUE	0.48542024	TRUE	0.603846513	TRUE	0.50414792	TRUE	0.076653897	TRUE	0.098164441	TRUE	16.2058319	TRUE	0.001680083
Cal_Batch18_6972	670	0.001334857	0.00000453	1.19E-05	TRUE	0.515672863	TRUE	0.475309034	TRUE	0.512259039	TRUE	0.064221171	TRUE	0.161444559	TRUE	23.50582278	TRUE	0.001824628
Cal_Batch20_4342	740	0.001333691	0.00000453	1.19E-05	TRUE	0.415810322	TRUE	0.429536938	TRUE	0.373747717	TRUE	0.057404627	TRUE	0.086844341	TRUE	18.290024	TRUE	0.001984874
Cal_Batch20_2366	700	0.001327025	0.00000451	1.19E-05	TRUE	0.449989839	TRUE	0.519848616	TRUE	0.31192304	TRUE	0.082269709	TRUE	0.148430652	TRUE	17.48106247	TRUE	0.001899195
Cal_Batch15_8392	743	0.001314953	0.00000447	1.18E-05	TRUE	0.470950975	TRUE	0.469300516	TRUE	0.413465639	TRUE	0.056979786	TRUE	0.150052921	TRUE	21.30987514	TRUE	0.001858813
Cal_Batch8_8620	678	0.001289435	0.00000438	1.15E-05	TRUE	0.546007539	TRUE	0.457431371	TRUE	0.327797164	TRUE	0.091215902	TRUE	0.111366045	TRUE	40.04228984	TRUE	0.001929841
Cal_Batch18_1743	703	0.001286269	0.00000437	1.15E-05	TRUE	0.547347614	TRUE	0.449579297	TRUE	0.36250305	TRUE	0.104832939	TRUE	0.12157748	TRUE	39.2358804	TRUE	0.002071029
Cal_Batch28_3026	634	0.001285628	0.00000437	1.15E-05	TRUE	0.51792918	TRUE	0.525809403	TRUE	0.462003	TRUE	0.101079555	TRUE	0.174241663	TRUE	29.42835131	TRUE	0.002657999
Cal_Batch12_355	696	0.001274037	0.00000433	1.14E-05	TRUE	0.366564735	TRUE	0.490620605	TRUE	0.353494554	TRUE	0.101256097	TRUE	0.209406256	TRUE	16.07437248	TRUE	0.002965385
Cal_Batch7_2073	672	0.001258489	0.00000428	1.13E-05	TRUE	0.4081981	TRUE	0.498189189	TRUE	0.407911224	TRUE	0.136973275	TRUE	0.169745725	TRUE	18.4626367	TRUE	0.002974685
Cal_Batch16_6306	692	0.001256903	0.00000427	1.12E-05	TRUE	0.44636336	TRUE	0.528442671	TRUE	0.337594365	TRUE	0.087829426	TRUE	0.14254428	TRUE	16.83074108	TRUE	0.002057392
Cal_Batch4_2070	633	0.001256383	0.00000427	1.12E-05	TRUE	0.495946132	TRUE	0.553567393	TRUE	0.558887808	TRUE	0.055286243	TRUE	0.198411574	TRUE	19.85910088	TRUE	0.002172221
Cal_Batch13_8055	683	0.001239155	0.00000421	1.11E-05	TRUE	0.558002214	TRUE	0.483390487	TRUE	0.400903096	TRUE	0.079964615	TRUE	0.200356301	TRUE	35.37223043	TRUE	0.002709158
Cal_Batch16_5806	733	0.001239742	0.00000421	1.11E-05	TRUE	0.506958084	TRUE	0.517673102	TRUE	0.477668295	TRUE	0.032393934	TRUE	0.067324398	TRUE	20.4615	TRUE	0.001491554
Cal_Batch3_5745	611	0.001200992	0.00000408	1.07E-05	TRUE	0.501054252	TRUE	0.62650169	TRUE	0.532076049	TRUE	0.055787379	TRUE	0.110579187	TRUE	18.25594518	TRUE	0.001994685
Cal_Batch2_3508	623	0.001198914	0.00000407	1.07E-05	TRUE	0.478372481	TRUE	0.52692432	TRUE	0.39769498	TRUE	0.077542955	TRUE	0.206681756	TRUE	27.99189189	TRUE	0.002661671
Cal_Batch28_4396	646	0.001193312	0.00000405	1.07E-05	TRUE	0.646811243	TRUE	0.552859532	TRUE	0.601620419	TRUE	0.045746234	TRUE	0.12755032	TRUE	42.01302083	TRUE	0.001390189
Cal_Batch7_8770	678	0.001188044	0.00000404	1.06E-05	TRUE	0.571997231	TRUE	0.471637356	TRUE	0.331714331	TRUE	0.076024619	TRUE	0.15083806	TRUE	44.62916667	TRUE	0.001899366
Cal_Batch9_2669	636	0.001189916	0.00000404	1.06E-05	TRUE	0.586763571	TRUE	0.608822527	TRUE	0.58887081	TRUE	0.051281055	TRUE	0.206872559	TRUE	22.60913313	TRUE	0.002000237
Cal_Batch3_1680	605	0.001182061	0.00000402	1.06E-05	TRUE	0.515079423	TRUE	0.602510623	TRUE	0.551419911	TRUE	0.044930933	TRUE	0.106888881	TRUE	17.69315189	TRUE	0.001765003
Cal_Batch8_3156	662	0.001178679	0.000004	1.05E-05	TRUE	0.415045145	TRUE	0.56556775	TRUE	0.405614339	TRUE	0.107693639	TRUE	0.183309649	TRUE	16.73176402	TRUE	0.002707058
Cal_Batch7_1918	678	0.001175446	0.00000399	1.05E-05	TRUE	0.621158445	TRUE	0.573302078	TRUE	0.585663633	TRUE	0.041838732	TRUE	0.158789985	TRUE	32.34100642	TRUE	0.001569681
Cal_Batch2_354	744	0.001164965	0.00000396	1.04E-05	TRUE	0.477986484	TRUE	0.386731226	TRUE	0.350404073	TRUE	0.057803688	TRUE	0.090877762	TRUE	31.96289647	TRUE	0.001956898
Cal_Batch5_2962	673	0.001158803	0.00000394	1.04E-05	TRUE	0.633243758	TRUE	0.596611962	TRUE	0.539623122	TRUE	0.017510808	TRUE	0.07400026	TRUE	29.96341463	TRUE	0.001183344
Cal_Batch7_8244	688	0.001155058	0.00000392	1.03E-05	TRUE	0.464431725	TRUE	0.551763549	TRUE	0.30393725	TRUE	0.091319903	TRUE	0.152751644	TRUE	16.27003942	TRUE	0.00196223
Cal_Batch21_5891	653	0.001149245	0.0000039	1.03E-05	TRUE	0.46543678	TRUE	0.534970457	TRUE	0.462144772	TRUE	0.132674531	TRUE	0.164032835	TRUE	24.79780702	TRUE	0.002858306
Cal_Batch15_5099	664	0.00112265	0.00000381	1.00E-05	TRUE	0.4682995	TRUE	0.546338915	TRUE	0.456746731	TRUE	0.109551939	TRUE	0.219221946	TRUE	22.50880282	TRUE	0.00283319
Cal_Batch15_1580	722	0.001117265	0.0000038	1.00E-05	TRUE	0.516946339	TRUE	0.485528251	TRUE	0.407143764	TRUE	0.074446845	TRUE	0.122263732	TRUE	28.77469136	TRUE	0.001869239
Cal_Batch11_7282	662	0.001115215	0.00000379	9.98E-06	TRUE	0.492135845	TRUE	0.564319177	TRUE	0.504320042	TRUE	0.118780706	TRUE	0.156790725	TRUE	20.26871981	TRUE	0.002625111
Cal_Batch4_6055	653	0.001110995	0.00000377	9.93E-06	TRUE	0.637709481	TRUE	0.63018244	TRUE	0.646800264	TRUE	0.085355152	TRUE	0.213827335	TRUE	25.75913978	TRUE	0.002203906
Cal_Batch13_3650	630	0.001094878	0.00000372	9.80E-06	TRUE	0.490686078	TRUE	0.605841494	TRUE	0.51376646	TRUE	0.041638414	TRUE	0.135089956	TRUE	20.00549451	TRUE	0.002020873
Cal_Batch23_1944	731	0.001096029	0.00000372	9.80E-06	TRUE	0.597537492	TRUE	0.380342239	TRUE	0.499623737	TRUE	0.046131963	TRUE	0.12181605	TRUE	35.25852273	TRUE	0.001862724
Cal_Batch19_4834	731	0.001070339	0.00000364	9.59E-06	TRUE	0.372335566	TRUE	0.371734574	TRUE	0.351906535	TRUE	0.053102648	TRUE	0.129421207	TRUE	17.54445964	TRUE	0.002298654
Cal_Batch14_2098	728	0.001063485	0.00000361	9.51E-06	TRUE	0.476599759	TRUE	0.534828384	TRUE	0.431425433	TRUE	0.050868421	TRUE	0.09611279	TRUE	19.91113932	TRUE	0.001627398
Cal_Batch3_1245	662	0.001050654	0.00000357	9.40E-06	TRUE	0.576039491	TRUE	0.560935473	TRUE	0.461264024	TRUE	0.052301125	TRUE	0.123597937	TRUE	34.64187117	TRUE	0.001559328
Cal_Batch18_1389	673	0.001051976	0.00000357	9.40E-06	TRUE	0.525861383	TRUE	0.409971872	TRUE	0.485924211	TRUE	0.07821202	TRUE	0.137524209	TRUE	26.2147651	TRUE	0.001952346
Cal_Batch20_3942	608	0.001047074	0.00000356	9.38E-06	TRUE	0.466491459	TRUE	0.492586373	TRUE	0.535147238	TRUE	0.065928979	TRUE	0.175521801	TRUE	16.11358491	TRUE	0.002441564
Cal_Batch4_9186	754	0.00104739	0.00000356	9.38E-06	TRUE	0.513730172	TRUE	0.365907616	TRUE	0.47601718	TRUE	0.059028559	TRUE	0.125663469	TRUE	34.36391753	TRUE	0.001854068
Cal_Batch2_9219	641	0.001048767	0.00000356	9.38E-06	TRUE	0.62400202	TRUE	0.621123343	TRUE	0.565466358	TRUE	0.023530274	TRUE	0.095881813	TRUE	32.00266768	TRUE	0.001209869
Cal_Batch19_6730	684	0.001023291	0.00000348	9.17E-06	TRUE	0.488777487	TRUE	0.598952816	TRUE	0.47411637	TRUE	0.114530021	TRUE	0.233255274	TRUE	19.98837209	TRUE	0.00259699
Cal_Batch14_4415	689	0.001021616	0.00000347	9.14E-06	TRUE	0.465879027	TRUE	0.60171513	TRUE	0.381306784	TRUE	0.166227926	TRUE	0.200633518	TRUE	16.69743143	TRUE	0.003028409
Cal_Batch8_6389	759	0.001022177	0.00000347	9.14E-06	TRUE	0.424653021	TRUE	0.47669184	TRUE	0.356105196	TRUE	0.105224137	TRUE	0.147674694	TRUE	18.42779426	TRUE	0.002230003
Cal_Batch21_4847	610	0.001017191	0.00000346	9.11E-06	TRUE	0.514251342	TRUE	0.64629473	TRUE	0.555408887	TRUE	0.041905807	TRUE	0.095205251	TRUE	15.91822255	TRUE	0.001364493
Cal_Batch28_1635	603	0.001018879	0.00000346	9.11E-06	TRUE	0.54530286	TRUE	0.614888162	TRUE	0.558635349	TRUE	0.05405395	TRUE	0.158388879	TRUE	23.49201128	TRUE	0.001938401
Cal_Batch22_1147	647	0.00101984	0.00000346	9.11E-06	TRUE	0.607756959	TRUE	0.585941101	TRUE	0.3660457	TRUE	0.079269337	TRUE	0.126251738	TRUE	31.89359699	TRUE	0.001700169
Cal_Batch2_227	706	0.001009992	0.00000343	9.04E-06	TRUE	0.551715646	TRUE	0.372644875	TRUE	0.538493435	TRUE	0.074433102	TRUE	0.159779087	TRUE	36.60298507	TRUE	0.00207353
Cal_Batch5_695	672	0.001000101	0.0000034	8.96E-06	TRUE	0.495877214	TRUE	0.618207895	TRUE	0.567549285	TRUE	0.113301554	TRUE	0.189976835	TRUE	17.86751717	TRUE	0.002462537
Cal_Batch8_9423	661	0.001000449	0.0000034	8.96E-06	TRUE	0.457244111	TRUE	0.515794132	TRUE	0.430670413	TRUE	0.110372054	TRUE	0.207927808	TRUE	24.53718593	TRUE	0.002802557
Cal_Batch19_7092	693	0.00098914	0.00000336	8.85E-06	TRUE	0.444157405	TRUE	0.363214547	TRUE	0.474657469	TRUE	0.046106327	TRUE	0.143942527	TRUE	20.62138728	TRUE	0.001904827
Cal_Batch25_6716	598	0.000966132	0.00000328	8.64E-06	TRUE	0.633414044	TRUE	0.543374774	TRUE	0.343599606	TRUE	0.12014173	TRUE	0.179328789	TRUE	71.97453477	TRUE	0.002672434
Cal_Batch24_8660	658	0.000959769	0.00000326	8.59E-06	TRUE	0.42495289	TRUE	0.561682533	TRUE	0.486558442	TRUE	0.061314713	TRUE	0.135256728	TRUE	15.32770449	TRUE	0.002309084
Cal_Batch16_6524	646	0.000942714	0.0000032	8.43E-06	TRUE	0.494736162	TRUE	0.494686049	TRUE	0.378919088	TRUE	0.129544304	TRUE	0.208744347	TRUE	35.7451286	TRUE	0.002996114
Cal_Batch12_2651	702	0.000940208	0.00000319	8.40E-06	TRUE	0.513674577	TRUE	0.575929349	TRUE	0.535816231	TRUE	0.053780234	TRUE	0.154844809	TRUE	19.55691318	TRUE	0.001584593
Cal_Batch9_5189	675	0.000924114	0.00000314	8.27E-06	TRUE	0.533557248	TRUE	0.576185928	TRUE	0.342264375	TRUE	0.096447902	TRUE	0.140884449	TRUE	21.91172214	TRUE	0.00195698
Cal_Batch2_2306	648	0.000921428	0.00000313	8.25E-06	TRUE	0.498864057	TRUE	0.618192598	TRUE	0.535653797	TRUE	0.127385794	TRUE	0.23024626	TRUE	18.86810399	TRUE	0.002698128
Cal_Batch8_8681	692	0.000908056	0.00000308	8.11E-06	TRUE	0.459829693	TRUE	0.415758377	TRUE	0.456764226	TRUE	0.035838377	TRUE	0.161908915	TRUE	22.96849141	TRUE	0.001938573
Cal_Batch22_1388	629	0.000897524	0.00000305	8.03E-06	TRUE	0.506034601	TRUE	0.576538803	TRUE	0.45341304	TRUE	0.122086223	TRUE	0.195345131	TRUE	24.06563707	TRUE	0.002642268
Cal_Batch20_5612	624	0.000890608	0.00000303	7.98E-06	TRUE	0.614613779	TRUE	0.609447083	TRUE	0.498101595	TRUE	0.070746715	TRUE	0.12698857	TRUE	41.26876268	TRUE	0.001579948
Cal_Batch16_7210	697	0.00087198	0.00000296	7.80E-06	TRUE	0.558967836	TRUE	0.510915731	TRUE	0.55946827	TRUE	0.025101817	TRUE	0.115314157	TRUE	21.26827485	TRUE	0.001348815
Cal_Batch22_1218	705	0.000871433	0.00000296	7.80E-06	TRUE	0.529225231	TRUE	0.447897832	TRUE	0.494223233	TRUE	0.031815948	TRUE	0.151181728	TRUE	31.27948807	TRUE	0.001710395
Cal_Batch15_3059	650	0.00085622	0.00000291	7.67E-06	TRUE	0.499967901	TRUE	0.60081945	TRUE	0.422790634	TRUE	0.135489263	TRUE	0.198962711	TRUE	18.21088957	TRUE	0.002836858
Cal_Batch3_4813	826	0.000836122	0.00000284	7.48E-06	TRUE	0.469020193	TRUE	0.572795236	TRUE	0.38814822	TRUE	0.062402662	TRUE	0.133951212	TRUE	16.75657676	TRUE	0.001869339
Cal_Batch15_2784	721	0.000820738	0.00000279	7.35E-06	TRUE	0.508422917	TRUE	0.41886429	TRUE	0.406350873	TRUE	0.040042201	TRUE	0.087620997	TRUE	34.25783972	TRUE	0.001733663
Cal_Batch21_1249	789	0.000816137	0.00000277	7.30E-06	TRUE	0.5646026	TRUE	0.460395285	TRUE	0.412774989	TRUE	0.068646941	TRUE	0.143041129	TRUE	29.91788618	TRUE	0.002117043
Cal_Batch12_3881	733	0.000810983	0.00000276	7.27E-06	TRUE	0.458628207	TRUE	0.525219769	TRUE	0.495929311	TRUE	0.020252364	TRUE	0.097532635	TRUE	15.65778854	TRUE	0.001345858
Cal_Batch19_3943	612	0.000811366	0.00000276	7.27E-06	TRUE	0.584547899	TRUE	0.59434189	TRUE	0.538666561	TRUE	0.055354214	TRUE	0.173047321	TRUE	34.73333333	TRUE	0.002187111
Cal_Batch28_780	662	0.000813611	0.00000276	7.27E-06	TRUE	0.58605305	TRUE	0.613255586	TRUE	0.48388974	TRUE	0.138106857	TRUE	0.192227462	TRUE	33.28381375	TRUE	0.002677315
Cal_Batch10_8147	681	0.000809365	0.00000275	7.24E-06	TRUE	0.579322285	TRUE	0.49244657	TRUE	0.311253915	TRUE	0.048710229	TRUE	0.144231633	TRUE	44.8040743	TRUE	0.001753553
Cal_Batch11_350	668	0.000803782	0.00000273	7.19E-06	TRUE	0.52928399	TRUE	0.497619907	TRUE	0.478703465	TRUE	0.056084909	TRUE	0.076551549	TRUE	30.38495359	TRUE	0.00158852
Cal_Batch3_7159	668	0.000791201	0.00000269	7.09E-06	TRUE	0.49849581	TRUE	0.616745711	TRUE	0.485413944	TRUE	0.074899537	TRUE	0.136621941	TRUE	18.09043928	TRUE	0.001621365
Cal_Batch16_3587	683	0.000787185	0.00000267	7.03E-06	TRUE	0.496022486	TRUE	0.380216893	TRUE	0.307880425	TRUE	0.09615078	TRUE	0.11662151	TRUE	35.13810742	TRUE	0.002323702
Cal_Batch25_1476	648	0.000783231	0.00000266	7.01E-06	TRUE	0.475180699	TRUE	0.537734526	TRUE	0.415363256	TRUE	0.07057456	TRUE	0.175687268	TRUE	26.66998192	TRUE	0.002681758
Cal_Batch25_8346	700	0.000780177	0.00000265	6.98E-06	TRUE	0.562430939	TRUE	0.400903018	TRUE	0.316358263	TRUE	0.164797419	TRUE	0.195229998	TRUE	48.39764706	TRUE	0.003363761
Cal_Batch18_307	666	0.000768985	0.00000261	6.88E-06	TRUE	0.646447827	TRUE	0.547702539	TRUE	0.564910363	TRUE	0.077296289	TRUE	0.109627346	TRUE	45.482091	TRUE	0.001678824
Cal_Batch11_5740	659	0.000766243	0.0000026	6.85E-06	TRUE	0.524363582	TRUE	0.646650547	TRUE	0.563094559	TRUE	0.151677479	TRUE	0.198045882	TRUE	16.7675145	TRUE	0.002818394
Cal_Batch17_8299	637	0.000754839	0.00000256	6.74E-06	TRUE	0.535248787	TRUE	0.595504625	TRUE	0.482321528	TRUE	0.028919161	TRUE	0.063109297	TRUE	25.96425826	TRUE	0.001373653
Cal_Batch21_9047	660	0.000750709	0.00000255	6.72E-06	TRUE	0.537319934	TRUE	0.564292133	TRUE	0.490894855	TRUE	0.037677233	TRUE	0.084025728	TRUE	23.04037383	TRUE	0.001433611
Cal_Batch14_1604	679	0.000739587	0.00000251	6.61E-06	TRUE	0.421152807	TRUE	0.457781602	TRUE	0.399034975	TRUE	0.119746276	TRUE	0.172009486	TRUE	20.2819329	TRUE	0.002975103
Cal_Batch15_7261	636	0.000735675	0.0000025	6.59E-06	TRUE	0.565739666	TRUE	0.546019588	TRUE	0.489342389	TRUE	0.02087281	TRUE	0.07201601	TRUE	33.50364964	TRUE	0.001379133
Cal_Batch14_9014	740	0.000730475	0.00000248	6.53E-06	TRUE	0.392922794	TRUE	0.435692493	TRUE	0.332515639	TRUE	0.083713173	TRUE	0.136022617	TRUE	16.83234714	TRUE	0.002144506
Cal_Batch2_807	715	0.000725265	0.00000246	6.48E-06	TRUE	0.511008705	TRUE	0.5622352	TRUE	0.426983669	TRUE	0.062525332	TRUE	0.131679418	TRUE	21.61316872	TRUE	0.001696227
Cal_Batch5_954	716	0.00071618	0.00000243	6.40E-06	TRUE	0.418420097	TRUE	0.406035631	TRUE	0.435495029	TRUE	0.011403243	TRUE	0.079001235	TRUE	15.49648241	TRUE	0.001504535
Cal_Batch4_1818	745	0.000711382	0.00000242	6.38E-06	TRUE	0.458603066	TRUE	0.525026883	TRUE	0.456979864	TRUE	0.034197167	TRUE	0.068683385	TRUE	15.96703297	TRUE	0.001556314
Cal_Batch6_9236	643	0.000709587	0.00000241	6.35E-06	TRUE	0.570994428	TRUE	0.523257215	TRUE	0.534406855	TRUE	0.133656024	TRUE	0.203281344	TRUE	37.5	TRUE	0.002793735
Cal_Batch10_6983	730	0.000704605	0.00000239	6.30E-06	TRUE	0.495967742	TRUE	0.464679826	TRUE	0.445825851	TRUE	0.057999628	TRUE	0.180988638	TRUE	25.69024172	TRUE	0.002821605
Cal_Batch21_1963	736	0.000698828	0.00000237	6.24E-06	TRUE	0.490687579	TRUE	0.453687814	TRUE	0.387602337	TRUE	0.058946139	TRUE	0.145740205	TRUE	23.9328802	TRUE	0.002001129
Cal_Batch26_5408	685	0.000687487	0.00000234	6.16E-06	TRUE	0.458172549	TRUE	0.500940163	TRUE	0.470615882	TRUE	0.105256925	TRUE	0.156705002	TRUE	21.77382465	TRUE	0.002773258
Cal_Batch22_9950	687	0.000678804	0.00000231	6.09E-06	TRUE	0.487154426	TRUE	0.398587489	TRUE	0.357553152	TRUE	0.087800718	TRUE	0.130337931	TRUE	28.30639731	TRUE	0.002183713
Cal_Batch26_7098	661	0.000676157	0.0000023	6.06E-06	TRUE	0.50308535	TRUE	0.621368071	TRUE	0.479998126	TRUE	0.059370855	TRUE	0.122070224	TRUE	17.41390867	TRUE	0.001509099
Cal_Batch7_8387	806	0.000673172	0.00000229	6.03E-06	TRUE	0.481108235	TRUE	0.448293221	TRUE	0.508348378	TRUE	0.026017707	TRUE	0.101304623	TRUE	18.22594913	TRUE	0.001546911
Cal_Batch6_063	675	0.000670173	0.00000228	6.01E-06	TRUE	0.490308561	TRUE	0.560925862	TRUE	0.489110113	TRUE	0.104520712	TRUE	0.226289522	TRUE	23.80418848	TRUE	0.002772067
Cal_Batch22_2670	660	0.000659922	0.00000224	5.90E-06	TRUE	0.431968085	TRUE	0.540251552	TRUE	0.396161561	TRUE	0.072145839	TRUE	0.133658171	TRUE	15.07657945	TRUE	0.001850603
Cal_Batch21_1681	603	0.000660534	0.00000224	5.90E-06	TRUE	0.47515213	TRUE	0.582474457	TRUE	0.521214456	TRUE	0.043316125	TRUE	0.167210363	TRUE	18.11128127	TRUE	0.002055498
Cal_Batch7_9002	802	0.000651163	0.00000221	5.82E-06	TRUE	0.598719488	TRUE	0.412161958	TRUE	0.434691176	TRUE	0.093789926	TRUE	0.132290747	TRUE	43.85067437	TRUE	0.002129868
Cal_Batch23_6299	741	0.000648216	0.0000022	5.80E-06	TRUE	0.505432898	TRUE	0.466234161	TRUE	0.45245888	TRUE	0.04995271	TRUE	0.19613789	TRUE	24.86947514	TRUE	0.002809408
Cal_Batch7_215	649	0.000631934	0.00000215	5.66E-06	TRUE	0.642065111	TRUE	0.576986294	TRUE	0.437333567	TRUE	0.042536062	TRUE	0.075760798	TRUE	42.14456522	TRUE	0.001485334
Cal_Batch17_8494	671	0.00062957	0.00000214	5.64E-06	TRUE	0.604662181	TRUE	0.50113205	TRUE	0.547130945	TRUE	0.043225745	TRUE	0.129383486	TRUE	39.81553398	TRUE	0.0015039
Cal_Batch27_655	745	0.000629518	0.00000214	5.64E-06	TRUE	0.589085072	TRUE	0.50477061	TRUE	0.472786405	TRUE	0.038832677	TRUE	0.139534772	TRUE	38.97928437	TRUE	0.001615186
Cal_Batch11_441	627	0.00062783	0.00000213	5.61E-06	TRUE	0.551733954	TRUE	0.586721622	TRUE	0.521082957	TRUE	0.101481491	TRUE	0.190469495	TRUE	29.25880886	TRUE	0.002534542
Cal_Batch1_218	617	0.000616861	0.0000021	5.53E-06	TRUE	0.525959591	TRUE	0.574786564	TRUE	0.544124165	TRUE	0.068918971	TRUE	0.177898249	TRUE	22.51193317	TRUE	0.002222468
Cal_Batch14_7684	702	0.00061946	0.0000021	5.53E-06	TRUE	0.363402833	TRUE	0.42841667	TRUE	0.351441808	TRUE	0.118128308	TRUE	0.174782824	TRUE	18.8777579	TRUE	0.003114033
Cal_Batch11_371	726	0.000614173	0.00000209	5.51E-06	TRUE	0.459447611	TRUE	0.469919687	TRUE	0.409871718	TRUE	0.032728116	TRUE	0.071066407	TRUE	21.03518649	TRUE	0.001606752
Cal_Batch1_3239	701	0.000614374	0.00000209	5.51E-06	TRUE	0.520413249	TRUE	0.522028896	TRUE	0.470868343	TRUE	0.070538854	TRUE	0.105025386	TRUE	22.73629386	TRUE	0.00169927
Cal_Batch7_3276	622	0.000616604	0.00000209	5.51E-06	TRUE	0.532227996	TRUE	0.634286386	TRUE	0.579641306	TRUE	0.087248924	TRUE	0.208316066	TRUE	18.01666667	TRUE	0.002226298
Cal_Batch17_5757	722	0.000605191	0.00000206	5.43E-06	TRUE	0.346442043	TRUE	0.386013426	TRUE	0.319288495	TRUE	0.113592263	TRUE	0.209342638	TRUE	16.82221542	TRUE	0.00322361
Cal_Batch3_7836	639	0.000605335	0.00000206	5.43E-06	TRUE	0.546585833	TRUE	0.629147779	TRUE	0.406425782	TRUE	0.141327272	TRUE	0.184119779	TRUE	26.14888718	TRUE	0.002753106
Cal_Batch24_7020	714	0.000602556	0.00000205	5.40E-06	TRUE	0.486268485	TRUE	0.529798675	TRUE	0.498574707	TRUE	0.11375845	TRUE	0.150461505	TRUE	19.44564379	TRUE	0.002854457
Cal_Batch9_7931	683	0.000599899	0.00000204	5.37E-06	TRUE	0.522797305	TRUE	0.445892291	TRUE	0.500929012	TRUE	0.023363013	TRUE	0.11705471	TRUE	27.33000624	TRUE	0.001540098
Cal_Batch10_4487	641	0.00059723	0.00000203	5.35E-06	TRUE	0.537325153	TRUE	0.617023591	TRUE	0.530330697	TRUE	0.037366055	TRUE	0.076854794	TRUE	21.36245573	TRUE	0.001335499
Cal_Batch4_4316	682	0.000596675	0.00000203	5.35E-06	TRUE	0.447031933	TRUE	0.525184438	TRUE	0.4726979	TRUE	0.074965536	TRUE	0.141346951	TRUE	15.21297771	TRUE	0.001711049
Cal_Batch16_5455	726	0.000589864	0.000002	5.27E-06	TRUE	0.381183369	TRUE	0.397119032	TRUE	0.408512266	TRUE	0.075302834	TRUE	0.173049706	TRUE	17.48002577	TRUE	0.002248658
Cal_Batch10_3038	690	0.000579822	0.00000197	5.19E-06	TRUE	0.385555043	TRUE	0.424918492	TRUE	0.373458406	TRUE	0.063642169	TRUE	0.114363937	TRUE	16.00437828	TRUE	0.001984617
Cal_Batch21_2020	743	0.000577561	0.00000196	5.16E-06	TRUE	0.456737756	TRUE	0.412997453	TRUE	0.480533364	TRUE	0.054171448	TRUE	0.131418741	TRUE	18.81009043	TRUE	0.001765839
Cal_Batch23_9773	681	0.000572676	0.00000195	5.14E-06	TRUE	0.640065568	TRUE	0.549142639	TRUE	0.386088684	TRUE	0.079004438	TRUE	0.090576441	TRUE	53.1895288	TRUE	0.001778076
Cal_Batch5_8248	662	0.00057101	0.00000194	5.11E-06	TRUE	0.480177647	TRUE	0.58435845	TRUE	0.47442619	TRUE	0.045827379	TRUE	0.102745922	TRUE	15.76968504	TRUE	0.001556492
Cal_Batch15_8886	638	0.00056294	0.00000191	5.03E-06	TRUE	0.602141412	TRUE	0.520537835	TRUE	0.397228527	TRUE	0.086089718	TRUE	0.197523411	TRUE	60.28806907	TRUE	0.002614165
Cal_Batch13_6345	691	0.000559141	0.0000019	5.01E-06	TRUE	0.51933528	TRUE	0.369812308	TRUE	0.503115865	TRUE	0.050395529	TRUE	0.142179323	TRUE	32.80097879	TRUE	0.001891585
Cal_Batch3_6129	665	0.000553891	0.00000188	4.95E-06	TRUE	0.483393898	TRUE	0.55716617	TRUE	0.591586822	TRUE	0.053835109	TRUE	0.208549729	TRUE	17.28644241	TRUE	0.002217918
Cal_Batch4_7610	698	0.000546248	0.00000186	4.90E-06	TRUE	0.61167159	TRUE	0.52150398	TRUE	0.544938581	TRUE	0.036066818	TRUE	0.146647566	TRUE	37.39406208	TRUE	0.001488289
Cal_Batch25_5711	625	0.00054733	0.00000186	4.90E-06	TRUE	0.437829054	TRUE	0.575867944	TRUE	0.391682835	TRUE	0.151794102	TRUE	0.21364217	TRUE	18.50606654	TRUE	0.003050966
Cal_Batch7_4108	793	0.000548708	0.00000186	4.90E-06	TRUE	0.390907023	TRUE	0.395517449	TRUE	0.403189749	TRUE	0.10893861	TRUE	0.137704754	TRUE	16.36067611	TRUE	0.00239255
Cal_Batch14_4917	685	0.000539145	0.00000183	4.82E-06	TRUE	0.485870773	TRUE	0.544013957	TRUE	0.433573507	TRUE	0.133809239	TRUE	0.218319651	TRUE	23.42380952	TRUE	0.003026764
Cal_Batch22_8803	666	0.000529075	0.0000018	4.74E-06	TRUE	0.470581622	TRUE	0.554477276	TRUE	0.517216223	TRUE	0.031296109	TRUE	0.108604033	TRUE	15.48731884	TRUE	0.00134356
Cal_Batch7_6487	703	0.000531053	0.0000018	4.74E-06	TRUE	0.627490206	TRUE	0.48632854	TRUE	0.398431043	TRUE	0.045562006	TRUE	0.127611697	TRUE	54.50550551	TRUE	0.001635699
Cal_Batch24_1767	690	0.00052608	0.00000179	4.72E-06	TRUE	0.530084634	TRUE	0.399203081	TRUE	0.38308656	TRUE	0.054277682	TRUE	0.104095509	TRUE	33.08823529	TRUE	0.001862765
Cal_Batch23_1398	652	0.000528357	0.00000179	4.72E-06	TRUE	0.636591632	TRUE	0.558942707	TRUE	0.520040816	TRUE	0.020144864	TRUE	0.066567264	TRUE	39.65855457	TRUE	0.001241807
Cal_Batch13_9968	724	0.000524105	0.00000178	4.69E-06	TRUE	0.433094625	TRUE	0.480917125	TRUE	0.403856178	TRUE	0.054758255	TRUE	0.071387972	TRUE	16.70752896	TRUE	0.001783917
Cal_Batch2_9680	707	0.000520945	0.00000177	4.66E-06	TRUE	0.627440948	TRUE	0.57262398	TRUE	0.413171681	TRUE	0.072909772	TRUE	0.144504057	TRUE	33.54517134	TRUE	0.001745214
Cal_Batch18_5741	678	0.000507782	0.00000173	4.56E-06	TRUE	0.385633846	TRUE	0.4922994	TRUE	0.384393337	TRUE	0.139273872	TRUE	0.196291259	TRUE	17.75832193	TRUE	0.003085221
Cal_Batch21_1733	626	0.000507853	0.00000173	4.56E-06	TRUE	0.496723369	TRUE	0.478487202	TRUE	0.490857485	TRUE	0.052842554	TRUE	0.19713553	TRUE	26.20889262	TRUE	0.002593677
Cal_Batch22_6320	700	0.000509391	0.00000173	4.56E-06	TRUE	0.454009843	TRUE	0.457263657	TRUE	0.412675894	TRUE	0.086328972	TRUE	0.120691029	TRUE	21.1099916	TRUE	0.002117612
Cal_Batch3_4164	683	0.000510613	0.00000173	4.56E-06	TRUE	0.633561429	TRUE	0.458541873	TRUE	0.495573575	TRUE	0.026733509	TRUE	0.098029426	TRUE	48.77227723	TRUE	0.001390153
Cal_Batch2_4217	770	0.00050772	0.00000172	4.53E-06	TRUE	0.472146236	TRUE	0.438851807	TRUE	0.386988045	TRUE	0.028254619	TRUE	0.098642536	TRUE	22.85719814	TRUE	0.001883979
Cal_Batch20_5969	754	0.000494068	0.00000168	4.43E-06	TRUE	0.365159278	TRUE	0.401683786	TRUE	0.320251459	TRUE	0.076311835	TRUE	0.136721256	TRUE	16.44907779	TRUE	0.002230219
Cal_Batch11_7186	612	0.000479487	0.00000163	4.29E-06	TRUE	0.507393639	TRUE	0.613142946	TRUE	0.549392853	TRUE	0.092127785	TRUE	0.224610026	TRUE	17.17335315	TRUE	0.002278401
Cal_Batch1_7741	722	0.000479075	0.00000163	4.29E-06	TRUE	0.44974356	TRUE	0.561782931	TRUE	0.464218564	TRUE	0.059441154	TRUE	0.119357339	TRUE	15.53399433	TRUE	0.001652977
Cal_Batch8_9362	771	0.000474112	0.00000161	4.24E-06	TRUE	0.453937702	TRUE	0.409288858	TRUE	0.347365449	TRUE	0.041700814	TRUE	0.157367857	TRUE	21.36138175	TRUE	0.002252071
Cal_Batch4_5137	700	0.000469431	0.00000159	4.19E-06	TRUE	0.498315064	TRUE	0.371218696	TRUE	0.501971691	TRUE	0.050271399	TRUE	0.156932565	TRUE	25.96291145	TRUE	0.002011367
Cal_Batch12_4017	768	0.000461782	0.00000157	4.14E-06	TRUE	0.391531066	TRUE	0.461305651	TRUE	0.385916597	TRUE	0.140948657	TRUE	0.211050731	TRUE	16.11495536	TRUE	0.003287463
Cal_Batch1_903	638	0.00045821	0.00000156	4.11E-06	TRUE	0.498416298	TRUE	0.547962752	TRUE	0.509806439	TRUE	0.053018823	TRUE	0.162292514	TRUE	24.06167608	TRUE	0.002324908
Cal_Batch18_9724	654	0.000457524	0.00000155	4.08E-06	TRUE	0.621713111	TRUE	0.604757355	TRUE	0.607932943	TRUE	0.041542966	TRUE	0.128576818	TRUE	27.68970588	TRUE	0.001324507
Cal_Batch24_8078	743	0.00045731	0.00000155	4.08E-06	TRUE	0.45260409	TRUE	0.413298337	TRUE	0.309248555	TRUE	0.076536395	TRUE	0.098834038	TRUE	24.12734742	TRUE	0.002030878
Cal_Batch27_1144	679	0.000452408	0.00000154	4.06E-06	TRUE	0.462545088	TRUE	0.57233354	TRUE	0.45042282	TRUE	0.157952493	TRUE	0.196450404	TRUE	19.24798793	TRUE	0.003021437
Cal_Batch23_7620	652	0.000450372	0.00000153	4.03E-06	TRUE	0.495568044	TRUE	0.606785194	TRUE	0.494100607	TRUE	0.054825141	TRUE	0.095575665	TRUE	18.26011158	TRUE	0.001461824
Cal_Batch23_1832	651	0.000451396	0.00000153	4.03E-06	TRUE	0.562529187	TRUE	0.575447659	TRUE	0.412956668	TRUE	0.065493018	TRUE	0.120444172	TRUE	28.68542487	TRUE	0.00160585
Cal_Batch17_7484	655	0.000441675	0.0000015	3.95E-06	TRUE	0.571094988	TRUE	0.37008352	TRUE	0.312188623	TRUE	0.040212273	TRUE	0.087027031	TRUE	71.5959799	TRUE	0.001889801
Cal_Batch14_8842	698	0.000422195	0.00000143	3.77E-06	TRUE	0.487454362	TRUE	0.428082723	TRUE	0.319652199	TRUE	0.0492671	TRUE	0.133733331	TRUE	27.89817842	TRUE	0.001925603
Cal_Batch24_384	746	0.000418212	0.00000142	3.74E-06	TRUE	0.563856048	TRUE	0.488635621	TRUE	0.426134525	TRUE	0.091061871	TRUE	0.145993738	TRUE	37.38069074	TRUE	0.00190482
Cal_Batch22_5159	636	0.000409646	0.00000139	3.66E-06	TRUE	0.647645973	TRUE	0.602907257	TRUE	0.540653873	TRUE	0.119524719	TRUE	0.169060466	TRUE	44.67084203	TRUE	0.002502929
Cal_Batch6_1793	669	0.000401197	0.00000136	3.58E-06	TRUE	0.46272288	TRUE	0.631050245	TRUE	0.444800977	TRUE	0.130215561	TRUE	0.213624235	TRUE	15.28118732	TRUE	0.002611551
Cal_Batch3_7302	706	0.000398639	0.00000135	3.56E-06	TRUE	0.441386769	TRUE	0.484328459	TRUE	0.41041754	TRUE	0.088613265	TRUE	0.184235019	TRUE	22.9407086	TRUE	0.002976417
Cal_Batch12_8342	709	0.000394242	0.00000134	3.53E-06	TRUE	0.550506702	TRUE	0.468651348	TRUE	0.473839144	TRUE	0.055669844	TRUE	0.13143115	TRUE	34.20982318	TRUE	0.001681412
Cal_Batch13_3976	767	0.000393734	0.00000134	3.53E-06	TRUE	0.459910163	TRUE	0.358008824	TRUE	0.318762499	TRUE	0.057538312	TRUE	0.137539404	TRUE	28.85752688	TRUE	0.002175348
Cal_Batch8_7969	657	0.000376355	0.00000128	3.37E-06	TRUE	0.550458295	TRUE	0.627128082	TRUE	0.553592509	TRUE	0.078929537	TRUE	0.155036109	TRUE	18.735	TRUE	0.00161199
Cal_Batch21_5903	664	0.00037359	0.00000127	3.35E-06	TRUE	0.47018987	TRUE	0.50364933	TRUE	0.412149344	TRUE	0.076761256	TRUE	0.210394649	TRUE	27.28199405	TRUE	0.002788713
Cal_Batch2_3582	662	0.000370277	0.00000126	3.32E-06	TRUE	0.459898145	TRUE	0.558491262	TRUE	0.463337921	TRUE	0.095150182	TRUE	0.223809207	TRUE	20.50267762	TRUE	0.002670494
Cal_Batch11_921	682	0.000364646	0.00000124	3.27E-06	TRUE	0.522104397	TRUE	0.54158544	TRUE	0.503992319	TRUE	0.06028172	TRUE	0.1175041	TRUE	19.33392164	TRUE	0.001561953
Cal_Batch14_3035	687	0.00036191	0.00000123	3.24E-06	TRUE	0.502639501	TRUE	0.504183318	TRUE	0.47693935	TRUE	0.026774201	TRUE	0.056649417	TRUE	21.83752621	TRUE	0.001333103
Cal_Batch10_1651	618	0.000356827	0.00000121	3.19E-06	TRUE	0.485933329	TRUE	0.614088908	TRUE	0.59002484	TRUE	0.07662077	TRUE	0.1692839	TRUE	16.92739274	TRUE	0.002100483
Cal_Batch15_1242	637	0.000357372	0.00000121	3.19E-06	TRUE	0.579944929	TRUE	0.639170497	TRUE	0.566911972	TRUE	0.086603547	TRUE	0.132318962	TRUE	23.29238466	TRUE	0.001639633
Cal_Batch12_9029	609	0.000354583	0.0000012	3.16E-06	TRUE	0.617398848	TRUE	0.640954554	TRUE	0.627541834	TRUE	0.105134909	TRUE	0.222104334	TRUE	22.93447293	TRUE	0.002335807
Cal_Batch17_5320	626	0.00034854	0.00000118	3.11E-06	TRUE	0.61421165	TRUE	0.568966988	TRUE	0.570000929	TRUE	0.142748603	TRUE	0.18551038	TRUE	34.6466877	TRUE	0.002757895
Cal_Batch25_6994	686	0.000344788	0.00000117	3.08E-06	TRUE	0.467692191	TRUE	0.512992133	TRUE	0.415062381	TRUE	0.077935743	TRUE	0.113539004	TRUE	18.23242009	TRUE	0.001863658
Cal_Batch16_7839	636	0.000340481	0.00000116	3.06E-06	TRUE	0.615656268	TRUE	0.540496382	TRUE	0.525602249	TRUE	0.052925619	TRUE	0.134775672	TRUE	42.59246172	TRUE	0.001555754
Cal_Batch14_4258	802	0.000340666	0.00000116	3.06E-06	TRUE	0.391506749	TRUE	0.375230529	TRUE	0.335316457	TRUE	0.027963454	TRUE	0.11396853	TRUE	18.00757391	TRUE	0.00211413
Cal_Batch23_6875	664	0.000342871	0.00000116	3.06E-06	TRUE	0.61013946	TRUE	0.575405017	TRUE	0.415876215	TRUE	0.040322083	TRUE	0.072950986	TRUE	37.22944022	TRUE	0.001495085
Cal_Batch9_4734	680	0.000337629	0.00000115	3.03E-06	TRUE	0.462733089	TRUE	0.590062056	TRUE	0.494633723	TRUE	0.07571699	TRUE	0.114980375	TRUE	15.76902887	TRUE	0.001612258
Cal_Batch7_4816	663	0.000335007	0.00000114	3.00E-06	TRUE	0.539128639	TRUE	0.404849583	TRUE	0.33430729	TRUE	0.049885322	TRUE	0.13990587	TRUE	45.99165275	TRUE	0.001892853
Cal_Batch10_2133	664	0.000332096	0.00000113	2.98E-06	TRUE	0.503566073	TRUE	0.488813854	TRUE	0.369109231	TRUE	0.041388255	TRUE	0.10388978	TRUE	26.86864219	TRUE	0.001631828
Cal_Batch23_9191	664	0.000325818	0.00000111	2.92E-06	TRUE	0.491180706	TRUE	0.55142975	TRUE	0.564331821	TRUE	0.038366733	TRUE	0.154310447	TRUE	15.88888889	TRUE	0.001359383
Cal_Batch17_9076	722	0.000328104	0.00000111	2.92E-06	TRUE	0.352659823	TRUE	0.392134493	TRUE	0.366168839	TRUE	0.055909075	TRUE	0.154336587	TRUE	15.14510686	TRUE	0.00208488
Cal_Batch4_6010	685	0.000319477	0.00000109	2.87E-06	TRUE	0.583208628	TRUE	0.601673165	TRUE	0.492676413	TRUE	0.102430596	TRUE	0.199673291	TRUE	29.43491865	TRUE	0.002630578
Cal_Batch5_6568	720	0.000319341	0.00000108	2.85E-06	TRUE	0.607626775	TRUE	0.54050361	TRUE	0.498232909	TRUE	0.04277725	TRUE	0.118733681	TRUE	31.01567091	TRUE	0.00148798
Cal_Batch9_2778	685	0.000314544	0.00000107	2.82E-06	TRUE	0.506813379	TRUE	0.551514886	TRUE	0.463125862	TRUE	0.085318467	TRUE	0.146252621	TRUE	17.7779728	TRUE	0.001741897
Cal_Batch5_767	639	0.000311364	0.00000106	2.79E-06	TRUE	0.621340959	TRUE	0.634007773	TRUE	0.622429578	TRUE	0.092734999	TRUE	0.148924366	TRUE	19.91312217	TRUE	0.001658385
Cal_Batch19_7585	640	0.000308044	0.00000105	2.77E-06	TRUE	0.579291763	TRUE	0.610601707	TRUE	0.588566768	TRUE	0.107031629	TRUE	0.137704076	TRUE	18.62732919	TRUE	0.001933803
Cal_Batch25_3273	615	0.000310519	0.00000105	2.77E-06	TRUE	0.544216691	TRUE	0.563108901	TRUE	0.390463727	TRUE	0.109714767	TRUE	0.204960541	TRUE	32.43159131	TRUE	0.00275513
Cal_Batch16_4317	666	0.000304863	0.00000104	2.74E-06	TRUE	0.527136834	TRUE	0.63652163	TRUE	0.556135369	TRUE	0.035794098	TRUE	0.102420541	TRUE	17.92834027	TRUE	0.001346577
Cal_Batch4_7245	751	0.000305083	0.00000104	2.74E-06	TRUE	0.524291041	TRUE	0.386355574	TRUE	0.39700678	TRUE	0.022091421	TRUE	0.07877246	TRUE	37.53788396	TRUE	0.001696856
Cal_Batch10_8523	686	0.00029813	0.00000101	2.66E-06	TRUE	0.43366398	TRUE	0.4402682	TRUE	0.484385314	TRUE	0.040777127	TRUE	0.137346514	TRUE	17.67880486	TRUE	0.001561356
Cal_Batch20_4219	665	0.000298126	0.00000101	2.66E-06	TRUE	0.495997345	TRUE	0.551218635	TRUE	0.511857341	TRUE	0.066460387	TRUE	0.155529111	TRUE	16.38323353	TRUE	0.001620382
Cal_Batch5_5261	629	0.000291812	0.000000991	2.61E-06	TRUE	0.608747774	TRUE	0.635954253	TRUE	0.578761044	TRUE	0.050389729	TRUE	0.11592583	TRUE	25.61314476	TRUE	0.001342855
Cal_Batch27_056	732	0.000286646	0.000000974	2.57E-06	TRUE	0.617352252	TRUE	0.444586439	TRUE	0.579031837	TRUE	0.06082014	TRUE	0.136705028	TRUE	33.77219167	TRUE	0.001831925
Cal_Batch19_4163	622	0.000285114	0.000000969	2.55E-06	TRUE	0.502886506	TRUE	0.53277385	TRUE	0.372349555	TRUE	0.145655025	TRUE	0.208121789	TRUE	32.11391437	TRUE	0.002932686
Cal_Batch13_4620	734	0.000285017	0.000000968	2.55E-06	TRUE	0.480977793	TRUE	0.369957272	TRUE	0.37797137	TRUE	0.039052455	TRUE	0.143013027	TRUE	28.73993808	TRUE	0.001934515
Cal_Batch5_7471	647	0.000284889	0.000000968	2.55E-06	TRUE	0.615069958	TRUE	0.609002503	TRUE	0.549298223	TRUE	0.110600265	TRUE	0.167001094	TRUE	34.1121705	TRUE	0.002389634
Cal_Batch8_1140	636	0.000279273	0.000000949	2.50E-06	TRUE	0.486562472	TRUE	0.625504253	TRUE	0.528278052	TRUE	0.092601524	TRUE	0.165871927	TRUE	16.89433551	TRUE	0.002279087
Cal_Batch16_1979	626	0.000278011	0.000000944	2.49E-06	TRUE	0.586800819	TRUE	0.615534779	TRUE	0.638644135	TRUE	0.041310254	TRUE	0.150883189	TRUE	17.84215992	TRUE	0.001231163
Cal_Batch19_1742	718	0.000277403	0.000000942	2.48E-06	TRUE	0.464670009	TRUE	0.464392624	TRUE	0.3227949	TRUE	0.080350118	TRUE	0.107294405	TRUE	22.43575851	TRUE	0.001997822
Cal_Batch12_9720	627	0.000269543	0.000000916	2.41E-06	TRUE	0.51428113	TRUE	0.632514593	TRUE	0.520629814	TRUE	0.133979032	TRUE	0.170960612	TRUE	19.06909789	TRUE	0.002777308
Cal_Batch16_4702	819	0.00026783	0.00000091	2.40E-06	TRUE	0.361663463	TRUE	0.339156054	TRUE	0.345598378	TRUE	0.10391433	TRUE	0.157974516	TRUE	17.06113903	TRUE	0.002798519
Cal_Batch5_7699	730	0.000266797	0.000000906	2.39E-06	TRUE	0.563142246	TRUE	0.475808836	TRUE	0.415828501	TRUE	0.043089359	TRUE	0.137950998	TRUE	40.10270951	TRUE	0.001601749
Cal_Batch14_7771	717	0.000265135	0.000000901	2.37E-06	TRUE	0.42930651	TRUE	0.486356541	TRUE	0.343294863	TRUE	0.120814602	TRUE	0.14288798	TRUE	17.98480608	TRUE	0.002321287
Cal_Batch6_2063	862	0.000256247	0.000000871	2.29E-06	TRUE	0.382931963	TRUE	0.391763513	TRUE	0.426108868	TRUE	0.045366812	TRUE	0.123285246	TRUE	15.04135002	TRUE	0.001933016
Cal_Batch18_9840	647	0.000254497	0.000000865	2.28E-06	TRUE	0.631112073	TRUE	0.563204612	TRUE	0.528258314	TRUE	0.07005322	TRUE	0.124243623	TRUE	44.31606673	TRUE	0.001655966
Cal_Batch15_410	696	0.000254264	0.000000864	2.28E-06	TRUE	0.533058186	TRUE	0.604878118	TRUE	0.473075272	TRUE	0.033391466	TRUE	0.069073939	TRUE	18.46280992	TRUE	0.00141064
Cal_Batch1_3213	643	0.000250674	0.000000852	2.24E-06	TRUE	0.522988294	TRUE	0.627389496	TRUE	0.563578863	TRUE	0.042379348	TRUE	0.121216145	TRUE	16.04848754	TRUE	0.001312817
Cal_Batch26_7485	652	0.000245546	0.000000834	2.20E-06	TRUE	0.625813575	TRUE	0.592121329	TRUE	0.498002799	TRUE	0.0964011	TRUE	0.196342645	TRUE	47.24770642	TRUE	0.002572665
Cal_Batch16_7096	680	0.000245205	0.000000833	2.19E-06	TRUE	0.506528869	TRUE	0.630654916	TRUE	0.459382787	TRUE	0.093511252	TRUE	0.105800171	TRUE	17.36928839	TRUE	0.001832205
Cal_Batch11_9928	771	0.000241871	0.000000822	2.17E-06	TRUE	0.586392629	TRUE	0.561889021	TRUE	0.404472465	TRUE	0.069061223	TRUE	0.130773679	TRUE	32.98356401	TRUE	0.001652476
Cal_Batch2_3082	656	0.00024031	0.000000816	2.15E-06	TRUE	0.413763419	TRUE	0.479770304	TRUE	0.444113922	TRUE	0.087747218	TRUE	0.154556304	TRUE	17.41923775	TRUE	0.00284584
Cal_Batch23_125	701	0.000236797	0.000000804	2.12E-06	TRUE	0.496086287	TRUE	0.547135782	TRUE	0.438745749	TRUE	0.133948381	TRUE	0.219438115	TRUE	23.20446097	TRUE	0.003093168
Cal_Batch11_5933	603	0.000231975	0.000000788	2.08E-06	TRUE	0.593978568	TRUE	0.643448478	TRUE	0.608164987	TRUE	0.042472268	TRUE	0.163110787	TRUE	20.05459184	TRUE	0.001710252
Cal_Batch4_8373	751	0.000231797	0.000000787	2.07E-06	TRUE	0.634709507	TRUE	0.503735423	TRUE	0.422661059	TRUE	0.071687162	TRUE	0.131409344	TRUE	42.83099579	TRUE	0.001719837
Cal_Batch10_5757	644	0.000230775	0.000000784	2.07E-06	TRUE	0.512689491	TRUE	0.404502603	TRUE	0.421503809	TRUE	0.134288434	TRUE	0.195015138	TRUE	38.3803681	TRUE	0.003292599
Cal_Batch24_6700	818	0.0002271	0.000000771	2.03E-06	TRUE	0.515297519	TRUE	0.353191246	TRUE	0.318792544	TRUE	0.057464881	TRUE	0.134005368	TRUE	41.77611219	TRUE	0.001904419
Cal_Batch19_6901	813	0.000225094	0.000000765	2.02E-06	TRUE	0.338114932	TRUE	0.359357329	TRUE	0.312960293	TRUE	0.062667658	TRUE	0.154637017	TRUE	15.38794005	TRUE	0.002331882
Cal_Batch3_9368	643	0.000222787	0.000000757	1.99E-06	TRUE	0.538657771	TRUE	0.564894051	TRUE	0.487650698	TRUE	0.069690627	TRUE	0.116466999	TRUE	25.05661275	TRUE	0.001634226
Cal_Batch19_9467	663	0.000222595	0.000000756	1.99E-06	TRUE	0.301294635	TRUE	0.353277382	TRUE	0.308989333	TRUE	0.158824313	TRUE	0.19345083	TRUE	15.95114686	TRUE	0.003576886
Cal_Batch14_6515	648	0.000217535	0.000000739	1.95E-06	TRUE	0.60531522	TRUE	0.52981746	TRUE	0.524922727	TRUE	0.055862989	TRUE	0.111504984	TRUE	44.7437751	TRUE	0.001506433
Cal_Batch6_2901	658	0.00021441	0.000000728	1.92E-06	TRUE	0.595332839	TRUE	0.471332379	TRUE	0.398968157	TRUE	0.033614342	TRUE	0.111217037	TRUE	54.66530945	TRUE	0.001522086
Cal_Batch14_9160	687	0.000213325	0.000000725	1.91E-06	TRUE	0.395673965	TRUE	0.467667948	TRUE	0.386460803	TRUE	0.12176757	TRUE	0.211720708	TRUE	18.69574356	TRUE	0.003123336
Cal_Batch2_4963	774	0.000212361	0.000000721	1.90E-06	TRUE	0.559102808	TRUE	0.472210324	TRUE	0.426450923	TRUE	0.042620259	TRUE	0.058715348	TRUE	37.34806974	TRUE	0.001637809
Cal_Batch4_7066	691	0.000205553	0.000000698	1.84E-06	TRUE	0.500590251	TRUE	0.515782907	TRUE	0.374608954	TRUE	0.047498609	TRUE	0.086640706	TRUE	23.67988962	TRUE	0.001635146
Cal_Batch28_661	621	0.000205152	0.000000697	1.84E-06	TRUE	0.522279188	TRUE	0.544297024	TRUE	0.339265232	TRUE	0.111323788	TRUE	0.216399664	TRUE	33.67602808	TRUE	0.002797557
Cal_Batch9_8764	712	0.000204005	0.000000693	1.83E-06	TRUE	0.536838464	TRUE	0.489183882	TRUE	0.388748333	TRUE	0.146142961	TRUE	0.209964204	TRUE	36.09029228	TRUE	0.003180599
Cal_Batch22_175	789	0.000201673	0.000000685	1.80E-06	TRUE	0.493989171	TRUE	0.445793696	TRUE	0.38700738	TRUE	0.023501818	TRUE	0.089301374	TRUE	25.30577137	TRUE	0.001628414
Cal_Batch12_3204	673	0.000199276	0.000000677	1.78E-06	TRUE	0.521723054	TRUE	0.574254829	TRUE	0.310244092	TRUE	0.18631214	TRUE	0.217093832	TRUE	27.26067747	TRUE	0.003352752
Cal_Batch20_377	688	0.00019806	0.000000673	1.77E-06	TRUE	0.544695071	TRUE	0.406979066	TRUE	0.407839534	TRUE	0.054788071	TRUE	0.14724925	TRUE	33.52757353	TRUE	0.001924212
Cal_Batch5_9176	643	0.000196901	0.000000669	1.76E-06	TRUE	0.49614202	TRUE	0.603888355	TRUE	0.402008775	TRUE	0.157665398	TRUE	0.183666269	TRUE	20.24133148	TRUE	0.003012721
Cal_Batch12_6948	669	0.000192599	0.000000654	1.72E-06	TRUE	0.418710762	TRUE	0.524797526	TRUE	0.432292826	TRUE	0.108586238	TRUE	0.223441073	TRUE	18.33647928	TRUE	0.002916519
Cal_Batch3_722	623	0.000191794	0.000000652	1.72E-06	TRUE	0.440130682	TRUE	0.503579927	TRUE	0.476248651	TRUE	0.073021359	TRUE	0.235779847	TRUE	17.46747813	TRUE	0.002737894
Cal_Batch13_6048	693	0.000188765	0.000000641	1.69E-06	TRUE	0.532117855	TRUE	0.509014128	TRUE	0.456726578	TRUE	0.035944782	TRUE	0.062801111	TRUE	25.47053364	TRUE	0.001459905
Cal_Batch20_8234	678	0.000188331	0.00000064	1.69E-06	TRUE	0.619471842	TRUE	0.637018044	TRUE	0.462383589	TRUE	0.131019558	TRUE	0.188832141	TRUE	36.83301344	TRUE	0.002748321
Cal_Batch23_4010	685	0.000188241	0.000000639	1.68E-06	TRUE	0.600498368	TRUE	0.600927624	TRUE	0.551203445	TRUE	0.023530767	TRUE	0.088629573	TRUE	25.35744681	TRUE	0.001214682
Cal_Batch5_2303	765	0.000187652	0.000000637	1.68E-06	TRUE	0.579956798	TRUE	0.647661967	TRUE	0.514883391	TRUE	0.084471684	TRUE	0.119313338	TRUE	18.26299213	TRUE	0.001700377
Cal_Batch23_6770	670	0.000186563	0.000000634	1.67E-06	TRUE	0.479591369	TRUE	0.578890272	TRUE	0.383005811	TRUE	0.186293999	TRUE	0.209599159	TRUE	21.77654867	TRUE	0.003270454
Cal_Batch26_8252	747	0.000184955	0.000000628	1.65E-06	TRUE	0.410998201	TRUE	0.433341532	TRUE	0.369495836	TRUE	0.092322175	TRUE	0.138759868	TRUE	16.26089483	TRUE	0.002174313
Cal_Batch28_2712	755	0.000182886	0.000000621	1.64E-06	TRUE	0.346180457	TRUE	0.377015217	TRUE	0.347226163	TRUE	0.073476038	TRUE	0.168954038	TRUE	15.97999024	TRUE	0.00229364
Cal_Batch21_2204	644	0.000182404	0.00000062	1.63E-06	TRUE	0.452136007	TRUE	0.583631379	TRUE	0.386597358	TRUE	0.142014466	TRUE	0.205433242	TRUE	18.19890894	TRUE	0.003036884
Cal_Batch23_9809	614	0.000181176	0.000000615	1.62E-06	TRUE	0.553912137	TRUE	0.568854244	TRUE	0.566066285	TRUE	0.067088476	TRUE	0.233376147	TRUE	22.66488846	TRUE	0.00231097
Cal_Batch5_8756	665	0.000180404	0.000000613	1.61E-06	TRUE	0.473065334	TRUE	0.520360371	TRUE	0.488113945	TRUE	0.124618751	TRUE	0.192814222	TRUE	21.4112478	TRUE	0.003048237
Cal_Batch14_5287	657	0.000180259	0.000000612	1.61E-06	TRUE	0.411133996	TRUE	0.565252189	TRUE	0.4205007	TRUE	0.15971256	TRUE	0.199371615	TRUE	15.39839767	TRUE	0.003033551
Cal_Batch18_5765	714	0.000176014	0.000000598	1.58E-06	TRUE	0.356288793	TRUE	0.438315106	TRUE	0.340173839	TRUE	0.12758598	TRUE	0.216193367	TRUE	15.79511097	TRUE	0.003268899
Cal_Batch4_9297	681	0.00017567	0.000000597	1.57E-06	TRUE	0.569638599	TRUE	0.478754341	TRUE	0.348506278	TRUE	0.039199992	TRUE	0.101855863	TRUE	37.66647727	TRUE	0.001570522
Cal_Batch6_398	720	0.000174661	0.000000593	1.56E-06	TRUE	0.489650538	TRUE	0.438104303	TRUE	0.342151669	TRUE	0.073398254	TRUE	0.133379745	TRUE	26.35849057	TRUE	0.002002514
Cal_Batch26_7714	714	0.000173597	0.00000059	1.55E-06	TRUE	0.498521954	TRUE	0.541891057	TRUE	0.364507634	TRUE	0.069623325	TRUE	0.086193866	TRUE	21.16026059	TRUE	0.001790733
Cal_Batch26_8170	703	0.000173667	0.00000059	1.55E-06	TRUE	0.501765906	TRUE	0.430578851	TRUE	0.517140346	TRUE	0.043486233	TRUE	0.161559288	TRUE	20.89035351	TRUE	0.001810492
Cal_Batch20_3087	702	0.000172396	0.000000586	1.54E-06	TRUE	0.493937827	TRUE	0.571809855	TRUE	0.342663158	TRUE	0.072523597	TRUE	0.13474169	TRUE	19.14097222	TRUE	0.00177116
Cal_Batch9_2114	640	0.000172524	0.000000586	1.54E-06	TRUE	0.525494999	TRUE	0.547074687	TRUE	0.400954134	TRUE	0.037832306	TRUE	0.077206664	TRUE	24.86298669	TRUE	0.001488327
Cal_Batch3_9793	649	0.000171218	0.000000582	1.53E-06	TRUE	0.611342847	TRUE	0.642701453	TRUE	0.486099273	TRUE	0.070820523	TRUE	0.103108819	TRUE	32.86056838	TRUE	0.00155599
Cal_Batch7_4147	635	0.000171236	0.000000582	1.53E-06	TRUE	0.642338443	TRUE	0.516371536	TRUE	0.441782035	TRUE	0.043208455	TRUE	0.064711641	TRUE	58.41186891	TRUE	0.001532504
Cal_Batch18_9121	634	0.000169062	0.000000574	1.51E-06	TRUE	0.594583597	TRUE	0.543989827	TRUE	0.5430228	TRUE	0.043021879	TRUE	0.140908221	TRUE	30.89956803	TRUE	0.002094109
Cal_Batch13_3090	750	0.000167056	0.000000568	1.50E-06	TRUE	0.494791883	TRUE	0.437178476	TRUE	0.433020129	TRUE	0.055427727	TRUE	0.143085423	TRUE	31.4145	TRUE	0.001771256
Cal_Batch21_4280	617	0.000161828	0.00000055	1.45E-06	TRUE	0.427110306	TRUE	0.575452182	TRUE	0.511704777	TRUE	0.114803484	TRUE	0.22975066	TRUE	16.34678045	TRUE	0.002680471
Cal_Batch7_4261	778	0.000161864	0.00000055	1.45E-06	TRUE	0.467859326	TRUE	0.480871752	TRUE	0.326176672	TRUE	0.084786724	TRUE	0.144336014	TRUE	19.32002661	TRUE	0.002073381
Cal_Batch6_3826	652	0.000161629	0.000000549	1.45E-06	TRUE	0.516639949	TRUE	0.596974961	TRUE	0.502633139	TRUE	0.070312286	TRUE	0.186653541	TRUE	20.4354215	TRUE	0.002537149
Cal_Batch6_5492	661	0.000161262	0.000000548	1.44E-06	TRUE	0.434159172	TRUE	0.452556804	TRUE	0.51202936	TRUE	0.180079281	TRUE	0.222552338	TRUE	18.3560529	TRUE	0.003428174
Cal_Batch18_7461	639	0.000159752	0.000000543	1.43E-06	TRUE	0.555072943	TRUE	0.593133021	TRUE	0.456635023	TRUE	0.110588212	TRUE	0.18802503	TRUE	31.52891156	TRUE	0.002678208
Cal_Batch24_6788	731	0.00015742	0.000000535	1.41E-06	TRUE	0.486799444	TRUE	0.4155358	TRUE	0.324165144	TRUE	0.051404372	TRUE	0.124366627	TRUE	26.96367024	TRUE	0.001814237
Cal_Batch18_2684	707	0.000156133	0.00000053	1.40E-06	TRUE	0.510091271	TRUE	0.376468162	TRUE	0.347314594	TRUE	0.091342882	TRUE	0.125904693	TRUE	35.26734217	TRUE	0.002119435
Cal_Batch20_5690	754	0.000155533	0.000000528	1.39E-06	TRUE	0.417690032	TRUE	0.528711939	TRUE	0.407175586	TRUE	0.063321642	TRUE	0.090406206	TRUE	15.25633423	TRUE	0.001685157
Cal_Batch19_427	714	0.0001548	0.000000526	1.39E-06	TRUE	0.497727686	TRUE	0.497318798	TRUE	0.44397225	TRUE	0.079140647	TRUE	0.169638209	TRUE	19.38741722	TRUE	0.001931728
Cal_Batch11_2574	665	0.000152637	0.000000519	1.37E-06	TRUE	0.484501698	TRUE	0.521700273	TRUE	0.377226918	TRUE	0.05631516	TRUE	0.10500802	TRUE	19.6883738	TRUE	0.001665109
Cal_Batch20_8401	711	0.000150504	0.000000511	1.35E-06	TRUE	0.509979633	TRUE	0.486396373	TRUE	0.493828402	TRUE	0.030786323	TRUE	0.071801956	TRUE	20.22303922	TRUE	0.001434532
Cal_Batch28_2819	666	0.00015054	0.000000511	1.35E-06	TRUE	0.552763043	TRUE	0.558194814	TRUE	0.514757225	TRUE	0.049120222	TRUE	0.107025119	TRUE	25.49536751	TRUE	0.001461747
Cal_Batch18_8379	621	0.000148065	0.000000503	1.33E-06	TRUE	0.572349393	TRUE	0.636427345	TRUE	0.433511724	TRUE	0.155460145	TRUE	0.221817934	TRUE	29.88522954	TRUE	0.002877517
Cal_Batch4_8511	714	0.000146227	0.000000497	1.31E-06	TRUE	0.520414588	TRUE	0.560281012	TRUE	0.368527004	TRUE	0.061380347	TRUE	0.123281936	TRUE	23.8796729	TRUE	0.001662562
Cal_Batch19_404	653	0.00014292	0.000000486	1.28E-06	TRUE	0.627585223	TRUE	0.543758063	TRUE	0.396769877	TRUE	0.071022576	TRUE	0.114968062	TRUE	41.21311475	TRUE	0.00168822
Cal_Batch18_9933	660	0.000142603	0.000000484	1.28E-06	TRUE	0.47901318	TRUE	0.451950873	TRUE	0.364922639	TRUE	0.082157182	TRUE	0.211057816	TRUE	30.33550224	TRUE	0.002979401
Cal_Batch7_4595	751	0.00013832	0.00000047	1.24E-06	TRUE	0.420474263	TRUE	0.536416765	TRUE	0.375171425	TRUE	0.149277519	TRUE	0.201285902	TRUE	16.21509296	TRUE	0.003165043
Cal_Batch10_8378	690	0.000137311	0.000000466	1.23E-06	TRUE	0.457405986	TRUE	0.454333577	TRUE	0.447869315	TRUE	0.069536079	TRUE	0.14821272	TRUE	19.36520666	TRUE	0.001788227
Cal_Batch12_3229	727	0.00013491	0.000000458	1.21E-06	TRUE	0.470430849	TRUE	0.458768951	TRUE	0.490888544	TRUE	0.069293102	TRUE	0.128898034	TRUE	17.15881963	TRUE	0.001734382
Cal_Batch20_1907	719	0.000134323	0.000000456	1.20E-06	TRUE	0.482064921	TRUE	0.465887866	TRUE	0.545008694	TRUE	0.052499576	TRUE	0.156334925	TRUE	18.00658979	TRUE	0.001673619
Cal_Batch15_858	741	0.000133695	0.000000454	1.20E-06	TRUE	0.452134105	TRUE	0.545444627	TRUE	0.310534039	TRUE	0.106742819	TRUE	0.130495897	TRUE	15.09927066	TRUE	0.002066957
Cal_Batch2_279	628	0.000130623	0.000000444	1.17E-06	TRUE	0.440861654	TRUE	0.481945081	TRUE	0.49723246	TRUE	0.077306712	TRUE	0.214591561	TRUE	16.43979058	TRUE	0.002666911
Cal_Batch16_6155	660	0.000129921	0.000000441	1.16E-06	TRUE	0.482269084	TRUE	0.572671287	TRUE	0.437709804	TRUE	0.129419802	TRUE	0.151982118	TRUE	24.80064194	TRUE	0.002899293
Cal_Batch5_3236	691	0.000129466	0.00000044	1.16E-06	TRUE	0.579357626	TRUE	0.482036051	TRUE	0.370948347	TRUE	0.097588712	TRUE	0.124610961	TRUE	40.46237172	TRUE	0.001934152
Cal_Batch4_6670	681	0.000128502	0.000000437	1.15E-06	TRUE	0.472425708	TRUE	0.577091761	TRUE	0.443440684	TRUE	0.073839279	TRUE	0.157819762	TRUE	17.47458333	TRUE	0.001687785
Cal_Batch24_6723	695	0.000126978	0.000000431	1.14E-06	TRUE	0.412036294	TRUE	0.471984418	TRUE	0.417289907	TRUE	0.122469817	TRUE	0.182897027	TRUE	19.98121387	TRUE	0.003076433
Cal_Batch25_3334	705	0.000126801	0.000000431	1.14E-06	TRUE	0.560495512	TRUE	0.393864979	TRUE	0.516713034	TRUE	0.057691473	TRUE	0.107445395	TRUE	33.86788875	TRUE	0.001661276
Cal_Batch24_4337	781	0.000125114	0.000000425	1.12E-06	TRUE	0.488331389	TRUE	0.341556183	TRUE	0.347626329	TRUE	0.067100853	TRUE	0.117057146	TRUE	30.25888833	TRUE	0.002122124
Cal_Batch13_8032	634	0.000123919	0.000000421	1.11E-06	TRUE	0.569993383	TRUE	0.614928617	TRUE	0.597624459	TRUE	0.074538798	TRUE	0.164112091	TRUE	21.51737871	TRUE	0.002054229
Cal_Batch21_7023	681	0.000122164	0.000000415	1.09E-06	TRUE	0.54678012	TRUE	0.533234452	TRUE	0.491988172	TRUE	0.091623817	TRUE	0.109211697	TRUE	26.67397388	TRUE	0.001918933
Cal_Batch15_4088	695	0.000121318	0.000000412	1.09E-06	TRUE	0.48265613	TRUE	0.354854274	TRUE	0.446026261	TRUE	0.032834946	TRUE	0.150909904	TRUE	34.74853311	TRUE	0.001856096
Cal_Batch9_3132	710	0.000121211	0.000000412	1.09E-06	TRUE	0.543634303	TRUE	0.478232524	TRUE	0.427886122	TRUE	0.091283348	TRUE	0.213035966	TRUE	34.77148438	TRUE	0.003039926
Cal_Batch28_1417	620	0.000120771	0.00000041	1.08E-06	TRUE	0.478484438	TRUE	0.62291433	TRUE	0.522071976	TRUE	0.094661078	TRUE	0.176538904	TRUE	15.15840517	TRUE	0.002330614
Cal_Batch26_1856	669	0.000120322	0.000000409	1.08E-06	TRUE	0.513893253	TRUE	0.377945174	TRUE	0.335687929	TRUE	0.03767514	TRUE	0.066172803	TRUE	39.01850844	TRUE	0.001741475
Cal_Batch4_1939	594	0.000119686	0.000000407	1.07E-06	TRUE	0.638045757	TRUE	0.646197599	TRUE	0.593320834	TRUE	0.066201603	TRUE	0.158699243	TRUE	40.77516411	TRUE	0.00200729
Cal_Batch24_8407	652	0.00011896	0.000000404	1.06E-06	TRUE	0.407085146	TRUE	0.542968063	TRUE	0.370789483	TRUE	0.120952408	TRUE	0.234365317	TRUE	17.28364632	TRUE	0.002937189
Cal_Batch28_158	606	0.000118583	0.000000403	1.06E-06	TRUE	0.469938263	TRUE	0.613925771	TRUE	0.504943895	TRUE	0.08419502	TRUE	0.150956977	TRUE	17.6965866	TRUE	0.002475333
Cal_Batch7_1565	630	0.000118687	0.000000403	1.06E-06	TRUE	0.480533541	TRUE	0.573965871	TRUE	0.524401086	TRUE	0.096669302	TRUE	0.203960425	TRUE	17.16149068	TRUE	0.002516336
Cal_Batch1_7082	623	0.000117689	0.0000004	1.05E-06	TRUE	0.58093582	TRUE	0.571232804	TRUE	0.576597329	TRUE	0.048218362	TRUE	0.092914582	TRUE	23.31758034	TRUE	0.001341292
Cal_Batch24_7585	611	0.000117037	0.000000398	1.05E-06	TRUE	0.543220643	TRUE	0.637467568	TRUE	0.544772375	TRUE	0.10424869	TRUE	0.156465256	TRUE	25.93218249	TRUE	0.002394738
Cal_Batch27_1200	669	0.000117238	0.000000398	1.05E-06	TRUE	0.636980108	TRUE	0.591605796	TRUE	0.375928976	TRUE	0.057306444	TRUE	0.103652534	TRUE	40.19609968	TRUE	0.001534904
Cal_Batch12_1857	635	0.00011638	0.000000395	1.04E-06	TRUE	0.487538731	TRUE	0.497708686	TRUE	0.398800812	TRUE	0.109909233	TRUE	0.21531704	TRUE	29.51621622	TRUE	0.002863676
Cal_Batch18_8941	758	0.000115516	0.000000392	1.03E-06	TRUE	0.503966139	TRUE	0.498164923	TRUE	0.457673992	TRUE	0.036725375	TRUE	0.095786438	TRUE	22.05239352	TRUE	0.001515343
Cal_Batch21_817	690	0.000113413	0.000000385	1.01E-06	TRUE	0.53245478	TRUE	0.506545699	TRUE	0.549219227	TRUE	0.03984129	TRUE	0.13917685	TRUE	19.00746269	TRUE	0.001473779
Cal_Batch25_2110	664	0.000112872	0.000000383	1.01E-06	TRUE	0.640395082	TRUE	0.559548151	TRUE	0.375235943	TRUE	0.06676082	TRUE	0.15034719	TRUE	48.82073171	TRUE	0.00160748
Cal_Batch16_6494	628	0.000112311	0.000000382	1.01E-06	TRUE	0.604144639	TRUE	0.617060689	TRUE	0.599445901	TRUE	0.042283114	TRUE	0.143684537	TRUE	23.70138383	TRUE	0.001924928
Cal_Batch18_143	668	0.000112527	0.000000382	1.01E-06	TRUE	0.61255103	TRUE	0.489333805	TRUE	0.356544649	TRUE	0.061002587	TRUE	0.102641588	TRUE	43.92147806	TRUE	0.001699391
Cal_Batch14_4454	679	0.000108935	0.00000037	9.75E-07	TRUE	0.527981958	TRUE	0.570781899	TRUE	0.496597251	TRUE	0.0602783	TRUE	0.088588832	TRUE	20.76706827	TRUE	0.001490204
Cal_Batch11_8367	700	0.000108411	0.000000368	9.69E-07	TRUE	0.426761248	TRUE	0.478396376	TRUE	0.392972833	TRUE	0.14834706	TRUE	0.20899624	TRUE	20.99453178	TRUE	0.003294212
Cal_Batch8_122	743	0.000105486	0.000000358	9.43E-07	TRUE	0.456336427	TRUE	0.483802711	TRUE	0.388629246	TRUE	0.089913202	TRUE	0.152947975	TRUE	20.63849229	TRUE	0.001926222
Cal_Batch4_3360	639	0.000103956	0.000000353	9.30E-07	TRUE	0.50333266	TRUE	0.571673084	TRUE	0.592952218	TRUE	0.065461942	TRUE	0.200948087	TRUE	15.73454545	TRUE	0.002173209
Cal_Batch8_9460	646	0.000100602	0.000000342	9.01E-07	TRUE	0.607066732	TRUE	0.460946634	TRUE	0.441888298	TRUE	0.015604028	TRUE	0.049628875	TRUE	47.441	TRUE	0.001342544
Cal_Batch16_404	649	0.00010048	0.000000341	8.98E-07	TRUE	0.645647542	TRUE	0.591428962	TRUE	0.481621983	TRUE	0.044730031	TRUE	0.09696431	TRUE	45.3942029	TRUE	0.001413832
Cal_Batch3_3897	623	0.0000998	0.000000339	8.93E-07	TRUE	0.495539568	TRUE	0.625725489	TRUE	0.510292276	TRUE	0.090885409	TRUE	0.152518149	TRUE	22.92939815	TRUE	0.002458061
Cal_Batch18_1552	617	0.0000996	0.000000338	8.90E-07	TRUE	0.549283344	TRUE	0.500186322	TRUE	0.35468937	TRUE	0.145245619	TRUE	0.181951887	TRUE	37.75138122	TRUE	0.003106785
Cal_Batch17_301	614	0.0000976	0.000000331	8.72E-07	TRUE	0.544299537	TRUE	0.5200419	TRUE	0.533302332	TRUE	0.078654594	TRUE	0.174260041	TRUE	32.24193548	TRUE	0.002392344
Cal_Batch8_130	723	0.0000969	0.000000329	8.67E-07	TRUE	0.615211884	TRUE	0.430846107	TRUE	0.474370578	TRUE	0.016992324	TRUE	0.117764637	TRUE	38.44305556	TRUE	0.001532706
Cal_Batch11_9409	678	0.0000962	0.000000327	8.61E-07	TRUE	0.487839711	TRUE	0.6364111	TRUE	0.507862687	TRUE	0.093031984	TRUE	0.15007291	TRUE	17.16843167	TRUE	0.0025093
Cal_Batch3_3324	701	0.0000961	0.000000326	8.59E-07	TRUE	0.504952582	TRUE	0.49817054	TRUE	0.551374569	TRUE	0.033777294	TRUE	0.09715217	TRUE	17.86576041	TRUE	0.001374973
Cal_Batch2_9206	642	0.0000939	0.000000319	8.40E-07	TRUE	0.487041081	TRUE	0.627225251	TRUE	0.562175905	TRUE	0.086978145	TRUE	0.142872041	TRUE	16.30143069	TRUE	0.002264219
Cal_Batch2_9391	691	0.0000939	0.000000319	8.40E-07	TRUE	0.646811585	TRUE	0.483927094	TRUE	0.312499402	TRUE	0.082248247	TRUE	0.116481778	TRUE	62.30831316	TRUE	0.001719376
Cal_Batch16_500	669	0.0000914	0.000000311	8.19E-07	TRUE	0.529604581	TRUE	0.439639784	TRUE	0.519640539	TRUE	0.058025304	TRUE	0.149502546	TRUE	26.3114343	TRUE	0.001754673
Cal_Batch12_200	688	0.0000912	0.00000031	8.17E-07	TRUE	0.574886646	TRUE	0.480718732	TRUE	0.516787738	TRUE	0.050334698	TRUE	0.098614762	TRUE	26.49136021	TRUE	0.001490344
Cal_Batch19_289	723	0.0000886	0.000000301	7.93E-07	TRUE	0.510977468	TRUE	0.41106504	TRUE	0.437591777	TRUE	0.026969834	TRUE	0.083390087	TRUE	27.69108122	TRUE	0.001537117
Cal_Batch15_6432	688	0.0000884	0.0000003	7.90E-07	TRUE	0.600706141	TRUE	0.537201776	TRUE	0.548192603	TRUE	0.029108692	TRUE	0.128201962	TRUE	33.20794025	TRUE	0.001383628
Cal_Batch4_9338	706	0.0000877	0.000000298	7.85E-07	TRUE	0.405329794	TRUE	0.469216169	TRUE	0.427723761	TRUE	0.100048407	TRUE	0.145834406	TRUE	16.0875	TRUE	0.001985882
Cal_Batch19_7236	696	0.0000856	0.000000291	7.67E-07	TRUE	0.518903639	TRUE	0.375626258	TRUE	0.303546373	TRUE	0.070585054	TRUE	0.126145561	TRUE	46.6546894	TRUE	0.001857341
Cal_Batch10_4227	661	0.0000851	0.000000289	7.61E-07	TRUE	0.571304635	TRUE	0.635912053	TRUE	0.605814829	TRUE	0.087753965	TRUE	0.197185614	TRUE	18.88888889	TRUE	0.00212277
Cal_Batch19_7451	699	0.0000847	0.000000288	7.59E-07	TRUE	0.47250284	TRUE	0.513434201	TRUE	0.457808244	TRUE	0.067726137	TRUE	0.09848364	TRUE	18.00516987	TRUE	0.001716374
Cal_Batch13_9790	662	0.0000842	0.000000286	7.53E-07	TRUE	0.454188579	TRUE	0.462943969	TRUE	0.499223582	TRUE	0.040769427	TRUE	0.081294089	TRUE	16.65509568	TRUE	0.001432487
Cal_Batch11_5660	664	0.0000831	0.000000282	7.43E-07	TRUE	0.463799582	TRUE	0.453495447	TRUE	0.469990359	TRUE	0.149861622	TRUE	0.20958122	TRUE	24.35519677	TRUE	0.003293992
Cal_Batch9_644	705	0.0000824	0.00000028	7.38E-07	TRUE	0.463358212	TRUE	0.388032987	TRUE	0.477880423	TRUE	0.066664653	TRUE	0.135396309	TRUE	19.17377567	TRUE	0.001803835
Cal_Batch2_3135	662	0.0000812	0.000000276	7.27E-07	TRUE	0.526279312	TRUE	0.482811805	TRUE	0.513843903	TRUE	0.125117466	TRUE	0.218562877	TRUE	31.54133949	TRUE	0.00290433
Cal_Batch25_9375	718	0.000081	0.000000275	7.24E-07	TRUE	0.570524412	TRUE	0.482221563	TRUE	0.351536775	TRUE	0.107531155	TRUE	0.123248146	TRUE	32.98165761	TRUE	0.002072999
Cal_Batch16_2848	618	0.0000797	0.000000271	7.14E-07	TRUE	0.547429597	TRUE	0.6186876	TRUE	0.501370112	TRUE	0.13345134	TRUE	0.181741938	TRUE	26.95100327	TRUE	0.002654962
Cal_Batch24_1050	754	0.0000792	0.000000269	7.09E-07	TRUE	0.368389035	TRUE	0.467665245	TRUE	0.342098801	TRUE	0.156671309	TRUE	0.221399404	TRUE	15.77067154	TRUE	0.003460482
Cal_Batch9_4731	733	0.0000786	0.000000267	7.03E-07	TRUE	0.537221472	TRUE	0.435938925	TRUE	0.496609914	TRUE	0.037616435	TRUE	0.1521335	TRUE	34.33772819	TRUE	0.001629501
Cal_Batch15_3319	671	0.0000782	0.000000266	7.01E-07	TRUE	0.45726066	TRUE	0.488434358	TRUE	0.502830322	TRUE	0.090563423	TRUE	0.216830895	TRUE	19.06319591	TRUE	0.002827067
Cal_Batch13_8666	625	0.0000777	0.000000264	6.95E-07	TRUE	0.639979069	TRUE	0.518078675	TRUE	0.356053271	TRUE	0.137964416	TRUE	0.194770147	TRUE	59.16681614	TRUE	0.003018948
Cal_Batch24_7319	732	0.0000769	0.000000261	6.88E-07	TRUE	0.412512761	TRUE	0.39497392	TRUE	0.32940998	TRUE	0.040159766	TRUE	0.145669746	TRUE	20.70886752	TRUE	0.00186427
Cal_Batch17_748	650	0.0000749	0.000000254	6.69E-07	TRUE	0.557985758	TRUE	0.453764599	TRUE	0.305455361	TRUE	0.074774892	TRUE	0.126868289	TRUE	47.10569948	TRUE	0.001877495
Cal_Batch11_8976	670	0.0000742	0.000000252	6.64E-07	TRUE	0.429380012	TRUE	0.515934256	TRUE	0.355219411	TRUE	0.183436603	TRUE	0.22384634	TRUE	18.28025078	TRUE	0.00338879
Cal_Batch22_4521	653	0.0000722	0.000000245	6.45E-07	TRUE	0.458414923	TRUE	0.595126063	TRUE	0.425015202	TRUE	0.123831487	TRUE	0.199836165	TRUE	17.77729529	TRUE	0.002813769
Cal_Batch8_8755	601	0.0000718	0.000000244	6.43E-07	TRUE	0.611120877	TRUE	0.623563057	TRUE	0.594050392	TRUE	0.048224816	TRUE	0.129168271	TRUE	27.6209564	TRUE	0.00181934
Cal_Batch23_8235	722	0.0000715	0.000000243	6.40E-07	TRUE	0.478037577	TRUE	0.479747476	TRUE	0.41503338	TRUE	0.037366832	TRUE	0.063018586	TRUE	22.87088123	TRUE	0.001507354
Cal_Batch16_9445	705	0.0000679	0.000000231	6.09E-07	TRUE	0.469742402	TRUE	0.541860662	TRUE	0.448897152	TRUE	0.052904054	TRUE	0.146246476	TRUE	17.10450205	TRUE	0.001555679
Cal_Batch20_6850	616	0.0000667	0.000000227	5.98E-07	TRUE	0.494293287	TRUE	0.480820604	TRUE	0.424257719	TRUE	0.057083362	TRUE	0.197640024	TRUE	35.63512638	TRUE	0.002597326
Cal_Batch6_546	736	0.0000662	0.000000225	5.93E-07	TRUE	0.481452382	TRUE	0.461919857	TRUE	0.374299192	TRUE	0.058331186	TRUE	0.148978793	TRUE	27.60714286	TRUE	0.001741333
Cal_Batch10_151	693	0.0000658	0.000000224	5.90E-07	TRUE	0.526353333	TRUE	0.567703788	TRUE	0.450022627	TRUE	0.082019807	TRUE	0.10028334	TRUE	22.30776606	TRUE	0.001801616
Cal_Batch25_9764	667	0.000066	0.000000224	5.90E-07	TRUE	0.592400483	TRUE	0.561047962	TRUE	0.597813659	TRUE	0.065947784	TRUE	0.22762243	TRUE	30.90690909	TRUE	0.002321175
Cal_Batch4_3050	695	0.0000657	0.000000223	5.87E-07	TRUE	0.510698701	TRUE	0.611491583	TRUE	0.480687792	TRUE	0.046697502	TRUE	0.081874344	TRUE	17.47594937	TRUE	0.001348772
Cal_Batch16_2019	683	0.000065	0.000000221	5.82E-07	TRUE	0.46949469	TRUE	0.533870524	TRUE	0.428137636	TRUE	0.039621425	TRUE	0.063534399	TRUE	20.24061662	TRUE	0.001449207
Cal_Batch16_8072	683	0.0000651	0.000000221	5.82E-07	TRUE	0.613418316	TRUE	0.600637568	TRUE	0.605182009	TRUE	0.064066891	TRUE	0.12876285	TRUE	28.53889789	TRUE	0.00136079
Cal_Batch7_7299	727	0.0000647	0.00000022	5.80E-07	TRUE	0.588835101	TRUE	0.470384016	TRUE	0.567091562	TRUE	0.061448171	TRUE	0.122433238	TRUE	26.73266916	TRUE	0.001645609
Cal_Batch26_936	642	0.0000642	0.000000218	5.74E-07	TRUE	0.474211233	TRUE	0.417765727	TRUE	0.336811315	TRUE	0.179885711	TRUE	0.193536282	TRUE	36.36069987	TRUE	0.003424644
Cal_Batch27_1902	732	0.0000635	0.000000216	5.69E-07	TRUE	0.437477019	TRUE	0.413022911	TRUE	0.406039032	TRUE	0.032293508	TRUE	0.100229907	TRUE	20.08293839	TRUE	0.001689281
Cal_Batch4_7578	778	0.000063	0.000000214	5.64E-07	TRUE	0.403861185	TRUE	0.375434342	TRUE	0.429652313	TRUE	0.101599995	TRUE	0.127964711	TRUE	16.14828719	TRUE	0.00213486
Cal_Batch6_8390	650	0.0000616	0.000000209	5.51E-07	TRUE	0.540766236	TRUE	0.592142388	TRUE	0.402464634	TRUE	0.056034155	TRUE	0.071009055	TRUE	20.12776079	TRUE	0.001519069
Cal_Batch17_9243	628	0.0000611	0.000000208	5.48E-07	TRUE	0.486672636	TRUE	0.629860876	TRUE	0.550687985	TRUE	0.104228726	TRUE	0.134237258	TRUE	18.09563067	TRUE	0.00234657
Cal_Batch2_4229	647	0.0000599	0.000000204	5.37E-07	TRUE	0.591496394	TRUE	0.573398893	TRUE	0.586878374	TRUE	0.044475833	TRUE	0.108944921	TRUE	20.78088368	TRUE	0.001331989
Cal_Batch14_8586	669	0.0000601	0.000000204	5.37E-07	TRUE	0.451002406	TRUE	0.597863922	TRUE	0.423952501	TRUE	0.066908606	TRUE	0.093449058	TRUE	15.31521036	TRUE	0.001547889
Cal_Batch10_3362	621	0.0000598	0.000000203	5.35E-07	TRUE	0.641517454	TRUE	0.593019566	TRUE	0.613016711	TRUE	0.120005101	TRUE	0.214476046	TRUE	34.72884615	TRUE	0.002589775
Cal_Batch15_2076	613	0.0000594	0.000000202	5.32E-07	TRUE	0.535241193	TRUE	0.633808204	TRUE	0.572348872	TRUE	0.076210519	TRUE	0.199564724	TRUE	17.8230818	TRUE	0.002140721
Cal_Batch9_8660	799	0.0000583	0.000000198	5.22E-07	TRUE	0.39901337	TRUE	0.36994367	TRUE	0.344213497	TRUE	0.08857723	TRUE	0.138802589	TRUE	20.07933105	TRUE	0.002150519
Cal_Batch13_5058	646	0.0000577	0.000000196	5.16E-07	TRUE	0.569741326	TRUE	0.635919415	TRUE	0.540126413	TRUE	0.06595158	TRUE	0.109069969	TRUE	21.28851541	TRUE	0.00148099
Cal_Batch6_8022	773	0.0000576	0.000000196	5.16E-07	TRUE	0.5135589	TRUE	0.448602209	TRUE	0.399283319	TRUE	0.051895636	TRUE	0.093757948	TRUE	26.7054437	TRUE	0.001803014
Cal_Batch15_7012	646	0.0000578	0.000000196	5.16E-07	TRUE	0.460702421	TRUE	0.60575559	TRUE	0.424001622	TRUE	0.137710267	TRUE	0.199944759	TRUE	17.13813728	TRUE	0.002762426
Cal_Batch22_7595	682	0.0000567	0.000000192	5.06E-07	TRUE	0.459339801	TRUE	0.481834246	TRUE	0.519120963	TRUE	0.051290617	TRUE	0.141740043	TRUE	15.61425252	TRUE	0.001545246
Cal_Batch26_2482	664	0.0000558	0.00000019	5.01E-07	TRUE	0.463219616	TRUE	0.493682091	TRUE	0.459062554	TRUE	0.053567988	TRUE	0.107764236	TRUE	20.75442834	TRUE	0.001562877
Cal_Batch25_8461	895	0.0000555	0.000000188	4.95E-07	TRUE	0.423399269	TRUE	0.443461903	TRUE	0.381978026	TRUE	0.035486994	TRUE	0.119768876	TRUE	17.91758505	TRUE	0.001777744
Cal_Batch7_7321	656	0.0000541	0.000000184	4.85E-07	TRUE	0.625831984	TRUE	0.562597594	TRUE	0.528450481	TRUE	0.038682081	TRUE	0.091130211	TRUE	34.10137581	TRUE	0.001346499
Cal_Batch11_9736	631	0.0000535	0.000000182	4.79E-07	TRUE	0.39387931	TRUE	0.527983163	TRUE	0.445856019	TRUE	0.101956465	TRUE	0.24371002	TRUE	16.27277433	TRUE	0.002860442
Cal_Batch24_6349	639	0.0000524	0.000000178	4.69E-07	TRUE	0.612874499	TRUE	0.625691457	TRUE	0.588170683	TRUE	0.080828099	TRUE	0.130883806	TRUE	27.08397535	TRUE	0.001553911
Cal_Batch23_9496	688	0.0000512	0.000000174	4.58E-07	TRUE	0.430504959	TRUE	0.474265504	TRUE	0.442957177	TRUE	0.025136282	TRUE	0.056046162	TRUE	15.57665558	TRUE	0.001341144
Cal_Batch26_4332	739	0.0000508	0.000000173	4.56E-07	TRUE	0.461721016	TRUE	0.388631646	TRUE	0.442371637	TRUE	0.063629487	TRUE	0.166944714	TRUE	23.35978836	TRUE	0.002054169
Cal_Batch15_5189	640	0.0000509	0.000000173	4.56E-07	TRUE	0.586601673	TRUE	0.582923084	TRUE	0.499745945	TRUE	0.089569237	TRUE	0.186184799	TRUE	36.5272531	TRUE	0.002607483
Cal_Batch14_9499	654	0.0000508	0.000000172	4.53E-07	TRUE	0.535474391	TRUE	0.534954253	TRUE	0.437536098	TRUE	0.024621347	TRUE	0.055197213	TRUE	28.3902027	TRUE	0.001385044
Cal_Batch8_7774	619	0.0000499	0.00000017	4.48E-07	TRUE	0.509955964	TRUE	0.601578739	TRUE	0.378793453	TRUE	0.161845267	TRUE	0.229224621	TRUE	22.232358	TRUE	0.003109069
Cal_Batch28_1145	603	0.0000501	0.00000017	4.48E-07	TRUE	0.643529582	TRUE	0.648370045	TRUE	0.602216943	TRUE	0.058164256	TRUE	0.153063794	TRUE	27.56625981	TRUE	0.001863602
Cal_Batch26_295	604	0.0000495	0.000000168	4.43E-07	TRUE	0.47033386	TRUE	0.527382544	TRUE	0.549681794	TRUE	0.063679329	TRUE	0.193253109	TRUE	16.60964666	TRUE	0.002235945
Cal_Batch9_9500	686	0.0000495	0.000000168	4.43E-07	TRUE	0.568404957	TRUE	0.458837416	TRUE	0.431167764	TRUE	0.041633875	TRUE	0.097760068	TRUE	38.18457031	TRUE	0.001588034
Cal_Batch23_7898	728	0.0000489	0.000000166	4.37E-07	TRUE	0.484974786	TRUE	0.55144318	TRUE	0.421299958	TRUE	0.087082256	TRUE	0.209008459	TRUE	21.42317224	TRUE	0.002912106
Cal_Batch8_9330	739	0.0000489	0.000000166	4.37E-07	TRUE	0.419618318	TRUE	0.372704028	TRUE	0.399719383	TRUE	0.0603561	TRUE	0.134126061	TRUE	19.96896711	TRUE	0.001956893
Cal_Batch4_655	712	0.000048	0.000000163	4.29E-07	TRUE	0.481276467	TRUE	0.520612181	TRUE	0.340594287	TRUE	0.058852372	TRUE	0.146576144	TRUE	20.58360776	TRUE	0.001721633
Cal_Batch22_4147	767	0.0000473	0.000000161	4.24E-07	TRUE	0.577845769	TRUE	0.435292664	TRUE	0.425049287	TRUE	0.039423603	TRUE	0.059083332	TRUE	40.3394958	TRUE	0.001555876
Cal_Batch13_7361	689	0.0000467	0.000000159	4.19E-07	TRUE	0.484779259	TRUE	0.424584503	TRUE	0.34007627	TRUE	0.080016189	TRUE	0.133029543	TRUE	30.17827476	TRUE	0.001927951
Cal_Batch18_9570	672	0.0000463	0.000000157	4.14E-07	TRUE	0.620039539	TRUE	0.538906301	TRUE	0.552101954	TRUE	0.036786055	TRUE	0.116068833	TRUE	33.40537383	TRUE	0.001306977
Cal_Batch8_4035	791	0.000046	0.000000156	4.11E-07	TRUE	0.480588705	TRUE	0.541588942	TRUE	0.467345549	TRUE	0.038463374	TRUE	0.121490378	TRUE	16.5574623	TRUE	0.001503649
Cal_Batch15_4469	758	0.0000452	0.000000154	4.06E-07	TRUE	0.515683188	TRUE	0.612383565	TRUE	0.426665338	TRUE	0.069255412	TRUE	0.08526971	TRUE	18.09796673	TRUE	0.001598968
Cal_Batch12_4712	629	0.000045	0.000000153	4.03E-07	TRUE	0.459799899	TRUE	0.493514159	TRUE	0.466242325	TRUE	0.122526218	TRUE	0.190527777	TRUE	23.15125324	TRUE	0.002954626
Cal_Batch24_752	616	0.0000449	0.000000153	4.03E-07	TRUE	0.475397193	TRUE	0.634541357	TRUE	0.550307247	TRUE	0.081563248	TRUE	0.130203672	TRUE	15.40578818	TRUE	0.002295866
Cal_Batch25_6371	707	0.0000446	0.000000152	4.00E-07	TRUE	0.429648938	TRUE	0.3450262	TRUE	0.311219849	TRUE	0.120240211	TRUE	0.12449985	TRUE	24.51535381	TRUE	0.002498421
Cal_Batch11_822	645	0.0000435	0.000000148	3.90E-07	TRUE	0.628877609	TRUE	0.610610762	TRUE	0.598665862	TRUE	0.053298258	TRUE	0.152576808	TRUE	30.66857143	TRUE	0.001358191
Cal_Batch21_6534	648	0.0000435	0.000000148	3.90E-07	TRUE	0.570684651	TRUE	0.624595406	TRUE	0.466450541	TRUE	0.16495402	TRUE	0.20803506	TRUE	31.51946721	TRUE	0.002996848
Cal_Batch26_6153	624	0.0000429	0.000000146	3.85E-07	TRUE	0.472401396	TRUE	0.580900311	TRUE	0.527424196	TRUE	0.084989875	TRUE	0.165978472	TRUE	16.99650572	TRUE	0.002335425
Cal_Batch12_8665	710	0.0000431	0.000000146	3.85E-07	TRUE	0.518342672	TRUE	0.484224269	TRUE	0.338559408	TRUE	0.068301995	TRUE	0.105996999	TRUE	28.43050606	TRUE	0.001686495
Cal_Batch13_3237	645	0.0000423	0.000000144	3.79E-07	TRUE	0.475360609	TRUE	0.528421278	TRUE	0.472400082	TRUE	0.076464589	TRUE	0.160165091	TRUE	23.98972383	TRUE	0.002703888
Cal_Batch26_6577	700	0.0000418	0.000000142	3.74E-07	TRUE	0.458900553	TRUE	0.476458058	TRUE	0.446581753	TRUE	0.021094173	TRUE	0.0677147	TRUE	20.54187058	TRUE	0.001373368
Cal_Batch9_8474	665	0.0000415	0.000000141	3.71E-07	TRUE	0.544787287	TRUE	0.403626993	TRUE	0.38971349	TRUE	0.041186432	TRUE	0.138672481	TRUE	52.88138528	TRUE	0.001728756
Cal_Batch16_3147	758	0.000041	0.000000139	3.66E-07	TRUE	0.476669112	TRUE	0.500860094	TRUE	0.30485285	TRUE	0.101362257	TRUE	0.126010977	TRUE	21.72819832	TRUE	0.00206544
Cal_Batch5_3735	714	0.0000406	0.000000138	3.64E-07	TRUE	0.558567604	TRUE	0.463239698	TRUE	0.383888767	TRUE	0.0333919	TRUE	0.092121536	TRUE	39.3714479	TRUE	0.001574264
Cal_Batch16_4617	754	0.0000393	0.000000134	3.53E-07	TRUE	0.468401165	TRUE	0.448229925	TRUE	0.423710933	TRUE	0.035833864	TRUE	0.062930079	TRUE	21.38378189	TRUE	0.001603475
Cal_Batch21_1273	838	0.0000391	0.000000133	3.50E-07	TRUE	0.341907189	TRUE	0.381038455	TRUE	0.386720141	TRUE	0.100330826	TRUE	0.187871602	TRUE	15.51184273	TRUE	0.003371809
Cal_Batch19_4582	683	0.0000389	0.000000132	3.48E-07	TRUE	0.563124599	TRUE	0.548098722	TRUE	0.467019427	TRUE	0.041429646	TRUE	0.092106989	TRUE	34.84645233	TRUE	0.001404872
Cal_Batch15_8871	656	0.0000385	0.000000131	3.45E-07	TRUE	0.612328405	TRUE	0.572484833	TRUE	0.390914254	TRUE	0.048487665	TRUE	0.099781003	TRUE	34.55862345	TRUE	0.001445818
Cal_Batch23_5804	658	0.0000384	0.00000013	3.42E-07	TRUE	0.599872854	TRUE	0.49988595	TRUE	0.343655234	TRUE	0.070867186	TRUE	0.106029979	TRUE	43.72243639	TRUE	0.001649957
Cal_Batch23_9481	695	0.0000376	0.000000128	3.37E-07	TRUE	0.542317557	TRUE	0.486437749	TRUE	0.392584817	TRUE	0.039134718	TRUE	0.090974973	TRUE	37.9729225	TRUE	0.001535323
Cal_Batch25_2791	674	0.0000374	0.000000127	3.35E-07	TRUE	0.554849226	TRUE	0.471371568	TRUE	0.52276753	TRUE	0.064541196	TRUE	0.142809184	TRUE	31.5738189	TRUE	0.001692623
Cal_Batch7_2572	659	0.0000368	0.000000125	3.29E-07	TRUE	0.630099282	TRUE	0.620419545	TRUE	0.492275868	TRUE	0.063736465	TRUE	0.101602093	TRUE	32.33930705	TRUE	0.001435353
Cal_Batch15_279	633	0.0000365	0.000000124	3.27E-07	TRUE	0.448864356	TRUE	0.649191492	TRUE	0.500932397	TRUE	0.102317836	TRUE	0.174749765	TRUE	16.15814938	TRUE	0.002501535
Cal_Batch22_7570	642	0.0000364	0.000000124	3.27E-07	TRUE	0.48992346	TRUE	0.497167964	TRUE	0.448725064	TRUE	0.122265357	TRUE	0.204479073	TRUE	32.36846543	TRUE	0.002927887
Cal_Batch25_2500	711	0.0000355	0.000000121	3.19E-07	TRUE	0.50398339	TRUE	0.603503919	TRUE	0.46377241	TRUE	0.097680011	TRUE	0.106295316	TRUE	16.4124424	TRUE	0.001817276
Cal_Batch16_1412	629	0.0000357	0.000000121	3.19E-07	TRUE	0.554980216	TRUE	0.620417662	TRUE	0.400174584	TRUE	0.138268907	TRUE	0.197998769	TRUE	28.92032806	TRUE	0.002979397
Cal_Batch1_3685	739	0.0000354	0.00000012	3.16E-07	TRUE	0.512409872	TRUE	0.579505196	TRUE	0.512988027	TRUE	0.040685776	TRUE	0.106300878	TRUE	17.84918308	TRUE	0.001402382
Cal_Batch8_3920	617	0.0000348	0.000000118	3.11E-07	TRUE	0.459003831	TRUE	0.628413627	TRUE	0.519859621	TRUE	0.070167628	TRUE	0.16006385	TRUE	16.17048579	TRUE	0.002178129
Cal_Batch20_9172	697	0.0000343	0.000000117	3.08E-07	TRUE	0.499457943	TRUE	0.542387471	TRUE	0.456916653	TRUE	0.101798457	TRUE	0.229260125	TRUE	25.38393543	TRUE	0.002990869
Cal_Batch26_9963	665	0.0000343	0.000000117	3.08E-07	TRUE	0.549894656	TRUE	0.612754576	TRUE	0.535304408	TRUE	0.085583482	TRUE	0.15764169	TRUE	27.25614637	TRUE	0.0024268
Cal_Batch25_9599	729	0.0000342	0.000000116	3.06E-07	TRUE	0.409090909	TRUE	0.364934441	TRUE	0.446817362	TRUE	0.034745388	TRUE	0.136600297	TRUE	17.67419444	TRUE	0.001821803
Cal_Batch16_7948	640	0.000034	0.000000115	3.03E-07	TRUE	0.585060521	TRUE	0.480558008	TRUE	0.331209335	TRUE	0.094967797	TRUE	0.133445186	TRUE	45.06854839	TRUE	0.001903857
Cal_Batch10_6056	727	0.0000332	0.000000113	2.98E-07	TRUE	0.491994016	TRUE	0.526592435	TRUE	0.468934267	TRUE	0.085769476	TRUE	0.098725667	TRUE	18.37791085	TRUE	0.001868583
Cal_Batch6_5271	657	0.0000333	0.000000113	2.98E-07	TRUE	0.503512461	TRUE	0.524260875	TRUE	0.462238468	TRUE	0.072148681	TRUE	0.126577759	TRUE	22.07978437	TRUE	0.001632272
Cal_Batch5_7137	691	0.0000329	0.000000112	2.95E-07	TRUE	0.527244071	TRUE	0.456828846	TRUE	0.417919338	TRUE	0.055531417	TRUE	0.097878803	TRUE	31.80036298	TRUE	0.001716923
Cal_Batch8_7196	706	0.0000327	0.000000111	2.92E-07	TRUE	0.555967327	TRUE	0.538555109	TRUE	0.365513768	TRUE	0.069778662	TRUE	0.095022771	TRUE	30.44331797	TRUE	0.001657691
Cal_Batch8_5514	742	0.0000318	0.000000108	2.85E-07	TRUE	0.513677082	TRUE	0.426433077	TRUE	0.455222601	TRUE	0.030351473	TRUE	0.080228864	TRUE	24.80167921	TRUE	0.001483663
Cal_Batch13_2029	695	0.0000313	0.000000106	2.79E-07	TRUE	0.519726248	TRUE	0.598659707	TRUE	0.461199792	TRUE	0.029895764	TRUE	0.06085595	TRUE	19.90917147	TRUE	0.001274494
Cal_Batch23_199	718	0.0000295	0.0000001	2.63E-07	TRUE	0.577161475	TRUE	0.560907225	TRUE	0.387182926	TRUE	0.068625872	TRUE	0.094129615	TRUE	32.36302033	TRUE	0.0016529
Cal_Batch25_2503	630	0.0000295	0.0000001	2.63E-07	TRUE	0.409202669	TRUE	0.533012986	TRUE	0.435216639	TRUE	0.124818305	TRUE	0.237904339	TRUE	18.70394737	TRUE	0.002951511
Cal_Batch5_4873	702	0.0000292	9.93E-08	2.62E-07	TRUE	0.497706667	TRUE	0.45986012	TRUE	0.475621904	TRUE	0.031473408	TRUE	0.0824672	TRUE	20.59931799	TRUE	0.001429954
Cal_Batch25_6385	669	0.0000288	9.79E-08	2.58E-07	TRUE	0.451643363	TRUE	0.462347876	TRUE	0.432729772	TRUE	0.052275863	TRUE	0.189582289	TRUE	24.23207301	TRUE	0.002774575
Cal_Batch25_6034	677	0.0000286	9.71E-08	2.56E-07	TRUE	0.477746212	TRUE	0.416130219	TRUE	0.322598108	TRUE	0.066971768	TRUE	0.085850837	TRUE	26.59702797	TRUE	0.001841108
Cal_Batch9_8788	693	0.0000283	0.000000096	2.53E-07	TRUE	0.474466728	TRUE	0.452283046	TRUE	0.321781068	TRUE	0.0539968	TRUE	0.139977057	TRUE	24.89644772	TRUE	0.00174564
Cal_Batch16_6742	715	0.0000277	0.000000094	2.48E-07	TRUE	0.563105319	TRUE	0.475726504	TRUE	0.40573306	TRUE	0.094307226	TRUE	0.135435241	TRUE	37.11488573	TRUE	0.001898791
Cal_Batch14_5257	718	0.0000274	9.29E-08	2.45E-07	TRUE	0.464069868	TRUE	0.538117493	TRUE	0.504303275	TRUE	0.027001559	TRUE	0.092636537	TRUE	16.29357798	TRUE	0.001256626
Cal_Batch9_8193	615	0.0000264	8.98E-08	2.37E-07	TRUE	0.484475282	TRUE	0.607116777	TRUE	0.53032393	TRUE	0.084562159	TRUE	0.126420583	TRUE	23.82481752	TRUE	0.002348741
Cal_Batch2_5525	727	0.0000259	8.82E-08	2.32E-07	TRUE	0.437391417	TRUE	0.389603394	TRUE	0.377140601	TRUE	0.035851792	TRUE	0.083230376	TRUE	22.73464297	TRUE	0.001717419
Cal_Batch26_8212	711	0.0000256	8.71E-08	2.29E-07	TRUE	0.486512049	TRUE	0.602705479	TRUE	0.397156349	TRUE	0.07707721	TRUE	0.129799568	TRUE	16.27191679	TRUE	0.001603586
Cal_Batch7_6153	695	0.0000255	8.66E-08	2.28E-07	TRUE	0.43846129	TRUE	0.561767792	TRUE	0.434360218	TRUE	0.100226018	TRUE	0.226778508	TRUE	16.68433269	TRUE	0.002901762
Cal_Batch27_002	670	0.0000253	0.000000086	2.27E-07	TRUE	0.542990497	TRUE	0.505790288	TRUE	0.38033367	TRUE	0.113119072	TRUE	0.204480891	TRUE	36.75557056	TRUE	0.002977801
Cal_Batch17_1890	621	0.000025	0.000000085	2.24E-07	TRUE	0.532123538	TRUE	0.597964133	TRUE	0.534316569	TRUE	0.098665224	TRUE	0.219704322	TRUE	19.9645933	TRUE	0.002489619
Cal_Batch9_4909	667	0.0000247	8.41E-08	2.22E-07	TRUE	0.45877442	TRUE	0.571323886	TRUE	0.492682302	TRUE	0.134191294	TRUE	0.176932007	TRUE	17.18411552	TRUE	0.002907682
Cal_Batch18_615	664	0.0000247	0.000000084	2.21E-07	TRUE	0.433221556	TRUE	0.528688525	TRUE	0.395470651	TRUE	0.097717435	TRUE	0.234297443	TRUE	21.86184478	TRUE	0.00295124
Cal_Batch10_7537	679	0.0000242	8.22E-08	2.17E-07	TRUE	0.491017964	TRUE	0.533051381	TRUE	0.469319997	TRUE	0.078093577	TRUE	0.147785335	TRUE	20.64377407	TRUE	0.00177099
Cal_Batch21_6232	635	0.0000238	8.09E-08	2.13E-07	TRUE	0.617479847	TRUE	0.62445249	TRUE	0.431205363	TRUE	0.051411391	TRUE	0.087439909	TRUE	35.32579651	TRUE	0.00136354
Cal_Batch4_5839	637	0.0000232	7.89E-08	2.08E-07	TRUE	0.552523675	TRUE	0.642081799	TRUE	0.530715238	TRUE	0.092583414	TRUE	0.122760001	TRUE	24.36674459	TRUE	0.002452949
Cal_Batch18_6199	677	0.0000231	7.86E-08	2.07E-07	TRUE	0.549860706	TRUE	0.474155664	TRUE	0.506435734	TRUE	0.043985546	TRUE	0.128363181	TRUE	29.6967847	TRUE	0.001527389
Cal_Batch25_7520	596	0.0000229	0.000000078	2.05E-07	TRUE	0.601591821	TRUE	0.599908044	TRUE	0.550994739	TRUE	0.062463353	TRUE	0.174364984	TRUE	35.01805338	TRUE	0.002244118
Cal_Batch16_426	605	0.0000229	7.77E-08	2.05E-07	TRUE	0.489935199	TRUE	0.625193665	TRUE	0.522333458	TRUE	0.126671928	TRUE	0.233193673	TRUE	17.42037422	TRUE	0.002659162
Cal_Batch3_4628	743	0.0000229	7.77E-08	2.05E-07	TRUE	0.478638114	TRUE	0.435917794	TRUE	0.31469966	TRUE	0.082929102	TRUE	0.135678954	TRUE	24.82069184	TRUE	0.001876996
Cal_Batch5_5448	758	0.0000228	7.74E-08	2.04E-07	TRUE	0.444183719	TRUE	0.426103536	TRUE	0.376159609	TRUE	0.033428244	TRUE	0.11288839	TRUE	21.53798257	TRUE	0.001738936
Cal_Batch13_4742	635	0.0000223	7.56E-08	1.99E-07	TRUE	0.436373616	TRUE	0.472987979	TRUE	0.396141226	TRUE	0.091537862	TRUE	0.214216095	TRUE	22.34355604	TRUE	0.00312086
Cal_Batch3_2645	749	0.0000223	7.56E-08	1.99E-07	TRUE	0.443412038	TRUE	0.397225782	TRUE	0.389905149	TRUE	0.078140028	TRUE	0.10053447	TRUE	21.82990787	TRUE	0.001910624
Cal_Batch6_2920	667	0.0000222	7.55E-08	1.99E-07	TRUE	0.631706138	TRUE	0.647149478	TRUE	0.506182812	TRUE	0.047159908	TRUE	0.087094133	TRUE	25.26666667	TRUE	0.00128722
Cal_Batch7_2023	648	0.0000221	7.52E-08	1.98E-07	TRUE	0.472932994	TRUE	0.545080201	TRUE	0.494247909	TRUE	0.115071765	TRUE	0.174998733	TRUE	21.78173859	TRUE	0.002820046
Cal_Batch4_3735	665	0.0000221	7.49E-08	1.97E-07	TRUE	0.456846982	TRUE	0.493250055	TRUE	0.413240184	TRUE	0.06256292	TRUE	0.181513339	TRUE	24.42056993	TRUE	0.002714403
Cal_Batch5_8453	674	0.0000214	7.25E-08	1.91E-07	TRUE	0.535094412	TRUE	0.465746637	TRUE	0.478270665	TRUE	0.029464854	TRUE	0.068179373	TRUE	22.93819578	TRUE	0.00130036
Cal_Batch6_7983	769	0.0000212	7.19E-08	1.89E-07	TRUE	0.522453296	TRUE	0.456841209	TRUE	0.45958714	TRUE	0.064291429	TRUE	0.150679732	TRUE	26.64071856	TRUE	0.001764539
Cal_Batch19_4887	715	0.0000209	7.09E-08	1.87E-07	TRUE	0.415783968	TRUE	0.394479969	TRUE	0.405788729	TRUE	0.031107125	TRUE	0.070321392	TRUE	17.53176471	TRUE	0.001696954
Cal_Batch17_6630	658	0.0000207	7.05E-08	1.86E-07	TRUE	0.373012591	TRUE	0.432797822	TRUE	0.422277531	TRUE	0.106007752	TRUE	0.220071241	TRUE	15.52997536	TRUE	0.00308551
Cal_Batch20_3549	695	0.0000205	6.98E-08	1.84E-07	TRUE	0.46262049	TRUE	0.566358874	TRUE	0.488880734	TRUE	0.045786579	TRUE	0.073504823	TRUE	15.17989418	TRUE	0.001399388
Cal_Batch25_6791	762	0.0000205	6.95E-08	1.83E-07	TRUE	0.478625108	TRUE	0.528031406	TRUE	0.457988516	TRUE	0.090641233	TRUE	0.135749668	TRUE	17.8182721	TRUE	0.001860853
Cal_Batch12_9433	707	0.0000202	6.87E-08	1.81E-07	TRUE	0.489240386	TRUE	0.509647825	TRUE	0.505341793	TRUE	0.03528638	TRUE	0.099428001	TRUE	16.80051888	TRUE	0.001292246
Cal_Batch10_2615	670	0.0000199	6.77E-08	1.78E-07	TRUE	0.474024115	TRUE	0.62762995	TRUE	0.419913356	TRUE	0.145357082	TRUE	0.229133533	TRUE	18.66602834	TRUE	0.002824253
Cal_Batch10_3155	657	0.0000199	6.75E-08	1.78E-07	TRUE	0.591155785	TRUE	0.61589123	TRUE	0.560581021	TRUE	0.058426301	TRUE	0.151635248	TRUE	22.28676471	TRUE	0.001406593
Cal_Batch25_9649	736	0.0000198	6.73E-08	1.77E-07	TRUE	0.513116657	TRUE	0.537775546	TRUE	0.378357062	TRUE	0.071694911	TRUE	0.133248941	TRUE	22.62596491	TRUE	0.001712097
Cal_Batch14_5755	665	0.0000195	6.64E-08	1.75E-07	TRUE	0.510928096	TRUE	0.588371195	TRUE	0.515717104	TRUE	0.057650941	TRUE	0.079662836	TRUE	17.44741023	TRUE	0.001487666
Cal_Batch25_2446	680	0.0000195	6.61E-08	1.74E-07	TRUE	0.435785551	TRUE	0.540279434	TRUE	0.410010324	TRUE	0.050888856	TRUE	0.076405335	TRUE	15.16931217	TRUE	0.001557511
Cal_Batch24_1398	789	0.0000194	0.000000066	1.74E-07	TRUE	0.410778837	TRUE	0.351904385	TRUE	0.417031274	TRUE	0.048919609	TRUE	0.131731002	TRUE	22.28633836	TRUE	0.002025113
Cal_Batch28_2102	681	0.0000194	6.58E-08	1.73E-07	TRUE	0.610509586	TRUE	0.467152015	TRUE	0.407601738	TRUE	0.019944099	TRUE	0.053808524	TRUE	56.12755716	TRUE	0.001389157
Cal_Batch13_8690	727	0.0000193	6.55E-08	1.73E-07	TRUE	0.523829004	TRUE	0.519470758	TRUE	0.371096271	TRUE	0.062027779	TRUE	0.102822543	TRUE	28.10148515	TRUE	0.001610163
Cal_Batch12_9558	694	0.0000191	6.47E-08	1.70E-07	TRUE	0.487749288	TRUE	0.424374462	TRUE	0.507931791	TRUE	0.062287491	TRUE	0.143462772	TRUE	23.77968428	TRUE	0.001706112
Cal_Batch22_7093	629	0.000019	6.46E-08	1.70E-07	TRUE	0.635060889	TRUE	0.622189821	TRUE	0.537477495	TRUE	0.034122354	TRUE	0.068738149	TRUE	35.09257999	TRUE	0.001197333
Cal_Batch15_8263	599	0.0000189	6.41E-08	1.69E-07	TRUE	0.493032272	TRUE	0.551146872	TRUE	0.544202938	TRUE	0.109107825	TRUE	0.21583325	TRUE	17.80808081	TRUE	0.002689827
Cal_Batch24_017	607	0.0000188	6.37E-08	1.68E-07	TRUE	0.511924384	TRUE	0.568281312	TRUE	0.530319248	TRUE	0.072734438	TRUE	0.220621171	TRUE	23.20097442	TRUE	0.002520783
Cal_Batch6_3626	607	0.0000187	6.34E-08	1.67E-07	TRUE	0.627019551	TRUE	0.522245438	TRUE	0.437598893	TRUE	0.091428248	TRUE	0.152315592	TRUE	52.17870722	TRUE	0.002824215
Cal_Batch1_8589	698	0.0000181	6.14E-08	1.62E-07	TRUE	0.457718402	TRUE	0.488124806	TRUE	0.429208982	TRUE	0.026029779	TRUE	0.086612267	TRUE	19.16638514	TRUE	0.001431475
Cal_Batch20_7162	712	0.000017	5.78E-08	1.52E-07	TRUE	0.559181112	TRUE	0.605137354	TRUE	0.445281266	TRUE	0.088566074	TRUE	0.103156284	TRUE	22.95566038	TRUE	0.001765607
Cal_Batch26_7525	667	0.0000169	5.76E-08	1.52E-07	TRUE	0.521338341	TRUE	0.634044576	TRUE	0.477248134	TRUE	0.068187096	TRUE	0.108454713	TRUE	17.40237226	TRUE	0.001484959
Cal_Batch15_4601	742	0.0000165	5.61E-08	1.48E-07	TRUE	0.478687278	TRUE	0.487217076	TRUE	0.449259752	TRUE	0.050911969	TRUE	0.123395347	TRUE	19.91606557	TRUE	0.001651674
Cal_Batch10_3595	719	0.0000159	5.39E-08	1.42E-07	TRUE	0.588904023	TRUE	0.521253703	TRUE	0.402531904	TRUE	0.103069641	TRUE	0.126962806	TRUE	27.5347355	TRUE	0.001876342
Cal_Batch16_5537	724	0.0000159	5.39E-08	1.42E-07	TRUE	0.554857841	TRUE	0.516305794	TRUE	0.371046718	TRUE	0.057205691	TRUE	0.108477545	TRUE	30.57934829	TRUE	0.001586408
Cal_Batch17_201	748	0.0000158	5.35E-08	1.41E-07	TRUE	0.42079759	TRUE	0.377082987	TRUE	0.312552569	TRUE	0.042396384	TRUE	0.118288025	TRUE	23.79868594	TRUE	0.001803588
Cal_Batch9_7622	795	0.0000157	5.34E-08	1.41E-07	TRUE	0.445664695	TRUE	0.389181484	TRUE	0.337616053	TRUE	0.076802499	TRUE	0.169591015	TRUE	22.73493976	TRUE	0.002275969
Cal_Batch23_207	732	0.0000156	5.31E-08	1.40E-07	TRUE	0.446306944	TRUE	0.484778704	TRUE	0.460628824	TRUE	0.022285575	TRUE	0.066313589	TRUE	15.16702015	TRUE	0.001373232
Cal_Batch23_3076	594	0.0000155	5.25E-08	1.38E-07	TRUE	0.537704041	TRUE	0.638366704	TRUE	0.579889492	TRUE	0.038698194	TRUE	0.180013904	TRUE	17.69336751	TRUE	0.001846065
Cal_Batch23_8498	716	0.0000154	5.22E-08	1.38E-07	TRUE	0.386243386	TRUE	0.373437513	TRUE	0.345160999	TRUE	0.167054853	TRUE	0.20597594	TRUE	19.68589175	TRUE	0.003828591
Cal_Batch15_6562	703	0.0000153	0.000000052	1.37E-07	TRUE	0.53832	TRUE	0.577178563	TRUE	0.521550886	TRUE	0.077935896	TRUE	0.147868315	TRUE	21.54046243	TRUE	0.001656634
Cal_Batch16_5624	600	0.0000153	0.000000052	1.37E-07	TRUE	0.612599607	TRUE	0.646048825	TRUE	0.610466693	TRUE	0.085200139	TRUE	0.175246118	TRUE	26.32237762	TRUE	0.00207628
Cal_Batch25_6737	747	0.0000152	5.18E-08	1.36E-07	TRUE	0.556515479	TRUE	0.595241	TRUE	0.412343671	TRUE	0.046473336	TRUE	0.070340963	TRUE	22.46802326	TRUE	0.001424187
Cal_Batch10_8576	740	0.000015	5.09E-08	1.34E-07	TRUE	0.393155837	TRUE	0.374134701	TRUE	0.347363006	TRUE	0.08130908	TRUE	0.143212742	TRUE	19.65791828	TRUE	0.002041898
Cal_Batch6_4314	817	0.000015	5.08E-08	1.34E-07	TRUE	0.40847068	TRUE	0.370035575	TRUE	0.362786638	TRUE	0.083138507	TRUE	0.127217584	TRUE	20.26920821	TRUE	0.002927682
Cal_Batch25_4559	653	0.0000149	5.05E-08	1.33E-07	TRUE	0.599503403	TRUE	0.57262242	TRUE	0.612975147	TRUE	0.074719897	TRUE	0.1194619	TRUE	22.47085202	TRUE	0.001546518
Cal_Batch8_8793	645	0.0000149	5.05E-08	1.33E-07	TRUE	0.621818473	TRUE	0.561562761	TRUE	0.462782016	TRUE	0.045370441	TRUE	0.061080607	TRUE	47.87134503	TRUE	0.001362764
Cal_Batch4_8376	774	0.0000148	5.03E-08	1.33E-07	TRUE	0.39776003	TRUE	0.429010711	TRUE	0.343586294	TRUE	0.140063094	TRUE	0.216418724	TRUE	19.07270662	TRUE	0.003625185
Cal_Batch4_9331	686	0.0000148	5.01E-08	1.32E-07	TRUE	0.497796889	TRUE	0.560446654	TRUE	0.48944587	TRUE	0.066434912	TRUE	0.090868004	TRUE	18.52234994	TRUE	0.001505526
Cal_Batch16_4113	708	0.0000141	0.000000048	1.26E-07	TRUE	0.571403401	TRUE	0.597217544	TRUE	0.516588583	TRUE	0.034158	TRUE	0.079031644	TRUE	23.1402763	TRUE	0.001273512
Cal_Batch3_8118	764	0.000014	4.77E-08	1.26E-07	TRUE	0.4739991	TRUE	0.549002804	TRUE	0.459227768	TRUE	0.038925294	TRUE	0.073443199	TRUE	18.77621622	TRUE	0.001433873
Cal_Batch21_1707	842	0.000014	4.76E-08	1.25E-07	TRUE	0.427293935	TRUE	0.425352456	TRUE	0.367679583	TRUE	0.05242338	TRUE	0.14207028	TRUE	18.45771554	TRUE	0.001846899
Cal_Batch5_1657	718	0.0000138	0.000000047	1.24E-07	TRUE	0.541706829	TRUE	0.405523266	TRUE	0.304152506	TRUE	0.04999354	TRUE	0.112564434	TRUE	46.67686769	TRUE	0.001778764
Cal_Batch20_7390	610	0.0000137	4.66E-08	1.23E-07	TRUE	0.531252553	TRUE	0.648673905	TRUE	0.571866258	TRUE	0.065668628	TRUE	0.111454259	TRUE	20.09773696	TRUE	0.001987595
Cal_Batch16_3857	803	0.000013	4.41E-08	1.16E-07	TRUE	0.423479831	TRUE	0.374044228	TRUE	0.462630966	TRUE	0.034167091	TRUE	0.146859215	TRUE	16.74891775	TRUE	0.001826067
Cal_Batch17_5820	648	0.0000123	4.19E-08	1.10E-07	TRUE	0.545197582	TRUE	0.60891241	TRUE	0.542256218	TRUE	0.035197378	TRUE	0.125501536	TRUE	19.10165485	TRUE	0.001330865
Cal_Batch23_6595	683	0.0000123	4.19E-08	1.10E-07	TRUE	0.59055417	TRUE	0.473971308	TRUE	0.585311366	TRUE	0.061175615	TRUE	0.123937848	TRUE	25.83934426	TRUE	0.0015942
Cal_Batch18_5868	726	0.0000123	4.18E-08	1.10E-07	TRUE	0.458037425	TRUE	0.589104813	TRUE	0.324707303	TRUE	0.071982634	TRUE	0.112677047	TRUE	15.195371	TRUE	0.001646675
Cal_Batch7_4160	709	0.0000122	4.16E-08	1.10E-07	TRUE	0.406850636	TRUE	0.406423767	TRUE	0.422746431	TRUE	0.023867187	TRUE	0.109712944	TRUE	15.65917331	TRUE	0.001542283
Cal_Batch17_4654	750	0.0000121	0.000000041	1.08E-07	TRUE	0.444211004	TRUE	0.319075122	TRUE	0.446239464	TRUE	0.078114919	TRUE	0.160722218	TRUE	26.58190541	TRUE	0.002187081
Cal_Batch9_9479	622	0.000012	4.09E-08	1.08E-07	TRUE	0.448500833	TRUE	0.62305154	TRUE	0.509302148	TRUE	0.118340827	TRUE	0.195364103	TRUE	16.6769616	TRUE	0.002673915
Cal_Batch8_9297	663	0.0000117	3.98E-08	1.05E-07	TRUE	0.424223871	TRUE	0.541402254	TRUE	0.408309545	TRUE	0.112451669	TRUE	0.224907746	TRUE	17.67026793	TRUE	0.003022699
Cal_Batch21_2402	699	0.0000116	3.92E-08	1.03E-07	TRUE	0.40005526	TRUE	0.459509973	TRUE	0.319809999	TRUE	0.078845757	TRUE	0.099492002	TRUE	15.16807483	TRUE	0.001937832
Cal_Batch3_3829	695	0.0000113	3.83E-08	1.01E-07	TRUE	0.472645865	TRUE	0.634187466	TRUE	0.441268939	TRUE	0.050080384	TRUE	0.072851468	TRUE	17.52946128	TRUE	0.001414537
Cal_Batch16_6020	624	0.0000112	3.81E-08	1.00E-07	TRUE	0.625553855	TRUE	0.479064333	TRUE	0.565586191	TRUE	0.050887682	TRUE	0.21788778	TRUE	50.49951315	TRUE	0.002630605
Cal_Batch26_6282	705	0.0000111	3.77E-08	9.93E-08	TRUE	0.436963326	TRUE	0.411733836	TRUE	0.338084492	TRUE	0.050048272	TRUE	0.107567867	TRUE	19.90019317	TRUE	0.001761127
Cal_Batch15_3638	616	0.0000109	3.69E-08	9.72E-08	TRUE	0.500823594	TRUE	0.588701784	TRUE	0.40343888	TRUE	0.140823175	TRUE	0.218402479	TRUE	23.58659568	TRUE	0.002954074
Cal_Batch22_8466	639	0.0000108	3.66E-08	9.64E-08	TRUE	0.446288461	TRUE	0.557959984	TRUE	0.500967521	TRUE	0.049365956	TRUE	0.178786145	TRUE	18.50838264	TRUE	0.002406682
Cal_Batch16_3991	604	0.0000108	3.66E-08	9.64E-08	TRUE	0.437638046	TRUE	0.611367432	TRUE	0.522075496	TRUE	0.051777325	TRUE	0.137589247	TRUE	15.13251001	TRUE	0.002145092
Cal_Batch13_921	639	0.0000108	3.65E-08	9.62E-08	TRUE	0.472528357	TRUE	0.576528668	TRUE	0.520907458	TRUE	0.025415026	TRUE	0.123854161	TRUE	18.97435897	TRUE	0.00195757
Cal_Batch14_1225	712	0.0000105	3.58E-08	9.43E-08	TRUE	0.529646106	TRUE	0.556064426	TRUE	0.469855818	TRUE	0.121048686	TRUE	0.122047654	TRUE	22.76347546	TRUE	0.002149892
Cal_Batch3_8123	619	0.0000105	3.58E-08	9.43E-08	TRUE	0.503771806	TRUE	0.63279808	TRUE	0.55732106	TRUE	0.048151645	TRUE	0.133473905	TRUE	18.78564684	TRUE	0.002061922
Cal_Batch4_3914	822	0.0000104	3.54E-08	9.33E-08	TRUE	0.472302073	TRUE	0.385299566	TRUE	0.421459337	TRUE	0.052414159	TRUE	0.119021914	TRUE	25.69880146	TRUE	0.001771396
Cal_Batch20_1463	676	0.0000102	3.47E-08	9.14E-08	TRUE	0.579462249	TRUE	0.381989942	TRUE	0.302819992	TRUE	0.039729821	TRUE	0.118732139	TRUE	57.94267054	TRUE	0.001706257
Cal_Batch17_1183	664	0.0000102	3.45E-08	9.09E-08	TRUE	0.605365947	TRUE	0.471276023	TRUE	0.382538565	TRUE	0.0558916	TRUE	0.122012425	TRUE	43.35941131	TRUE	0.001636597
Cal_Batch18_9995	644	0.00000996	3.38E-08	8.90E-08	TRUE	0.457251225	TRUE	0.49341993	TRUE	0.536706159	TRUE	0.056325894	TRUE	0.234217375	TRUE	18.86020151	TRUE	0.002691296
Cal_Batch10_1168	623	0.00000979	3.33E-08	8.77E-08	TRUE	0.50595692	TRUE	0.584492906	TRUE	0.531146525	TRUE	0.053067072	TRUE	0.150480059	TRUE	21.91791045	TRUE	0.002219301
Cal_Batch26_7730	653	0.00000967	3.29E-08	8.67E-08	TRUE	0.541067071	TRUE	0.596530659	TRUE	0.395646522	TRUE	0.110048777	TRUE	0.221446816	TRUE	26.57849571	TRUE	0.002834885
Cal_Batch18_7346	655	0.00000929	3.16E-08	8.32E-08	TRUE	0.579587678	TRUE	0.558334483	TRUE	0.478061729	TRUE	0.075119006	TRUE	0.192076541	TRUE	41.17550143	TRUE	0.002724767
Cal_Batch14_1998	683	0.00000924	3.14E-08	8.27E-08	TRUE	0.626278521	TRUE	0.517874528	TRUE	0.475858018	TRUE	0.025527376	TRUE	0.077163475	TRUE	39.33579725	TRUE	0.001314818
Cal_Batch19_4089	703	0.00000912	0.000000031	8.17E-08	TRUE	0.486387803	TRUE	0.484617603	TRUE	0.459537055	TRUE	0.054586924	TRUE	0.082202128	TRUE	20.79861645	TRUE	0.001579375
Cal_Batch5_984	760	0.00000899	3.05E-08	8.03E-08	TRUE	0.395757727	TRUE	0.36606783	TRUE	0.318335158	TRUE	0.106616753	TRUE	0.155398599	TRUE	19.01802478	TRUE	0.002349417
Cal_Batch17_4612	670	0.00000876	2.98E-08	7.85E-08	TRUE	0.481398601	TRUE	0.40573654	TRUE	0.396144374	TRUE	0.048217329	TRUE	0.083162516	TRUE	28.20794305	TRUE	0.001685167
Cal_Batch13_3020	710	0.00000871	2.96E-08	7.80E-08	TRUE	0.405169403	TRUE	0.42539062	TRUE	0.408427738	TRUE	0.063875564	TRUE	0.156856284	TRUE	16.1411975	TRUE	0.001859113
Cal_Batch1_7882	656	0.00000873	2.96E-08	7.80E-08	TRUE	0.519066061	TRUE	0.491148279	TRUE	0.483654469	TRUE	0.051483601	TRUE	0.090444498	TRUE	23.2098154	TRUE	0.001510919
Cal_Batch6_5176	770	0.0000083	2.82E-08	7.43E-08	TRUE	0.392974275	TRUE	0.399526629	TRUE	0.40844036	TRUE	0.061665878	TRUE	0.172451076	TRUE	15.47785978	TRUE	0.00210709
Cal_Batch24_1223	753	0.00000822	2.79E-08	7.35E-08	TRUE	0.478920742	TRUE	0.39284239	TRUE	0.315506082	TRUE	0.04246296	TRUE	0.112881507	TRUE	29.85988279	TRUE	0.001831843
Cal_Batch6_4973	740	0.00000822	2.79E-08	7.35E-08	TRUE	0.396815304	TRUE	0.453402504	TRUE	0.331216511	TRUE	0.08343683	TRUE	0.118747055	TRUE	16.93957503	TRUE	0.001913829
Cal_Batch28_1842	632	0.00000817	2.78E-08	7.32E-08	TRUE	0.641709909	TRUE	0.623901089	TRUE	0.520844361	TRUE	0.042991373	TRUE	0.081473324	TRUE	45.74399399	TRUE	0.001258392
Cal_Batch26_4937	712	0.000008	2.72E-08	7.17E-08	TRUE	0.48821338	TRUE	0.493277751	TRUE	0.407295818	TRUE	0.098137762	TRUE	0.135278578	TRUE	20.42228077	TRUE	0.001868654
Cal_Batch5_8059	685	0.00000794	0.000000027	7.11E-08	TRUE	0.486227593	TRUE	0.55310897	TRUE	0.475234848	TRUE	0.044985423	TRUE	0.079110256	TRUE	18.14834374	TRUE	0.001347389
Cal_Batch25_6422	614	0.0000079	2.68E-08	7.06E-08	TRUE	0.578852063	TRUE	0.642672602	TRUE	0.396201409	TRUE	0.140591071	TRUE	0.216345397	TRUE	31.62310231	TRUE	0.00276495
Cal_Batch9_4904	637	0.00000768	2.61E-08	6.88E-08	TRUE	0.473680565	TRUE	0.456654849	TRUE	0.336297448	TRUE	0.17473648	TRUE	0.203253877	TRUE	31.76046415	TRUE	0.003360714
Cal_Batch19_3058	642	0.00000766	0.000000026	6.85E-08	TRUE	0.618469707	TRUE	0.620391421	TRUE	0.531586269	TRUE	0.037350352	TRUE	0.071285945	TRUE	33.54363948	TRUE	0.00120098
Cal_Batch3_5746	586	0.00000763	2.59E-08	6.82E-08	TRUE	0.521380508	TRUE	0.630486652	TRUE	0.585826285	TRUE	0.057463144	TRUE	0.189418348	TRUE	19.39532872	TRUE	0.002067543
Cal_Batch25_6741	667	0.00000755	2.57E-08	6.77E-08	TRUE	0.487240128	TRUE	0.481383347	TRUE	0.386349236	TRUE	0.053149954	TRUE	0.104577916	TRUE	26.00200133	TRUE	0.001687312
Cal_Batch11_4272	666	0.00000743	2.52E-08	6.64E-08	TRUE	0.573649276	TRUE	0.603950666	TRUE	0.59192045	TRUE	0.028959768	TRUE	0.109071273	TRUE	18.25322245	TRUE	0.001184854
Cal_Batch22_9190	725	0.00000709	2.41E-08	6.35E-08	TRUE	0.605955818	TRUE	0.520889989	TRUE	0.544625711	TRUE	0.032783857	TRUE	0.092418034	TRUE	28.39139261	TRUE	0.00125997
Cal_Batch21_8754	674	0.00000692	2.35E-08	6.19E-08	TRUE	0.433453572	TRUE	0.457082862	TRUE	0.419255245	TRUE	0.075476615	TRUE	0.202495121	TRUE	23.05961452	TRUE	0.003046723
Cal_Batch2_8116	688	0.00000688	2.34E-08	6.16E-08	TRUE	0.559359815	TRUE	0.515876171	TRUE	0.570998476	TRUE	0.064554545	TRUE	0.123172486	TRUE	18.86006459	TRUE	0.001625031
Cal_Batch15_8879	730	0.00000678	0.000000023	6.06E-08	TRUE	0.567271505	TRUE	0.488204824	TRUE	0.349790352	TRUE	0.07762827	TRUE	0.123552407	TRUE	37.16612378	TRUE	0.001788347
Cal_Batch22_4064	674	0.00000669	2.27E-08	5.98E-08	TRUE	0.603377496	TRUE	0.62082294	TRUE	0.431941379	TRUE	0.057712656	TRUE	0.097930125	TRUE	33.01920904	TRUE	0.001457468
Cal_Batch9_2502	674	0.00000653	2.22E-08	5.85E-08	TRUE	0.578524004	TRUE	0.469467214	TRUE	0.532559755	TRUE	0.054907349	TRUE	0.095110415	TRUE	36.25658915	TRUE	0.001442792
Cal_Batch22_4535	723	0.00000645	2.19E-08	5.77E-08	TRUE	0.598818224	TRUE	0.554242587	TRUE	0.448594337	TRUE	0.058853669	TRUE	0.101758963	TRUE	30.80113279	TRUE	0.001532733
Cal_Batch11_3271	619	0.00000629	2.14E-08	5.64E-08	TRUE	0.565288357	TRUE	0.589137881	TRUE	0.497258894	TRUE	0.094068826	TRUE	0.13145313	TRUE	34.24508197	TRUE	0.002604801
Cal_Batch26_3732	622	0.00000622	2.11E-08	5.56E-08	TRUE	0.545985306	TRUE	0.533982867	TRUE	0.480146264	TRUE	0.156399265	TRUE	0.217812336	TRUE	38.51589825	TRUE	0.003052785
Cal_Batch22_118	694	0.00000613	2.08E-08	5.48E-08	TRUE	0.350206062	TRUE	0.42786731	TRUE	0.406815438	TRUE	0.117124864	TRUE	0.211761147	TRUE	15.98240704	TRUE	0.00346059
Cal_Batch26_6824	629	0.00000601	2.04E-08	5.37E-08	TRUE	0.465767568	TRUE	0.514119026	TRUE	0.493805933	TRUE	0.148539681	TRUE	0.207239478	TRUE	19.3793902	TRUE	0.003028384
Cal_Batch6_6083	630	0.00000597	2.03E-08	5.35E-08	TRUE	0.593124471	TRUE	0.638957365	TRUE	0.598550645	TRUE	0.042339987	TRUE	0.072224561	TRUE	18.05419723	TRUE	0.001170376
Cal_Batch3_5657	770	0.00000594	2.02E-08	5.32E-08	TRUE	0.451481883	TRUE	0.432940988	TRUE	0.48777931	TRUE	0.025703579	TRUE	0.107238189	TRUE	16.25695678	TRUE	0.001430778
Cal_Batch5_3962	603	0.00000589	0.00000002	5.27E-08	TRUE	0.489797942	TRUE	0.622503136	TRUE	0.523494518	TRUE	0.089415293	TRUE	0.172983737	TRUE	17.16795482	TRUE	0.002424314
Cal_Batch16_4866	702	0.00000583	1.98E-08	5.22E-08	TRUE	0.469713201	TRUE	0.523771598	TRUE	0.470268843	TRUE	0.103074843	TRUE	0.115002646	TRUE	17.30081001	TRUE	0.001991139
Cal_Batch18_9675	665	0.00000579	1.97E-08	5.19E-08	TRUE	0.573641146	TRUE	0.566394723	TRUE	0.523439206	TRUE	0.04300019	TRUE	0.109228813	TRUE	26.36737089	TRUE	0.001334906
Cal_Batch9_2874	723	0.00000562	1.91E-08	5.03E-08	TRUE	0.458875	TRUE	0.526098632	TRUE	0.354651294	TRUE	0.099558126	TRUE	0.135051658	TRUE	16.84679245	TRUE	0.001900243
Cal_Batch19_9895	631	0.0000054	1.84E-08	4.85E-08	TRUE	0.607624586	TRUE	0.619779552	TRUE	0.597320447	TRUE	0.037044785	TRUE	0.114613038	TRUE	19.9688716	TRUE	0.001214219
Cal_Batch24_1496	625	0.00000539	1.83E-08	4.82E-08	TRUE	0.527217256	TRUE	0.576783429	TRUE	0.484812022	TRUE	0.114122235	TRUE	0.204872673	TRUE	28.74499677	TRUE	0.00282991
Cal_Batch11_3042	681	0.00000533	1.81E-08	4.77E-08	TRUE	0.533902004	TRUE	0.572472996	TRUE	0.425942897	TRUE	0.028585543	TRUE	0.060818458	TRUE	24.55342597	TRUE	0.001272284
Cal_Batch17_5151	738	0.00000534	1.81E-08	4.77E-08	TRUE	0.537822577	TRUE	0.495815757	TRUE	0.364008655	TRUE	0.07631202	TRUE	0.099331232	TRUE	35.89909808	TRUE	0.001701396
Cal_Batch12_5909	772	0.00000526	1.79E-08	4.72E-08	TRUE	0.337848669	TRUE	0.307128838	TRUE	0.450305698	TRUE	0.050707837	TRUE	0.170597371	TRUE	15.83173077	TRUE	0.002269351
Cal_Batch22_5675	675	0.00000509	1.73E-08	4.56E-08	TRUE	0.406715588	TRUE	0.53927235	TRUE	0.378056465	TRUE	0.145855127	TRUE	0.230007095	TRUE	15.05595027	TRUE	0.003341607
Cal_Batch15_6473	662	0.00000506	1.72E-08	4.53E-08	TRUE	0.565469196	TRUE	0.637310056	TRUE	0.535940854	TRUE	0.101807559	TRUE	0.128042059	TRUE	20.89877301	TRUE	0.001747795
Cal_Batch20_1040	689	0.00000507	1.72E-08	4.53E-08	TRUE	0.456709054	TRUE	0.548057067	TRUE	0.466085617	TRUE	0.117001476	TRUE	0.19098697	TRUE	18.45303408	TRUE	0.002970977
Cal_Batch12_3535	697	0.00000498	1.69E-08	4.45E-08	TRUE	0.569382636	TRUE	0.49171929	TRUE	0.454277286	TRUE	0.046490199	TRUE	0.097237341	TRUE	36.3972468	TRUE	0.001522119
Cal_Batch9_4445	655	0.00000483	1.64E-08	4.32E-08	TRUE	0.483679048	TRUE	0.534220494	TRUE	0.537608406	TRUE	0.044972981	TRUE	0.212805483	TRUE	18.79714616	TRUE	0.002398569
Cal_Batch17_7107	850	0.00000466	1.58E-08	4.16E-08	TRUE	0.460482821	TRUE	0.410302411	TRUE	0.301931402	TRUE	0.055474416	TRUE	0.1479939	TRUE	27.53057554	TRUE	0.001962372
Cal_Batch24_3132	615	0.00000463	1.57E-08	4.14E-08	TRUE	0.638772558	TRUE	0.514741341	TRUE	0.475483187	TRUE	0.073338936	TRUE	0.204565038	TRUE	68.02873031	TRUE	0.002675952
Cal_Batch5_7003	707	0.00000452	1.54E-08	4.06E-08	TRUE	0.600898762	TRUE	0.508639915	TRUE	0.476734964	TRUE	0.050472235	TRUE	0.09011548	TRUE	43.2808642	TRUE	0.001402959
Cal_Batch8_3093	805	0.00000452	1.54E-08	4.06E-08	TRUE	0.461371174	TRUE	0.446616653	TRUE	0.367536344	TRUE	0.057160524	TRUE	0.103912725	TRUE	19.99078341	TRUE	0.001956614
Cal_Batch15_9980	624	0.00000451	1.53E-08	4.03E-08	TRUE	0.430579899	TRUE	0.63537072	TRUE	0.498708499	TRUE	0.152269022	TRUE	0.213138435	TRUE	15.09521701	TRUE	0.002941388
Cal_Batch17_8282	733	0.00000446	1.52E-08	4.00E-08	TRUE	0.538695059	TRUE	0.394567216	TRUE	0.499386867	TRUE	0.032180561	TRUE	0.144964912	TRUE	32.16755319	TRUE	0.001719216
Cal_Batch6_8184	669	0.0000044	1.49E-08	3.93E-08	TRUE	0.612181358	TRUE	0.482078126	TRUE	0.542392582	TRUE	0.043751955	TRUE	0.118029751	TRUE	25.84588235	TRUE	0.001441843
Cal_Batch3_8834	652	0.0000043	1.46E-08	3.85E-08	TRUE	0.574184037	TRUE	0.586522066	TRUE	0.558594696	TRUE	0.035499411	TRUE	0.111642702	TRUE	21.0958231	TRUE	0.001200243
Cal_Batch19_2244	712	0.00000427	1.45E-08	3.82E-08	TRUE	0.516655921	TRUE	0.529179077	TRUE	0.330287141	TRUE	0.07949276	TRUE	0.112814404	TRUE	24.15156794	TRUE	0.0017484
Cal_Batch17_6360	682	0.00000423	1.44E-08	3.79E-08	TRUE	0.487990804	TRUE	0.506082849	TRUE	0.36734802	TRUE	0.140480746	TRUE	0.225960814	TRUE	30.54419284	TRUE	0.003297604
Cal_Batch2_8930	809	0.00000422	1.43E-08	3.77E-08	TRUE	0.616287227	TRUE	0.491871152	TRUE	0.392657765	TRUE	0.037839751	TRUE	0.10892417	TRUE	32.55169753	TRUE	0.001678009
Cal_Batch15_1782	654	0.00000419	1.42E-08	3.74E-08	TRUE	0.504435898	TRUE	0.521984722	TRUE	0.354373111	TRUE	0.068633849	TRUE	0.139414745	TRUE	25.23456221	TRUE	0.00172072
Cal_Batch2_6970	637	0.00000414	1.41E-08	3.71E-08	TRUE	0.428319767	TRUE	0.588126019	TRUE	0.502342062	TRUE	0.184309843	TRUE	0.203405894	TRUE	15.43219724	TRUE	0.003310302
Cal_Batch8_2925	754	0.00000415	1.41E-08	3.71E-08	TRUE	0.402034064	TRUE	0.379432427	TRUE	0.407151262	TRUE	0.055805654	TRUE	0.11994378	TRUE	17.0872434	TRUE	0.001873548
Cal_Batch13_8411	612	0.00000413	0.000000014	3.69E-08	TRUE	0.645272844	TRUE	0.61994353	TRUE	0.55121353	TRUE	0.095472038	TRUE	0.141091594	TRUE	39.80820948	TRUE	0.00243264
Cal_Batch19_8989	624	0.00000394	1.34E-08	3.53E-08	TRUE	0.438583524	TRUE	0.554805851	TRUE	0.527557647	TRUE	0.066431545	TRUE	0.220843575	TRUE	15.0076582	TRUE	0.002381186
Cal_Batch9_7151	744	0.00000391	1.33E-08	3.50E-08	TRUE	0.519059505	TRUE	0.488068545	TRUE	0.494775925	TRUE	0.031383657	TRUE	0.135053304	TRUE	18.5861173	TRUE	0.001498926
Cal_Batch9_9164	795	0.00000378	1.28E-08	3.37E-08	TRUE	0.635145601	TRUE	0.410286451	TRUE	0.339486574	TRUE	0.0315714	TRUE	0.05712226	TRUE	69.03551402	TRUE	0.001563602
Cal_Batch24_6248	674	0.00000373	1.27E-08	3.35E-08	TRUE	0.546749279	TRUE	0.470403173	TRUE	0.539856766	TRUE	0.069647315	TRUE	0.229224608	TRUE	27.70448685	TRUE	0.002984109
Cal_Batch24_5512	649	0.00000364	1.24E-08	3.27E-08	TRUE	0.630274735	TRUE	0.492298074	TRUE	0.403691094	TRUE	0.134345782	TRUE	0.218740886	TRUE	67.6652221	TRUE	0.003089341
Cal_Batch20_4040	701	0.00000353	0.000000012	3.16E-08	TRUE	0.647058824	TRUE	0.549915781	TRUE	0.498060522	TRUE	0.045287469	TRUE	0.156056839	TRUE	48.11434659	TRUE	0.002531593
Cal_Batch21_282	673	0.00000341	1.16E-08	3.06E-08	TRUE	0.561848055	TRUE	0.550850124	TRUE	0.374848039	TRUE	0.081528219	TRUE	0.122561192	TRUE	28.13851168	TRUE	0.001611029
Cal_Batch13_1735	659	0.00000337	1.15E-08	3.03E-08	TRUE	0.550232262	TRUE	0.614085571	TRUE	0.534198564	TRUE	0.042556451	TRUE	0.076863484	TRUE	22.01826231	TRUE	0.00122158
Cal_Batch15_3990	663	0.00000337	1.15E-08	3.03E-08	TRUE	0.511059891	TRUE	0.546093845	TRUE	0.540128142	TRUE	0.054003965	TRUE	0.107137923	TRUE	16.81191223	TRUE	0.001390815
Cal_Batch26_8402	764	0.00000334	1.14E-08	3.00E-08	TRUE	0.527058459	TRUE	0.49709322	TRUE	0.342689274	TRUE	0.055408007	TRUE	0.105709443	TRUE	24.44203348	TRUE	0.001692581
Cal_Batch17_3267	730	0.00000333	1.13E-08	2.98E-08	TRUE	0.501994302	TRUE	0.466107097	TRUE	0.484943752	TRUE	0.074643194	TRUE	0.103162006	TRUE	19.73913043	TRUE	0.00168128
Cal_Batch23_4776	698	0.0000033	1.12E-08	2.95E-08	TRUE	0.528717104	TRUE	0.511861796	TRUE	0.363827847	TRUE	0.053158735	TRUE	0.06549432	TRUE	26.79074703	TRUE	0.001555708
Cal_Batch25_4739	732	0.00000325	1.11E-08	2.92E-08	TRUE	0.520444251	TRUE	0.49848565	TRUE	0.453361095	TRUE	0.076764353	TRUE	0.093908458	TRUE	24.45495496	TRUE	0.001765837
Cal_Batch6_3532	676	0.00000325	1.11E-08	2.92E-08	TRUE	0.42925439	TRUE	0.50770176	TRUE	0.500841469	TRUE	0.081123418	TRUE	0.156585309	TRUE	16.62363239	TRUE	0.002696062
Cal_Batch10_5169	766	0.00000317	1.08E-08	2.85E-08	TRUE	0.367671476	TRUE	0.450167542	TRUE	0.415356467	TRUE	0.097621399	TRUE	0.162296169	TRUE	16.53146853	TRUE	0.003365401
Cal_Batch17_7726	678	0.00000319	1.08E-08	2.85E-08	TRUE	0.629090296	TRUE	0.59895117	TRUE	0.326783045	TRUE	0.086639955	TRUE	0.108256021	TRUE	35.4366872	TRUE	0.001575861
Cal_Batch25_4717	701	0.0000031	1.05E-08	2.77E-08	TRUE	0.491287655	TRUE	0.568675472	TRUE	0.312451124	TRUE	0.078109413	TRUE	0.120385463	TRUE	18.04955357	TRUE	0.001610373
Cal_Batch12_6418	750	0.00000302	1.02E-08	2.69E-08	TRUE	0.462119673	TRUE	0.540970555	TRUE	0.448897728	TRUE	0.046856943	TRUE	0.124500544	TRUE	15.9567355	TRUE	0.001502489
Cal_Batch20_8472	714	0.00000294	0.00000001	2.63E-08	TRUE	0.480151781	TRUE	0.483228647	TRUE	0.379118586	TRUE	0.057511108	TRUE	0.123705438	TRUE	21.4766449	TRUE	0.001652755
Cal_Batch23_6124	619	0.00000295	0.00000001	2.63E-08	TRUE	0.4944848	TRUE	0.550719672	TRUE	0.596104434	TRUE	0.0566316	TRUE	0.17148319	TRUE	18.71908894	TRUE	0.002220636
Cal_Batch24_007	614	0.00000293	9.94E-09	2.62E-08	TRUE	0.637628225	TRUE	0.541816382	TRUE	0.578878933	TRUE	0.086768013	TRUE	0.234085543	TRUE	49.58779343	TRUE	0.002662613
Cal_Batch12_5534	638	0.00000291	9.87E-09	2.60E-08	TRUE	0.492458047	TRUE	0.52509372	TRUE	0.4631029	TRUE	0.078548801	TRUE	0.120214855	TRUE	25.6923329	TRUE	0.002751359
Cal_Batch7_9966	674	0.00000287	9.75E-09	2.57E-08	TRUE	0.557172864	TRUE	0.591522117	TRUE	0.474574201	TRUE	0.069236117	TRUE	0.114877116	TRUE	20.65225145	TRUE	0.001437477
Cal_Batch23_5627	605	0.0000028	9.51E-09	2.51E-08	TRUE	0.473110018	TRUE	0.573309829	TRUE	0.549751111	TRUE	0.058423726	TRUE	0.189118619	TRUE	15.69566554	TRUE	0.002242928
Cal_Batch19_3788	732	0.00000268	9.11E-09	2.40E-08	TRUE	0.40448058	TRUE	0.411129521	TRUE	0.437497007	TRUE	0.023558458	TRUE	0.078343538	TRUE	15.90409027	TRUE	0.00148743
Cal_Batch9_130	631	0.00000267	9.06E-09	2.39E-08	TRUE	0.581159554	TRUE	0.589481379	TRUE	0.453669534	TRUE	0.177688221	TRUE	0.197295786	TRUE	37.27081021	TRUE	0.003297081
Cal_Batch18_6552	678	0.00000266	9.02E-09	2.38E-08	TRUE	0.609641387	TRUE	0.56172973	TRUE	0.538653899	TRUE	0.067257512	TRUE	0.127587972	TRUE	37.62423625	TRUE	0.001527785
Cal_Batch5_8958	629	0.00000265	8.99E-09	2.37E-08	TRUE	0.602827301	TRUE	0.590746718	TRUE	0.559599636	TRUE	0.092261864	TRUE	0.168839202	TRUE	33.4650655	TRUE	0.002469245
Cal_Batch13_2621	611	0.00000263	8.92E-09	2.35E-08	TRUE	0.59891577	TRUE	0.54196319	TRUE	0.391865235	TRUE	0.097146165	TRUE	0.219054211	TRUE	54.76251227	TRUE	0.002841552
Cal_Batch11_1336	703	0.00000262	8.91E-09	2.35E-08	TRUE	0.528322107	TRUE	0.481335049	TRUE	0.527617019	TRUE	0.042382311	TRUE	0.102609837	TRUE	20.51501155	TRUE	0.001378213
Cal_Batch21_4315	657	0.0000026	8.83E-09	2.33E-08	TRUE	0.370120824	TRUE	0.44376673	TRUE	0.38315283	TRUE	0.071991942	TRUE	0.231765199	TRUE	18.26712095	TRUE	0.003194611
Cal_Batch7_9477	667	0.0000026	8.82E-09	2.32E-08	TRUE	0.441886808	TRUE	0.610128901	TRUE	0.375322949	TRUE	0.162571698	TRUE	0.232670072	TRUE	16.18274358	TRUE	0.003166186
Cal_Batch24_2807	773	0.00000259	8.80E-09	2.32E-08	TRUE	0.51358157	TRUE	0.478635725	TRUE	0.375782185	TRUE	0.054056206	TRUE	0.10913713	TRUE	26.43867618	TRUE	0.001612221
Cal_Batch4_4218	703	0.00000255	8.66E-09	2.28E-08	TRUE	0.403305599	TRUE	0.524902134	TRUE	0.413572902	TRUE	0.156375406	TRUE	0.217584287	TRUE	17.24359551	TRUE	0.003337713
Cal_Batch24_2392	623	0.00000253	8.58E-09	2.26E-08	TRUE	0.525287413	TRUE	0.549135167	TRUE	0.446309996	TRUE	0.101352374	TRUE	0.18000091	TRUE	31.82807852	TRUE	0.002806442
Cal_Batch19_9813	631	0.00000252	8.57E-09	2.26E-08	TRUE	0.56314884	TRUE	0.649243148	TRUE	0.61555337	TRUE	0.045770168	TRUE	0.127762521	TRUE	15.82137733	TRUE	0.001193103
Cal_Batch4_838	726	0.00000252	8.55E-09	2.25E-08	TRUE	0.591662863	TRUE	0.431827831	TRUE	0.446873017	TRUE	0.05197531	TRUE	0.086594378	TRUE	48.39631336	TRUE	0.00156019
Cal_Batch23_755	794	0.00000251	8.52E-09	2.24E-08	TRUE	0.532103848	TRUE	0.491134095	TRUE	0.435687196	TRUE	0.078076726	TRUE	0.117094359	TRUE	26.98561447	TRUE	0.001740042
Cal_Batch19_8838	694	0.00000244	8.29E-09	2.18E-08	TRUE	0.407355635	TRUE	0.435467681	TRUE	0.407723448	TRUE	0.178090619	TRUE	0.216112063	TRUE	23.78112334	TRUE	0.003624602
Cal_Batch20_1519	608	0.00000239	8.12E-09	2.14E-08	TRUE	0.58494739	TRUE	0.61206997	TRUE	0.568502594	TRUE	0.061280177	TRUE	0.11471043	TRUE	26.20408163	TRUE	0.002045082
Cal_Batch7_2157	619	0.00000239	8.11E-09	2.14E-08	TRUE	0.502600184	TRUE	0.460417527	TRUE	0.422871974	TRUE	0.121671868	TRUE	0.194826778	TRUE	41.6718894	TRUE	0.003166279
Cal_Batch14_788	659	0.00000237	8.04E-09	2.12E-08	TRUE	0.456554121	TRUE	0.503675721	TRUE	0.441434388	TRUE	0.137065763	TRUE	0.182055783	TRUE	23.73079791	TRUE	0.003011577
Cal_Batch21_4205	623	0.0000022	7.48E-09	1.97E-08	TRUE	0.499515939	TRUE	0.505643672	TRUE	0.494892694	TRUE	0.142760763	TRUE	0.226759195	TRUE	27.95861204	TRUE	0.003128452
Cal_Batch18_5367	664	0.0000021	7.15E-09	1.88E-08	TRUE	0.560273973	TRUE	0.340141626	TRUE	0.490293323	TRUE	0.047937979	TRUE	0.116467465	TRUE	51.88769612	TRUE	0.001652732
Cal_Batch25_7069	675	0.00000205	6.97E-09	1.84E-08	TRUE	0.566846793	TRUE	0.588891823	TRUE	0.547024406	TRUE	0.029563717	TRUE	0.083987786	TRUE	19.60689447	TRUE	0.001153991
Cal_Batch13_5945	634	0.00000202	6.86E-09	1.81E-08	TRUE	0.598261568	TRUE	0.60684999	TRUE	0.570521132	TRUE	0.031935641	TRUE	0.081592817	TRUE	22.32283814	TRUE	0.001103233
Cal_Batch20_7790	675	0.00000197	6.70E-09	1.76E-08	TRUE	0.642212039	TRUE	0.634791539	TRUE	0.62310429	TRUE	0.0287925	TRUE	0.119577276	TRUE	25.90718884	TRUE	0.001068311
Cal_Batch10_7176	767	0.00000196	6.66E-09	1.75E-08	TRUE	0.432478342	TRUE	0.43721497	TRUE	0.349058319	TRUE	0.040661398	TRUE	0.114664049	TRUE	19.86114352	TRUE	0.001605164
Cal_Batch25_2083	696	0.00000194	6.59E-09	1.74E-08	TRUE	0.483973264	TRUE	0.596599881	TRUE	0.455438579	TRUE	0.121148642	TRUE	0.248688834	TRUE	23.42479436	TRUE	0.002935185
Cal_Batch20_5053	610	0.0000019	6.44E-09	1.70E-08	TRUE	0.583299642	TRUE	0.64344062	TRUE	0.613090748	TRUE	0.048043357	TRUE	0.181558837	TRUE	20.50130646	TRUE	0.001861054
Cal_Batch5_5753	625	0.00000189	6.41E-09	1.69E-08	TRUE	0.57547361	TRUE	0.613257734	TRUE	0.557058156	TRUE	0.07424711	TRUE	0.195343808	TRUE	29.31303289	TRUE	0.002285893
Cal_Batch8_6230	682	0.00000187	6.35E-09	1.67E-08	TRUE	0.547128867	TRUE	0.524840674	TRUE	0.572677749	TRUE	0.034230562	TRUE	0.131651328	TRUE	20.75033557	TRUE	0.001246835
Cal_Batch2_3320	866	0.00000186	6.32E-09	1.66E-08	TRUE	0.470563339	TRUE	0.383863157	TRUE	0.311749266	TRUE	0.062246077	TRUE	0.115897835	TRUE	24.58388241	TRUE	0.002108251
Cal_Batch2_6032	694	0.00000182	6.19E-09	1.63E-08	TRUE	0.478282938	TRUE	0.432047894	TRUE	0.510515219	TRUE	0.042878323	TRUE	0.09343387	TRUE	16.93952673	TRUE	0.001378259
Cal_Batch14_8516	598	0.00000179	6.09E-09	1.60E-08	TRUE	0.490254768	TRUE	0.608436883	TRUE	0.520137147	TRUE	0.127082271	TRUE	0.230293403	TRUE	17.63571429	TRUE	0.002644235
Cal_Batch24_7542	671	0.00000176	5.98E-09	1.58E-08	TRUE	0.523546882	TRUE	0.498748267	TRUE	0.400373894	TRUE	0.117019908	TRUE	0.184849303	TRUE	43.18197279	TRUE	0.003169991
Cal_Batch19_4500	782	0.00000174	5.92E-09	1.56E-08	TRUE	0.370630383	TRUE	0.403289289	TRUE	0.316966616	TRUE	0.044536382	TRUE	0.157520634	TRUE	16.11551824	TRUE	0.001974157
Cal_Batch17_9573	687	0.00000173	5.86E-09	1.54E-08	TRUE	0.431250322	TRUE	0.47075146	TRUE	0.512253741	TRUE	0.104071714	TRUE	0.235194108	TRUE	16.19271155	TRUE	0.0030197
Cal_Batch20_3705	675	0.00000172	5.85E-09	1.54E-08	TRUE	0.572786305	TRUE	0.419016418	TRUE	0.500373849	TRUE	0.03442493	TRUE	0.135105539	TRUE	45.24428571	TRUE	0.001526541
Cal_Batch20_8766	714	0.0000017	5.79E-09	1.53E-08	TRUE	0.532307908	TRUE	0.58303464	TRUE	0.507652499	TRUE	0.034230972	TRUE	0.085346494	TRUE	20.44595745	TRUE	0.001192437
Cal_Batch26_4440	626	0.0000017	5.76E-09	1.52E-08	TRUE	0.511861556	TRUE	0.569121905	TRUE	0.358142015	TRUE	0.148745174	TRUE	0.227130329	TRUE	25.86254662	TRUE	0.003124548
Cal_Batch4_5453	724	0.00000169	5.74E-09	1.51E-08	TRUE	0.439990772	TRUE	0.45131611	TRUE	0.475682045	TRUE	0.06089029	TRUE	0.145468809	TRUE	16.16070175	TRUE	0.001738982
Cal_Batch8_1273	636	0.00000165	5.62E-09	1.48E-08	TRUE	0.508153036	TRUE	0.517753404	TRUE	0.466854479	TRUE	0.075653216	TRUE	0.183906928	TRUE	30.62338648	TRUE	0.00278832
Cal_Batch8_4656	691	0.00000163	5.55E-09	1.46E-08	TRUE	0.448295121	TRUE	0.518329253	TRUE	0.314261104	TRUE	0.097039466	TRUE	0.116712009	TRUE	16.9041876	TRUE	0.001823441
Cal_Batch1_3390	748	0.00000162	5.51E-09	1.45E-08	TRUE	0.418295864	TRUE	0.469408171	TRUE	0.361838684	TRUE	0.038114592	TRUE	0.086744036	TRUE	17.57435764	TRUE	0.001562292
Cal_Batch20_2461	667	0.00000159	5.39E-09	1.42E-08	TRUE	0.554023217	TRUE	0.550888797	TRUE	0.500281699	TRUE	0.020254313	TRUE	0.066579125	TRUE	24.09760479	TRUE	0.001122652
Cal_Batch6_9875	742	0.00000155	5.27E-09	1.39E-08	TRUE	0.567199065	TRUE	0.538424432	TRUE	0.519227128	TRUE	0.082898211	TRUE	0.125298003	TRUE	23.73899371	TRUE	0.001687303
Cal_Batch6_1305	653	0.00000155	5.26E-09	1.39E-08	TRUE	0.488741919	TRUE	0.564529762	TRUE	0.435362375	TRUE	0.141166635	TRUE	0.194310159	TRUE	25.21498662	TRUE	0.003186966
Cal_Batch18_2592	615	0.00000154	5.22E-09	1.38E-08	TRUE	0.497386469	TRUE	0.624880762	TRUE	0.557013118	TRUE	0.10281029	TRUE	0.207943714	TRUE	15.52262644	TRUE	0.002491081
Cal_Batch4_5486	803	0.00000153	5.21E-09	1.37E-08	TRUE	0.417238963	TRUE	0.457347334	TRUE	0.34068396	TRUE	0.079806	TRUE	0.145331743	TRUE	15.46812081	TRUE	0.00212821
Cal_Batch23_3803	628	0.00000152	5.15E-09	1.36E-08	TRUE	0.561258423	TRUE	0.542193731	TRUE	0.580649505	TRUE	0.105260924	TRUE	0.167150512	TRUE	22.5810173	TRUE	0.002624742
Cal_Batch16_2909	657	0.00000144	4.88E-09	1.29E-08	TRUE	0.557957309	TRUE	0.54588122	TRUE	0.520915896	TRUE	0.045491894	TRUE	0.133403344	TRUE	24.97309417	TRUE	0.00139668
Cal_Batch26_899	675	0.00000136	4.62E-09	1.22E-08	TRUE	0.497936308	TRUE	0.499203942	TRUE	0.377142013	TRUE	0.034994681	TRUE	0.078034425	TRUE	25.2446081	TRUE	0.001460828
Cal_Batch7_5999	638	0.00000133	4.52E-09	1.19E-08	TRUE	0.550566603	TRUE	0.56758368	TRUE	0.505737282	TRUE	0.134763971	TRUE	0.239081723	TRUE	32.12403764	TRUE	0.003031374
Cal_Batch19_5391	704	0.00000132	4.50E-09	1.19E-08	TRUE	0.40213175	TRUE	0.402003029	TRUE	0.441168218	TRUE	0.036649503	TRUE	0.101781784	TRUE	15.6116741	TRUE	0.001495151
Cal_Batch12_6403	665	0.00000131	4.46E-09	1.17E-08	TRUE	0.532979471	TRUE	0.458047578	TRUE	0.435767124	TRUE	0.03009726	TRUE	0.107548921	TRUE	31.85146641	TRUE	0.001428107
Cal_Batch2_1471	687	0.00000128	4.35E-09	1.15E-08	TRUE	0.54074874	TRUE	0.455004371	TRUE	0.385398524	TRUE	0.032044818	TRUE	0.048364733	TRUE	36.36194996	TRUE	0.001383936
Cal_Batch3_5136	684	0.00000128	4.34E-09	1.14E-08	TRUE	0.497144704	TRUE	0.478409499	TRUE	0.558650377	TRUE	0.029003596	TRUE	0.081752652	TRUE	15.87588882	TRUE	0.001183199
Cal_Batch3_7906	618	0.00000124	4.22E-09	1.11E-08	TRUE	0.57003373	TRUE	0.53257041	TRUE	0.549465679	TRUE	0.042287191	TRUE	0.19394689	TRUE	24.80605286	TRUE	0.002369589
Cal_Batch18_6903	672	0.00000123	4.19E-09	1.10E-08	TRUE	0.582461716	TRUE	0.557208976	TRUE	0.551132796	TRUE	0.014732959	TRUE	0.088470813	TRUE	21.91990206	TRUE	0.001105632
Cal_Batch9_8915	681	0.00000122	4.13E-09	1.09E-08	TRUE	0.462874946	TRUE	0.602285612	TRUE	0.493485078	TRUE	0.056379751	TRUE	0.180115039	TRUE	17.03182807	TRUE	0.002495355
Cal_Batch3_9044	605	0.00000121	4.10E-09	1.08E-08	TRUE	0.439450194	TRUE	0.617352351	TRUE	0.525644094	TRUE	0.071635215	TRUE	0.180710621	TRUE	15.61753555	TRUE	0.00237466
Cal_Batch15_4255	733	0.0000012	4.09E-09	1.08E-08	TRUE	0.510843529	TRUE	0.491087709	TRUE	0.474631854	TRUE	0.04115988	TRUE	0.069816904	TRUE	21.01474011	TRUE	0.001388679
Cal_Batch7_1625	683	0.00000119	4.03E-09	1.06E-08	TRUE	0.525931864	TRUE	0.478427314	TRUE	0.367303427	TRUE	0.025349159	TRUE	0.062477423	TRUE	28.90804044	TRUE	0.001412468
Cal_Batch11_6770	620	0.00000116	3.95E-09	1.04E-08	TRUE	0.480362462	TRUE	0.608775423	TRUE	0.465904207	TRUE	0.130948644	TRUE	0.167124149	TRUE	20.95675676	TRUE	0.00285432
Cal_Batch26_287	616	0.00000116	3.94E-09	1.04E-08	TRUE	0.480037011	TRUE	0.643531024	TRUE	0.516243964	TRUE	0.1480464	TRUE	0.237504604	TRUE	16.35880399	TRUE	0.002905979
Cal_Batch9_6922	713	0.00000114	3.87E-09	1.02E-08	TRUE	0.474139011	TRUE	0.476238411	TRUE	0.379044665	TRUE	0.063974593	TRUE	0.137813272	TRUE	19.94821518	TRUE	0.001714494
Cal_Batch17_2187	695	0.00000114	3.86E-09	1.02E-08	TRUE	0.414956701	TRUE	0.538487433	TRUE	0.337264737	TRUE	0.173109826	TRUE	0.218175521	TRUE	18.59125067	TRUE	0.003254805
Cal_Batch17_5598	724	0.00000114	3.86E-09	1.02E-08	TRUE	0.506750194	TRUE	0.425023511	TRUE	0.386278557	TRUE	0.065476134	TRUE	0.099297967	TRUE	29.86344909	TRUE	0.00173752
Cal_Batch11_2113	613	0.00000112	3.82E-09	1.01E-08	TRUE	0.648102286	TRUE	0.644478679	TRUE	0.625206042	TRUE	0.121168359	TRUE	0.233937178	TRUE	31.01885475	TRUE	0.002582108
Cal_Batch18_7796	730	0.00000111	3.78E-09	9.96E-09	TRUE	0.522577203	TRUE	0.345773115	TRUE	0.411944675	TRUE	0.064425331	TRUE	0.11722721	TRUE	43.6097561	TRUE	0.00176072
Cal_Batch21_3220	625	0.0000011	3.72E-09	9.80E-09	TRUE	0.542735972	TRUE	0.646504769	TRUE	0.598732961	TRUE	0.131339648	TRUE	0.231938951	TRUE	17.67624021	TRUE	0.002639137
Cal_Batch21_7877	622	0.00000106	3.59E-09	9.46E-09	TRUE	0.510151073	TRUE	0.621257775	TRUE	0.58908343	TRUE	0.088473373	TRUE	0.200974053	TRUE	15.54382598	TRUE	0.002284786
Cal_Batch5_1610	711	0.00000103	3.50E-09	9.22E-09	TRUE	0.474735405	TRUE	0.565646051	TRUE	0.450841702	TRUE	0.056999081	TRUE	0.100065642	TRUE	16.38090349	TRUE	0.00152871
Cal_Batch25_1412	636	0.00000102	3.45E-09	9.09E-09	TRUE	0.530071531	TRUE	0.562313602	TRUE	0.564790487	TRUE	0.078822062	TRUE	0.153529529	TRUE	25.24229979	TRUE	0.002579187
Cal_Batch10_1272	670	0.000000947	3.22E-09	8.48E-09	TRUE	0.596516416	TRUE	0.625021773	TRUE	0.571690063	TRUE	0.067187028	TRUE	0.100077017	TRUE	22.1785832	TRUE	0.001377639
Cal_Batch6_195	664	0.000000947	3.22E-09	8.48E-09	TRUE	0.539836257	TRUE	0.418667782	TRUE	0.321994863	TRUE	0.05042012	TRUE	0.11328586	TRUE	34.77577465	TRUE	0.001629706
Cal_Batch24_8413	753	0.000000949	3.22E-09	8.48E-09	TRUE	0.442229135	TRUE	0.447610389	TRUE	0.324522606	TRUE	0.060699639	TRUE	0.131950015	TRUE	18.49841701	TRUE	0.001831102
Cal_Batch2_7154	751	0.000000939	3.19E-09	8.40E-09	TRUE	0.406738992	TRUE	0.351243098	TRUE	0.358593804	TRUE	0.03628065	TRUE	0.092805734	TRUE	20.76927803	TRUE	0.001752711
Cal_Batch21_6070	721	0.000000916	3.11E-09	8.19E-09	TRUE	0.522755286	TRUE	0.409145761	TRUE	0.331445603	TRUE	0.020355402	TRUE	0.082133772	TRUE	33.83591509	TRUE	0.001540874
Cal_Batch6_8032	605	0.000000912	3.10E-09	8.17E-09	TRUE	0.501725838	TRUE	0.599977117	TRUE	0.540755042	TRUE	0.05538331	TRUE	0.210149357	TRUE	18.89444262	TRUE	0.002337842
Cal_Batch11_9496	638	0.000000914	3.10E-09	8.17E-09	TRUE	0.484971465	TRUE	0.591479149	TRUE	0.478473001	TRUE	0.116721819	TRUE	0.194697707	TRUE	21.49949341	TRUE	0.002903766
Cal_Batch14_3077	712	0.00000089	3.02E-09	7.96E-09	TRUE	0.422414022	TRUE	0.391366301	TRUE	0.431570741	TRUE	0.016461502	TRUE	0.104164905	TRUE	17.96400127	TRUE	0.001504018
Cal_Batch5_4682	710	0.000000885	3.01E-09	7.93E-09	TRUE	0.504309579	TRUE	0.602862459	TRUE	0.521670948	TRUE	0.119811606	TRUE	0.21091429	TRUE	21.62221041	TRUE	0.00292508
Cal_Batch11_3526	648	0.000000851	2.89E-09	7.61E-09	TRUE	0.634371086	TRUE	0.598538544	TRUE	0.581530796	TRUE	0.039125947	TRUE	0.128612797	TRUE	29.15222102	TRUE	0.001219264
Cal_Batch2_7650	745	0.00000084	2.85E-09	7.51E-09	TRUE	0.480563132	TRUE	0.546510974	TRUE	0.40508692	TRUE	0.037289265	TRUE	0.078424031	TRUE	16.76187313	TRUE	0.001404499
Cal_Batch4_4931	599	0.00000084	2.85E-09	7.51E-09	TRUE	0.569633179	TRUE	0.587097292	TRUE	0.543456683	TRUE	0.042044466	TRUE	0.143611068	TRUE	29.14729412	TRUE	0.002095832
Cal_Batch11_8275	655	0.000000827	2.81E-09	7.40E-09	TRUE	0.52565308	TRUE	0.606904144	TRUE	0.409209163	TRUE	0.071593302	TRUE	0.090192032	TRUE	17.38225087	TRUE	0.001555868
Cal_Batch6_1660	610	0.000000828	2.81E-09	7.40E-09	TRUE	0.625899281	TRUE	0.581689523	TRUE	0.479432386	TRUE	0.076478128	TRUE	0.171805867	TRUE	46.34946619	TRUE	0.002657043
Cal_Batch8_328	668	0.000000816	2.77E-09	7.30E-09	TRUE	0.443386081	TRUE	0.511716743	TRUE	0.425579395	TRUE	0.10079638	TRUE	0.18175812	TRUE	26.16551406	TRUE	0.003059334
Cal_Batch13_2118	742	0.000000796	2.70E-09	7.11E-09	TRUE	0.467996164	TRUE	0.437204775	TRUE	0.412610963	TRUE	0.023489948	TRUE	0.091839105	TRUE	19.71466431	TRUE	0.001443115
Cal_Batch5_9591	623	0.000000792	2.69E-09	7.09E-09	TRUE	0.450619167	TRUE	0.551987817	TRUE	0.472726265	TRUE	0.124484362	TRUE	0.23226457	TRUE	20.55717407	TRUE	0.002993491
Cal_Batch11_8396	652	0.000000775	2.63E-09	6.93E-09	TRUE	0.579132123	TRUE	0.568433416	TRUE	0.577478862	TRUE	0.027014462	TRUE	0.116952264	TRUE	21.38949275	TRUE	0.001172688
Cal_Batch16_8432	693	0.000000767	2.61E-09	6.88E-09	TRUE	0.548632219	TRUE	0.620631656	TRUE	0.5150678	TRUE	0.052513571	TRUE	0.082349247	TRUE	18.56652153	TRUE	0.001284246
Cal_Batch20_7543	677	0.000000767	2.61E-09	6.88E-09	TRUE	0.586489253	TRUE	0.526824121	TRUE	0.503780667	TRUE	0.066872317	TRUE	0.114532283	TRUE	33.97007481	TRUE	0.001567386
Cal_Batch27_460	694	0.000000767	2.60E-09	6.85E-09	TRUE	0.551331983	TRUE	0.439684264	TRUE	0.521227169	TRUE	0.03796174	TRUE	0.107786472	TRUE	26.08265498	TRUE	0.001390699
Cal_Batch24_8933	791	0.000000757	2.57E-09	6.77E-09	TRUE	0.413726708	TRUE	0.391816173	TRUE	0.331225791	TRUE	0.076165073	TRUE	0.123787345	TRUE	20.04783259	TRUE	0.002117193
Cal_Batch14_7689	605	0.000000749	2.54E-09	6.69E-09	TRUE	0.525442125	TRUE	0.641110092	TRUE	0.585090108	TRUE	0.151394011	TRUE	0.235766826	TRUE	18.00382263	TRUE	0.002842425
Cal_Batch18_9673	660	0.000000738	2.51E-09	6.61E-09	TRUE	0.578830353	TRUE	0.598070245	TRUE	0.478342346	TRUE	0.038940204	TRUE	0.068805806	TRUE	30.16144019	TRUE	0.001319069
Cal_Batch25_5898	686	0.000000732	2.49E-09	6.56E-09	TRUE	0.461401952	TRUE	0.580830064	TRUE	0.467024085	TRUE	0.037618928	TRUE	0.075984121	TRUE	15.90607424	TRUE	0.001319611
Cal_Batch1_213	733	0.000000729	2.48E-09	6.53E-09	TRUE	0.4471208	TRUE	0.584991093	TRUE	0.428505959	TRUE	0.10942473	TRUE	0.238621012	TRUE	17.09948474	TRUE	0.003054924
Cal_Batch8_8201	644	0.000000729	2.48E-09	6.53E-09	TRUE	0.613832101	TRUE	0.624238354	TRUE	0.539437516	TRUE	0.068782116	TRUE	0.091882593	TRUE	28.36836574	TRUE	0.00138998
Cal_Batch11_8617	616	0.000000705	2.40E-09	6.32E-09	TRUE	0.621645938	TRUE	0.643283213	TRUE	0.557622831	TRUE	0.055507406	TRUE	0.142690162	TRUE	37.84761905	TRUE	0.002157049
Cal_Batch15_8532	750	0.000000701	2.38E-09	6.27E-09	TRUE	0.38802791	TRUE	0.365045372	TRUE	0.318087843	TRUE	0.026702363	TRUE	0.104075304	TRUE	18.9137577	TRUE	0.001734321
Cal_Batch6_1372	648	0.000000688	2.34E-09	6.16E-09	TRUE	0.485013624	TRUE	0.569199537	TRUE	0.535747964	TRUE	0.05465106	TRUE	0.105429457	TRUE	17.66666667	TRUE	0.002238665
Cal_Batch22_2898	618	0.000000682	2.32E-09	6.11E-09	TRUE	0.451452483	TRUE	0.596649812	TRUE	0.530808959	TRUE	0.072292331	TRUE	0.159469621	TRUE	15.27058397	TRUE	0.002435641
Cal_Batch3_4084	692	0.000000677	2.30E-09	6.06E-09	TRUE	0.594234448	TRUE	0.576483785	TRUE	0.378797247	TRUE	0.060543495	TRUE	0.092042778	TRUE	28.47915028	TRUE	0.001486553
Cal_Batch2_1860	627	0.000000632	2.15E-09	5.66E-09	TRUE	0.391104912	TRUE	0.533062971	TRUE	0.447682607	TRUE	0.074537912	TRUE	0.160539763	TRUE	15.8707886	TRUE	0.002783266
Cal_Batch13_7054	635	0.000000603	2.05E-09	5.40E-09	TRUE	0.491572116	TRUE	0.541415379	TRUE	0.33308096	TRUE	0.15715082	TRUE	0.224728545	TRUE	27.21985418	TRUE	0.003186973
Cal_Batch2_2430	698	0.000000594	2.02E-09	5.32E-09	TRUE	0.450628588	TRUE	0.548559401	TRUE	0.465430725	TRUE	0.055115613	TRUE	0.093401579	TRUE	15.38791307	TRUE	0.001406092
Cal_Batch2_5135	679	0.000000594	2.02E-09	5.32E-09	TRUE	0.496577196	TRUE	0.441028706	TRUE	0.438696754	TRUE	0.024515991	TRUE	0.084377029	TRUE	24.95729127	TRUE	0.001316955
Cal_Batch5_7937	714	0.000000554	1.88E-09	4.95E-09	TRUE	0.498427673	TRUE	0.470403923	TRUE	0.423655506	TRUE	0.029928773	TRUE	0.100154371	TRUE	28.71116096	TRUE	0.001409147
Cal_Batch6_1108	676	0.000000551	1.87E-09	4.93E-09	TRUE	0.561981273	TRUE	0.495601647	TRUE	0.344052382	TRUE	0.047191689	TRUE	0.111014031	TRUE	36.86978833	TRUE	0.001457323
Cal_Batch26_6839	622	0.000000546	1.86E-09	4.90E-09	TRUE	0.633093525	TRUE	0.634165932	TRUE	0.46091694	TRUE	0.111998023	TRUE	0.229830413	TRUE	40.54638009	TRUE	0.002656555
Cal_Batch7_1828	721	0.000000541	1.84E-09	4.85E-09	TRUE	0.493165089	TRUE	0.391937328	TRUE	0.513335074	TRUE	0.064377705	TRUE	0.15340035	TRUE	24.20820189	TRUE	0.001813881
Cal_Batch23_4982	734	0.00000053	1.80E-09	4.74E-09	TRUE	0.477057328	TRUE	0.367437021	TRUE	0.337491917	TRUE	0.087118967	TRUE	0.122592787	TRUE	30.47841226	TRUE	0.00196832
Cal_Batch15_5213	748	0.000000525	1.78E-09	4.69E-09	TRUE	0.513107157	TRUE	0.568343967	TRUE	0.517004061	TRUE	0.081863929	TRUE	0.09014424	TRUE	16.56223359	TRUE	0.001773131
Cal_Batch7_6307	624	0.000000517	1.76E-09	4.64E-09	TRUE	0.620012756	TRUE	0.512371142	TRUE	0.400097113	TRUE	0.084237242	TRUE	0.223507278	TRUE	66.7274276	TRUE	0.002900385
Cal_Batch10_8435	759	0.000000516	1.75E-09	4.61E-09	TRUE	0.470189702	TRUE	0.505529554	TRUE	0.387115864	TRUE	0.103739128	TRUE	0.149333641	TRUE	17.70483271	TRUE	0.001890171
Cal_Batch19_6650	610	0.000000509	1.73E-09	4.56E-09	TRUE	0.415296686	TRUE	0.613900368	TRUE	0.530786311	TRUE	0.056675899	TRUE	0.136775236	TRUE	15.00385505	TRUE	0.002270175
Cal_Batch10_778	737	0.000000509	1.73E-09	4.56E-09	TRUE	0.437679388	TRUE	0.515828598	TRUE	0.305687164	TRUE	0.067103114	TRUE	0.116790271	TRUE	16.29519231	TRUE	0.001684304
Cal_Batch23_3875	744	0.000000505	1.72E-09	4.53E-09	TRUE	0.536367718	TRUE	0.399223496	TRUE	0.428818554	TRUE	0.064176675	TRUE	0.119344919	TRUE	36.05145565	TRUE	0.001667367
Cal_Batch15_6888	626	0.000000503	1.71E-09	4.50E-09	TRUE	0.61787536	TRUE	0.643939078	TRUE	0.555517858	TRUE	0.133089175	TRUE	0.205015232	TRUE	32.52827678	TRUE	0.002781936
Cal_Batch22_5980	730	0.00000049	1.67E-09	4.40E-09	TRUE	0.519511193	TRUE	0.445404946	TRUE	0.427105353	TRUE	0.009181153	TRUE	0.057275019	TRUE	21.81863048	TRUE	0.001286523
Cal_Batch8_3208	707	0.000000482	1.64E-09	4.32E-09	TRUE	0.463592414	TRUE	0.478606318	TRUE	0.437206411	TRUE	0.056737581	TRUE	0.108024005	TRUE	20.07927928	TRUE	0.001575968
Cal_Batch7_1836	678	0.000000483	1.64E-09	4.32E-09	TRUE	0.62017957	TRUE	0.399008927	TRUE	0.410669484	TRUE	0.048557648	TRUE	0.112037103	TRUE	72.33006244	TRUE	0.001535698
Cal_Batch23_3377	752	0.00000048	1.63E-09	4.29E-09	TRUE	0.471609632	TRUE	0.515086769	TRUE	0.398836045	TRUE	0.051774891	TRUE	0.096573415	TRUE	16.05967865	TRUE	0.001562328
Cal_Batch9_4399	637	0.00000048	1.63E-09	4.29E-09	TRUE	0.479174811	TRUE	0.614284947	TRUE	0.523540425	TRUE	0.132807343	TRUE	0.195353934	TRUE	19.22672945	TRUE	0.002870462
Cal_Batch17_880	593	0.00000047	1.60E-09	4.21E-09	TRUE	0.609091872	TRUE	0.580479795	TRUE	0.523481441	TRUE	0.070508518	TRUE	0.17722764	TRUE	39.46150592	TRUE	0.002437992
Cal_Batch23_7487	699	0.000000471	1.60E-09	4.21E-09	TRUE	0.434420922	TRUE	0.39366664	TRUE	0.468606101	TRUE	0.033398775	TRUE	0.072476341	TRUE	16.06770521	TRUE	0.001465555
Cal_Batch7_5139	618	0.000000467	1.59E-09	4.19E-09	TRUE	0.464913976	TRUE	0.611297128	TRUE	0.503760804	TRUE	0.113134343	TRUE	0.232393897	TRUE	16.8433642	TRUE	0.002627385
Cal_Batch17_2902	702	0.000000454	1.54E-09	4.06E-09	TRUE	0.628898063	TRUE	0.5030851	TRUE	0.590498812	TRUE	0.067524834	TRUE	0.106747249	TRUE	31.44795682	TRUE	0.001471581
Cal_Batch20_6820	622	0.000000447	1.52E-09	4.00E-09	TRUE	0.583634282	TRUE	0.581259887	TRUE	0.579007069	TRUE	0.048098647	TRUE	0.074053332	TRUE	23.38059701	TRUE	0.001171675
Cal_Batch10_1414	712	0.000000445	1.51E-09	3.98E-09	TRUE	0.592907127	TRUE	0.388484335	TRUE	0.362821881	TRUE	0.014980173	TRUE	0.047711577	TRUE	54.97940692	TRUE	0.001412674
Cal_Batch13_4078	678	0.000000438	1.49E-09	3.93E-09	TRUE	0.478240826	TRUE	0.525843636	TRUE	0.441140488	TRUE	0.10291911	TRUE	0.229698737	TRUE	24.82982262	TRUE	0.003083479
Cal_Batch26_7975	691	0.000000429	1.46E-09	3.85E-09	TRUE	0.475827697	TRUE	0.626160518	TRUE	0.526666632	TRUE	0.050354013	TRUE	0.086922793	TRUE	15.12744265	TRUE	0.001241567
Cal_Batch7_2825	706	0.00000042	1.43E-09	3.77E-09	TRUE	0.467701843	TRUE	0.417218315	TRUE	0.419245435	TRUE	0.040525187	TRUE	0.060283133	TRUE	23.2800312	TRUE	0.001499006
Cal_Batch3_9612	711	0.000000407	1.38E-09	3.64E-09	TRUE	0.478014513	TRUE	0.498200445	TRUE	0.382771451	TRUE	0.043072848	TRUE	0.113808736	TRUE	19.786	TRUE	0.001475871
Cal_Batch15_3768	696	0.000000401	1.36E-09	3.58E-09	TRUE	0.449191992	TRUE	0.526189847	TRUE	0.366768419	TRUE	0.070827914	TRUE	0.093618061	TRUE	15.64230595	TRUE	0.00169982
Cal_Batch28_1336	630	0.00000039	1.33E-09	3.50E-09	TRUE	0.453682197	TRUE	0.581771231	TRUE	0.495728601	TRUE	0.143255714	TRUE	0.227557991	TRUE	19.84405941	TRUE	0.00308212
Cal_Batch9_067	637	0.000000388	1.32E-09	3.48E-09	TRUE	0.531605155	TRUE	0.561219123	TRUE	0.565767426	TRUE	0.077092329	TRUE	0.18348473	TRUE	20.02598315	TRUE	0.002417173
Cal_Batch6_8606	731	0.000000385	1.31E-09	3.45E-09	TRUE	0.472427659	TRUE	0.4699322	TRUE	0.452954587	TRUE	0.107543589	TRUE	0.1311615	TRUE	18.37294728	TRUE	0.001851078
Cal_Batch12_7969	692	0.00000038	1.29E-09	3.40E-09	TRUE	0.47746074	TRUE	0.398297806	TRUE	0.362691845	TRUE	0.020035095	TRUE	0.048932961	TRUE	29.44186047	TRUE	0.001531514
Cal_Batch12_9793	757	0.000000376	1.28E-09	3.37E-09	TRUE	0.517591208	TRUE	0.620188982	TRUE	0.41883962	TRUE	0.044003183	TRUE	0.06779038	TRUE	18.34273404	TRUE	0.001381965
Cal_Batch26_2062	718	0.000000376	1.28E-09	3.37E-09	TRUE	0.392421983	TRUE	0.464347101	TRUE	0.403949653	TRUE	0.121020934	TRUE	0.149539185	TRUE	20.4374807	TRUE	0.003160841
Cal_Batch14_9132	625	0.000000367	1.25E-09	3.29E-09	TRUE	0.54924462	TRUE	0.5924733	TRUE	0.453785264	TRUE	0.117751022	TRUE	0.191318408	TRUE	30.04402224	TRUE	0.002810355
Cal_Batch26_1236	750	0.000000368	1.25E-09	3.29E-09	TRUE	0.61479892	TRUE	0.456374848	TRUE	0.347678423	TRUE	0.076110696	TRUE	0.090177555	TRUE	56.9697733	TRUE	0.001640811
Cal_Batch17_8659	742	0.000000365	1.24E-09	3.27E-09	TRUE	0.498248654	TRUE	0.601010515	TRUE	0.442335087	TRUE	0.049650356	TRUE	0.088354753	TRUE	15.19	TRUE	0.00130663
Cal_Batch10_4391	614	0.000000362	1.23E-09	3.24E-09	TRUE	0.565227796	TRUE	0.636467839	TRUE	0.595656775	TRUE	0.081841893	TRUE	0.189209225	TRUE	19.33082707	TRUE	0.002252588
Cal_Batch24_1440	639	0.000000362	1.23E-09	3.24E-09	TRUE	0.492482628	TRUE	0.559736152	TRUE	0.432979717	TRUE	0.136219576	TRUE	0.217881679	TRUE	26.84334601	TRUE	0.00311148
Cal_Batch6_6296	603	0.00000036	1.22E-09	3.21E-09	TRUE	0.474159255	TRUE	0.64830977	TRUE	0.529924973	TRUE	0.073475149	TRUE	0.157793368	TRUE	16.5846494	TRUE	0.002190253
Cal_Batch28_337	760	0.000000353	1.20E-09	3.16E-09	TRUE	0.589169992	TRUE	0.58311566	TRUE	0.424196634	TRUE	0.028718353	TRUE	0.058386322	TRUE	26.32860939	TRUE	0.001203684
Cal_Batch15_9617	675	0.000000349	1.19E-09	3.13E-09	TRUE	0.5217442	TRUE	0.572843894	TRUE	0.524637638	TRUE	0.063711425	TRUE	0.087391386	TRUE	19.63069376	TRUE	0.001378111
Cal_Batch18_411	658	0.000000349	1.19E-09	3.13E-09	TRUE	0.530884869	TRUE	0.49704067	TRUE	0.529364874	TRUE	0.062233342	TRUE	0.12134092	TRUE	21.004814	TRUE	0.001511163
Cal_Batch12_3888	785	0.000000348	1.18E-09	3.11E-09	TRUE	0.475200386	TRUE	0.424851634	TRUE	0.367716331	TRUE	0.054793034	TRUE	0.098075539	TRUE	21.62544932	TRUE	0.001786551
Cal_Batch10_8988	758	0.000000348	1.18E-09	3.11E-09	TRUE	0.378162535	TRUE	0.418053217	TRUE	0.303734801	TRUE	0.046641048	TRUE	0.138745553	TRUE	15.90545734	TRUE	0.001822306
Cal_Batch19_1497	645	0.000000335	1.14E-09	3.00E-09	TRUE	0.581670906	TRUE	0.428083417	TRUE	0.539642204	TRUE	0.07622116	TRUE	0.124134913	TRUE	46.99351702	TRUE	0.001634421
Cal_Batch14_4979	671	0.000000331	1.13E-09	2.98E-09	TRUE	0.620485769	TRUE	0.568322449	TRUE	0.518481013	TRUE	0.028103156	TRUE	0.07641877	TRUE	34.2174525	TRUE	0.001164294
Cal_Batch20_3724	690	0.000000327	1.11E-09	2.92E-09	TRUE	0.527325675	TRUE	0.514162463	TRUE	0.535551459	TRUE	0.048961087	TRUE	0.077547636	TRUE	18.20085971	TRUE	0.001333249
Cal_Batch28_3049	692	0.000000325	1.10E-09	2.90E-09	TRUE	0.613103569	TRUE	0.442741271	TRUE	0.351106875	TRUE	0.058350048	TRUE	0.128073504	TRUE	57.75213675	TRUE	0.001509592
Cal_Batch19_2758	695	0.00000032	1.09E-09	2.87E-09	TRUE	0.513541865	TRUE	0.538994017	TRUE	0.422383056	TRUE	0.048450893	TRUE	0.061553943	TRUE	20.2422235	TRUE	0.001415251
Cal_Batch12_762	640	0.000000321	1.09E-09	2.87E-09	TRUE	0.474096312	TRUE	0.519681857	TRUE	0.381284507	TRUE	0.108865049	TRUE	0.244951646	TRUE	27.40465793	TRUE	0.003165303
Cal_Batch6_2351	729	0.000000322	1.09E-09	2.87E-09	TRUE	0.519318374	TRUE	0.37773877	TRUE	0.517610366	TRUE	0.041220545	TRUE	0.116593197	TRUE	28.43576567	TRUE	0.001521993
Cal_Batch3_6214	600	0.000000314	1.07E-09	2.82E-09	TRUE	0.561541238	TRUE	0.567294792	TRUE	0.580858947	TRUE	0.052612304	TRUE	0.122696278	TRUE	26.11987041	TRUE	0.002031435
Cal_Batch10_5740	683	0.000000311	1.06E-09	2.79E-09	TRUE	0.447875479	TRUE	0.468002458	TRUE	0.458361834	TRUE	0.024183972	TRUE	0.058821945	TRUE	17.98648649	TRUE	0.001215166
Cal_Batch19_6731	685	0.000000307	1.04E-09	2.74E-09	TRUE	0.479421956	TRUE	0.513252809	TRUE	0.439414068	TRUE	0.09934376	TRUE	0.213205922	TRUE	22.19554205	TRUE	0.003297178
Cal_Batch20_7646	806	0.000000302	1.03E-09	2.71E-09	TRUE	0.535773129	TRUE	0.378179533	TRUE	0.368378423	TRUE	0.017264145	TRUE	0.062291997	TRUE	37.13111782	TRUE	0.001472292
Cal_Batch3_5290	679	0.000000303	1.03E-09	2.71E-09	TRUE	0.502236239	TRUE	0.467354405	TRUE	0.35628146	TRUE	0.04793108	TRUE	0.12073954	TRUE	28.81653926	TRUE	0.00163683
Cal_Batch7_3886	681	0.000000296	1.01E-09	2.66E-09	TRUE	0.528321248	TRUE	0.577985135	TRUE	0.442725595	TRUE	0.053558859	TRUE	0.073827502	TRUE	22.89027431	TRUE	0.001392992
Cal_Batch10_9432	604	0.000000288	9.77E-10	2.57E-09	TRUE	0.502165532	TRUE	0.636899623	TRUE	0.53828879	TRUE	0.074833661	TRUE	0.158686765	TRUE	22.74985722	TRUE	0.002377521
Cal_Batch18_2630	645	0.000000286	9.71E-10	2.56E-09	TRUE	0.586419306	TRUE	0.610431913	TRUE	0.535190136	TRUE	0.026367149	TRUE	0.05469364	TRUE	25.84571429	TRUE	0.001056478
Cal_Batch15_1122	647	0.000000282	9.59E-10	2.53E-09	TRUE	0.539875545	TRUE	0.514585254	TRUE	0.482768251	TRUE	0.038198107	TRUE	0.101214099	TRUE	24.07831325	TRUE	0.001361489
Cal_Batch17_9570	651	0.000000282	9.59E-10	2.53E-09	TRUE	0.570889305	TRUE	0.570445794	TRUE	0.560084709	TRUE	0.065573199	TRUE	0.107361955	TRUE	18.75743802	TRUE	0.001366521
Cal_Batch15_5402	680	0.000000274	9.30E-10	2.45E-09	TRUE	0.536575033	TRUE	0.612010946	TRUE	0.421867502	TRUE	0.064741464	TRUE	0.117607683	TRUE	18.65432802	TRUE	0.001362592
Cal_Batch21_3258	618	0.000000268	9.11E-10	2.40E-09	TRUE	0.498840244	TRUE	0.614504443	TRUE	0.454118699	TRUE	0.105895786	TRUE	0.189456148	TRUE	22.68334058	TRUE	0.00270539
Cal_Batch22_1905	763	0.000000261	8.88E-10	2.34E-09	TRUE	0.488331933	TRUE	0.355023207	TRUE	0.32444231	TRUE	0.053724251	TRUE	0.111020198	TRUE	28.74604072	TRUE	0.001975508
Cal_Batch20_8142	696	0.000000261	8.87E-10	2.34E-09	TRUE	0.588786817	TRUE	0.552644237	TRUE	0.48478627	TRUE	0.055182315	TRUE	0.120802326	TRUE	28.03546911	TRUE	0.001429816
Cal_Batch2_960	612	0.000000261	8.86E-10	2.33E-09	TRUE	0.519971828	TRUE	0.602627296	TRUE	0.516023085	TRUE	0.090114609	TRUE	0.181897075	TRUE	27.82666667	TRUE	0.002660398
Cal_Batch6_1998	714	0.00000026	8.82E-10	2.32E-09	TRUE	0.450842114	TRUE	0.521290798	TRUE	0.440647016	TRUE	0.027206031	TRUE	0.070643769	TRUE	16.20498339	TRUE	0.001286626
Cal_Batch17_9880	619	0.000000252	8.56E-10	2.25E-09	TRUE	0.627705628	TRUE	0.586006874	TRUE	0.548672614	TRUE	0.053050903	TRUE	0.166331692	TRUE	36.34464555	TRUE	0.002253988
Cal_Batch24_2928	726	0.000000251	8.54E-10	2.25E-09	TRUE	0.535188592	TRUE	0.512861933	TRUE	0.329606104	TRUE	0.073605406	TRUE	0.117583754	TRUE	25.21455224	TRUE	0.001785183
Cal_Batch10_354	684	0.000000249	8.46E-10	2.23E-09	TRUE	0.385585003	TRUE	0.49307913	TRUE	0.380279605	TRUE	0.100226132	TRUE	0.241498802	TRUE	17.2469546	TRUE	0.003265417
Cal_Batch9_5000	663	0.000000249	8.46E-10	2.23E-09	TRUE	0.488233626	TRUE	0.510858945	TRUE	0.38108174	TRUE	0.114706081	TRUE	0.223177025	TRUE	32.72133939	TRUE	0.003112775
Cal_Batch15_683	707	0.000000236	8.02E-10	2.11E-09	TRUE	0.517083121	TRUE	0.589555748	TRUE	0.384050902	TRUE	0.063628709	TRUE	0.091127353	TRUE	17.74552573	TRUE	0.001523288
Cal_Batch19_7741	657	0.000000236	8.00E-10	2.11E-09	TRUE	0.530368646	TRUE	0.62291391	TRUE	0.480811559	TRUE	0.060317682	TRUE	0.095000679	TRUE	17.42223671	TRUE	0.001304687
Cal_Batch2_7954	621	0.000000235	7.98E-10	2.10E-09	TRUE	0.594753137	TRUE	0.59317781	TRUE	0.432310688	TRUE	0.119949724	TRUE	0.235260527	TRUE	43.26352016	TRUE	0.00296326
Cal_Batch23_5383	792	0.000000233	7.91E-10	2.08E-09	TRUE	0.39637574	TRUE	0.329784822	TRUE	0.323526027	TRUE	0.048245751	TRUE	0.143569847	TRUE	20.98889383	TRUE	0.002034486
Cal_Batch6_4990	741	0.000000231	7.84E-10	2.07E-09	TRUE	0.499608837	TRUE	0.381591917	TRUE	0.459156498	TRUE	0.023886852	TRUE	0.110373281	TRUE	25.93419875	TRUE	0.001544036
Cal_Batch17_3508	585	0.000000214	7.27E-10	1.92E-09	TRUE	0.576757445	TRUE	0.64136856	TRUE	0.635622881	TRUE	0.064670551	TRUE	0.174206987	TRUE	19.69281046	TRUE	0.001935201
Cal_Batch2_283	607	0.000000213	7.24E-10	1.91E-09	TRUE	0.55364851	TRUE	0.616017687	TRUE	0.430635924	TRUE	0.160544856	TRUE	0.229681872	TRUE	32.11386139	TRUE	0.00311231
Cal_Batch20_2424	610	0.000000212	7.20E-10	1.90E-09	TRUE	0.460342302	TRUE	0.625041432	TRUE	0.50378315	TRUE	0.095282883	TRUE	0.196911967	TRUE	18.72073512	TRUE	0.002585662
Cal_Batch12_2677	760	0.000000205	6.98E-10	1.84E-09	TRUE	0.450342744	TRUE	0.532663845	TRUE	0.323986197	TRUE	0.075827299	TRUE	0.096507127	TRUE	15.28666406	TRUE	0.001648356
Cal_Batch16_134	655	0.000000201	6.84E-10	1.80E-09	TRUE	0.515320053	TRUE	0.569706815	TRUE	0.494346052	TRUE	0.127876695	TRUE	0.234693101	TRUE	29.69791667	TRUE	0.002948369
Cal_Batch23_2193	713	0.0000002	6.79E-10	1.79E-09	TRUE	0.617932309	TRUE	0.607275806	TRUE	0.523545401	TRUE	0.036252112	TRUE	0.062241065	TRUE	32.81384248	TRUE	0.001109095
Cal_Batch8_2642	605	0.000000197	6.71E-10	1.77E-09	TRUE	0.605707653	TRUE	0.643265632	TRUE	0.500643789	TRUE	0.133124294	TRUE	0.192822283	TRUE	38.21273517	TRUE	0.002805705
Cal_Batch11_3679	657	0.000000195	6.64E-10	1.75E-09	TRUE	0.548974512	TRUE	0.594315322	TRUE	0.410403052	TRUE	0.141016859	TRUE	0.208246394	TRUE	34.10348749	TRUE	0.002949527
Cal_Batch5_2360	697	0.000000195	6.61E-10	1.74E-09	TRUE	0.48664657	TRUE	0.492981134	TRUE	0.439327693	TRUE	0.048792592	TRUE	0.077040936	TRUE	21.74714104	TRUE	0.001456019
Cal_Batch8_8721	626	0.000000193	6.55E-10	1.73E-09	TRUE	0.639840284	TRUE	0.54474187	TRUE	0.471759973	TRUE	0.119748782	TRUE	0.206545096	TRUE	65.8655914	TRUE	0.002974819
Cal_Batch20_8336	791	0.000000191	6.49E-10	1.71E-09	TRUE	0.457295374	TRUE	0.332901663	TRUE	0.342383387	TRUE	0.031884464	TRUE	0.129439172	TRUE	30.59492848	TRUE	0.001706181
Cal_Batch9_9170	740	0.000000186	6.31E-10	1.66E-09	TRUE	0.484952262	TRUE	0.519145283	TRUE	0.42557877	TRUE	0.055132008	TRUE	0.147252215	TRUE	21.32478098	TRUE	0.00152673
Cal_Batch3_2910	617	0.000000181	6.16E-10	1.62E-09	TRUE	0.550287568	TRUE	0.589665928	TRUE	0.519628443	TRUE	0.097644169	TRUE	0.225106938	TRUE	28.63111111	TRUE	0.002845252
Cal_Batch5_129	789	0.000000176	5.98E-10	1.58E-09	TRUE	0.517743948	TRUE	0.522551765	TRUE	0.37098414	TRUE	0.075612665	TRUE	0.115899733	TRUE	23.05272727	TRUE	0.001604405
Cal_Batch12_9821	701	0.000000174	5.91E-10	1.56E-09	TRUE	0.577453431	TRUE	0.536942617	TRUE	0.448333573	TRUE	0.043278854	TRUE	0.119731915	TRUE	33.12572534	TRUE	0.00145961
Cal_Batch18_7341	620	0.000000171	5.80E-10	1.53E-09	TRUE	0.513690865	TRUE	0.549849792	TRUE	0.491645975	TRUE	0.053544037	TRUE	0.141029255	TRUE	27.05661157	TRUE	0.002448795
Cal_Batch17_1716	785	0.000000169	5.72E-10	1.51E-09	TRUE	0.502539834	TRUE	0.393209006	TRUE	0.318725626	TRUE	0.094486971	TRUE	0.130605494	TRUE	32.82851131	TRUE	0.001961071
Cal_Batch5_8764	687	0.000000162	5.51E-10	1.45E-09	TRUE	0.498554635	TRUE	0.535514134	TRUE	0.358046654	TRUE	0.093782519	TRUE	0.12311507	TRUE	19.62601156	TRUE	0.001709921
Cal_Batch10_4640	727	0.000000159	5.42E-10	1.43E-09	TRUE	0.414477938	TRUE	0.435066114	TRUE	0.307146043	TRUE	0.061723295	TRUE	0.125445966	TRUE	17.46646906	TRUE	0.001746692
Cal_Batch20_9980	669	0.000000155	5.25E-10	1.38E-09	TRUE	0.629842312	TRUE	0.462262022	TRUE	0.498516388	TRUE	0.020194418	TRUE	0.055795211	TRUE	38.18302095	TRUE	0.001109925
Cal_Batch24_3101	697	0.000000151	5.14E-10	1.35E-09	TRUE	0.61814801	TRUE	0.399522709	TRUE	0.553433577	TRUE	0.050862829	TRUE	0.119383158	TRUE	62.95727273	TRUE	0.00151779
Cal_Batch16_9582	782	0.000000144	4.91E-10	1.29E-09	TRUE	0.442756588	TRUE	0.458565872	TRUE	0.404713133	TRUE	0.03306219	TRUE	0.094577577	TRUE	16.23385626	TRUE	0.001518878
Cal_Batch23_4778	623	0.000000144	4.90E-10	1.29E-09	TRUE	0.457803907	TRUE	0.517448282	TRUE	0.365383958	TRUE	0.106560699	TRUE	0.224745034	TRUE	23.84755109	TRUE	0.003148423
Cal_Batch20_3240	735	0.00000014	4.76E-10	1.25E-09	TRUE	0.384007724	TRUE	0.414108702	TRUE	0.320022029	TRUE	0.054143567	TRUE	0.086280408	TRUE	17.98842511	TRUE	0.001763351
Cal_Batch26_5850	704	0.000000137	4.67E-10	1.23E-09	TRUE	0.571520411	TRUE	0.594305807	TRUE	0.509875134	TRUE	0.061914345	TRUE	0.098420163	TRUE	24.37621832	TRUE	0.00138817
Cal_Batch24_9354	643	0.000000135	4.60E-10	1.21E-09	TRUE	0.546784729	TRUE	0.641147042	TRUE	0.574187853	TRUE	0.08790171	TRUE	0.228050309	TRUE	19.70532915	TRUE	0.0024509
Cal_Batch15_5343	606	0.000000132	4.50E-10	1.19E-09	TRUE	0.504809665	TRUE	0.55404577	TRUE	0.514296867	TRUE	0.06858438	TRUE	0.110234221	TRUE	27.15139879	TRUE	0.002494645
Cal_Batch11_286	755	0.000000132	4.48E-10	1.18E-09	TRUE	0.413938754	TRUE	0.430901949	TRUE	0.422132391	TRUE	0.041257365	TRUE	0.102055672	TRUE	17.73696571	TRUE	0.001533493
Cal_Batch12_5839	685	0.00000013	4.43E-10	1.17E-09	TRUE	0.526835931	TRUE	0.548362934	TRUE	0.490182335	TRUE	0.04999653	TRUE	0.122900196	TRUE	21.05065123	TRUE	0.001364033
Cal_Batch12_8985	711	0.00000013	4.40E-10	1.16E-09	TRUE	0.582313326	TRUE	0.489318349	TRUE	0.467135456	TRUE	0.088411001	TRUE	0.122484003	TRUE	33.53582001	TRUE	0.001676644
Cal_Batch24_6249	727	0.000000129	4.38E-10	1.15E-09	TRUE	0.408901325	TRUE	0.335690457	TRUE	0.424870029	TRUE	0.069064531	TRUE	0.124337425	TRUE	21.09584259	TRUE	0.001850794
Cal_Batch12_439	651	0.000000129	4.37E-10	1.15E-09	TRUE	0.506397215	TRUE	0.47249282	TRUE	0.379750876	TRUE	0.119693413	TRUE	0.19057418	TRUE	38.10207424	TRUE	0.003288869
Cal_Batch28_3850	684	0.000000127	4.30E-10	1.13E-09	TRUE	0.413967887	TRUE	0.408724548	TRUE	0.302797879	TRUE	0.059224003	TRUE	0.127804385	TRUE	18.43472906	TRUE	0.00178118
Cal_Batch20_331	699	0.000000124	4.21E-10	1.11E-09	TRUE	0.493813313	TRUE	0.451465397	TRUE	0.475325217	TRUE	0.032362162	TRUE	0.051614981	TRUE	24.99957519	TRUE	0.001294214
Cal_Batch15_3134	597	0.000000121	4.12E-10	1.09E-09	TRUE	0.626293366	TRUE	0.579907589	TRUE	0.548458736	TRUE	0.092472321	TRUE	0.219167195	TRUE	40.45365854	TRUE	0.002588949
Cal_Batch21_5634	675	0.000000121	4.10E-10	1.08E-09	TRUE	0.395992644	TRUE	0.486595453	TRUE	0.428812603	TRUE	0.170712865	TRUE	0.192184947	TRUE	19.15501166	TRUE	0.003574861
Cal_Batch10_2456	719	0.000000117	3.98E-10	1.05E-09	TRUE	0.391101806	TRUE	0.336802184	TRUE	0.363340406	TRUE	0.04274502	TRUE	0.098371512	TRUE	20.64348647	TRUE	0.001697248
Cal_Batch13_9797	622	0.000000116	3.94E-10	1.04E-09	TRUE	0.575929226	TRUE	0.60362324	TRUE	0.547471311	TRUE	0.100581748	TRUE	0.227342328	TRUE	32.50115119	TRUE	0.002653935
Cal_Batch2_5030	720	0.000000113	3.85E-10	1.01E-09	TRUE	0.493496709	TRUE	0.447667272	TRUE	0.368543798	TRUE	0.026348454	TRUE	0.071031292	TRUE	26.73575874	TRUE	0.001475574
Cal_Batch12_4435	682	0.000000111	3.77E-10	9.93E-10	TRUE	0.520188131	TRUE	0.545220813	TRUE	0.496588091	TRUE	0.021709595	TRUE	0.072300622	TRUE	21.39173656	TRUE	0.001209956
Cal_Batch18_8873	723	0.000000107	3.64E-10	9.59E-10	TRUE	0.492828492	TRUE	0.545194894	TRUE	0.456276109	TRUE	0.036133248	TRUE	0.100201332	TRUE	19.36815006	TRUE	0.00126666
Cal_Batch18_6350	783	0.000000105	3.57E-10	9.40E-10	TRUE	0.510572139	TRUE	0.441644118	TRUE	0.467375953	TRUE	0.062901594	TRUE	0.138688197	TRUE	25.49585531	TRUE	0.001809972
Cal_Batch6_6873	685	0.000000103	3.50E-10	9.22E-10	TRUE	0.564606742	TRUE	0.490760097	TRUE	0.44527941	TRUE	0.023042702	TRUE	0.08251986	TRUE	33.38348416	TRUE	0.001321731
Cal_Batch17_5357	751	9.91E-08	3.37E-10	8.88E-10	TRUE	0.42247107	TRUE	0.463938417	TRUE	0.335907282	TRUE	0.065084836	TRUE	0.128303915	TRUE	16.46270242	TRUE	0.001658162
Cal_Batch4_6849	663	0.000000096	3.26E-10	8.59E-10	TRUE	0.640313316	TRUE	0.638276747	TRUE	0.440055794	TRUE	0.050855073	TRUE	0.091003269	TRUE	38.23664122	TRUE	0.00126396
Cal_Batch26_5311	624	9.55E-08	3.24E-10	8.54E-10	TRUE	0.568539326	TRUE	0.646554765	TRUE	0.517618938	TRUE	0.103617775	TRUE	0.172489352	TRUE	27.71854613	TRUE	0.002637239
Cal_Batch12_7433	658	9.43E-08	3.20E-10	8.43E-10	TRUE	0.600910035	TRUE	0.609713797	TRUE	0.576396491	TRUE	0.051236783	TRUE	0.114199653	TRUE	21.43340564	TRUE	0.001287611
Cal_Batch25_2473	884	9.33E-08	3.17E-10	8.35E-10	TRUE	0.388812886	TRUE	0.361210249	TRUE	0.325708175	TRUE	0.050387223	TRUE	0.096628625	TRUE	17.65057044	TRUE	0.001948959
Cal_Batch12_7919	735	9.33E-08	3.17E-10	8.35E-10	TRUE	0.588443161	TRUE	0.526228192	TRUE	0.56469793	TRUE	0.033862399	TRUE	0.123236015	TRUE	26.74325135	TRUE	0.001260251
Cal_Batch15_6492	693	9.22E-08	3.13E-10	8.25E-10	TRUE	0.503043114	TRUE	0.506127774	TRUE	0.518899034	TRUE	0.027216769	TRUE	0.11654353	TRUE	19.62358079	TRUE	0.001229025
Cal_Batch10_4294	709	8.96E-08	3.04E-10	8.01E-10	TRUE	0.424476812	TRUE	0.50493747	TRUE	0.419111349	TRUE	0.03976956	TRUE	0.109420196	TRUE	15.97385358	TRUE	0.001389092
Cal_Batch15_062	808	8.96E-08	3.04E-10	8.01E-10	TRUE	0.385906112	TRUE	0.374686419	TRUE	0.352619065	TRUE	0.058890961	TRUE	0.076486164	TRUE	16.0745614	TRUE	0.001815469
Cal_Batch9_9240	646	8.83E-08	3.00E-10	7.90E-10	TRUE	0.590687244	TRUE	0.632833424	TRUE	0.632677364	TRUE	0.04734016	TRUE	0.206911639	TRUE	22.57515823	TRUE	0.00212392
Cal_Batch6_4235	694	8.61E-08	2.93E-10	7.72E-10	TRUE	0.525011007	TRUE	0.543745596	TRUE	0.399602115	TRUE	0.050254236	TRUE	0.09049006	TRUE	22.625	TRUE	0.001433841
Cal_Batch25_7345	791	8.63E-08	2.93E-10	7.72E-10	TRUE	0.385942167	TRUE	0.402001346	TRUE	0.426250353	TRUE	0.039508637	TRUE	0.151266774	TRUE	15.00860872	TRUE	0.001850303
Cal_Batch21_7753	739	8.61E-08	2.92E-10	7.69E-10	TRUE	0.439293163	TRUE	0.355515896	TRUE	0.314878297	TRUE	0.069687722	TRUE	0.093816341	TRUE	24.25416242	TRUE	0.001835642
Cal_Batch10_6731	865	0.000000085	2.89E-10	7.61E-10	TRUE	0.455970476	TRUE	0.491532677	TRUE	0.384741433	TRUE	0.057637804	TRUE	0.122455902	TRUE	16.12947415	TRUE	0.001773071
Cal_Batch2_9630	783	8.29E-08	2.82E-10	7.43E-10	TRUE	0.422727389	TRUE	0.443359569	TRUE	0.320430207	TRUE	0.072664109	TRUE	0.098401446	TRUE	16.14972443	TRUE	0.001721008
Cal_Batch26_6557	663	0.000000083	2.82E-10	7.43E-10	TRUE	0.567180242	TRUE	0.528017528	TRUE	0.58095629	TRUE	0.056995196	TRUE	0.22835728	TRUE	26.30178326	TRUE	0.002547898
Cal_Batch11_6847	668	8.25E-08	2.80E-10	7.38E-10	TRUE	0.49438318	TRUE	0.575985334	TRUE	0.516083667	TRUE	0.020640468	TRUE	0.068177757	TRUE	18.24647303	TRUE	0.001085255
Cal_Batch23_7144	844	7.96E-08	2.70E-10	7.11E-10	TRUE	0.474281832	TRUE	0.392154081	TRUE	0.328260133	TRUE	0.077765862	TRUE	0.145267329	TRUE	24.78010471	TRUE	0.001990052
Cal_Batch21_9976	698	7.96E-08	2.70E-10	7.11E-10	TRUE	0.491317611	TRUE	0.379419783	TRUE	0.328250957	TRUE	0.020200469	TRUE	0.092696879	TRUE	40.69509595	TRUE	0.001525512
Cal_Batch9_7982	708	7.86E-08	2.67E-10	7.03E-10	TRUE	0.485841164	TRUE	0.572059991	TRUE	0.503067261	TRUE	0.048389545	TRUE	0.123675486	TRUE	15.18881119	TRUE	0.00134389
Cal_Batch7_8572	758	7.45E-08	2.53E-10	6.66E-10	TRUE	0.434477279	TRUE	0.388554704	TRUE	0.431281569	TRUE	0.027815221	TRUE	0.101375365	TRUE	17.66738661	TRUE	0.001569655
Cal_Batch23_4988	601	7.43E-08	2.52E-10	6.64E-10	TRUE	0.594966345	TRUE	0.614342984	TRUE	0.586394961	TRUE	0.046471074	TRUE	0.11497331	TRUE	23.61403509	TRUE	0.00197876
Cal_Batch7_8967	626	7.36E-08	2.50E-10	6.59E-10	TRUE	0.49838565	TRUE	0.588622657	TRUE	0.44849683	TRUE	0.127854486	TRUE	0.219026499	TRUE	25.80451128	TRUE	0.003082532
Cal_Batch24_7922	728	7.31E-08	2.48E-10	6.53E-10	TRUE	0.450584896	TRUE	0.407291462	TRUE	0.382411289	TRUE	0.069982862	TRUE	0.120020347	TRUE	23.88900415	TRUE	0.001732535
Cal_Batch5_8581	830	7.16E-08	2.43E-10	6.40E-10	TRUE	0.490057273	TRUE	0.419906562	TRUE	0.330762571	TRUE	0.056844261	TRUE	0.086905036	TRUE	29.08358337	TRUE	0.001658719
Cal_Batch18_4404	623	7.06E-08	2.40E-10	6.32E-10	TRUE	0.439374309	TRUE	0.471841674	TRUE	0.501683607	TRUE	0.086164126	TRUE	0.21432728	TRUE	18.43327032	TRUE	0.002897856
Cal_Batch14_9327	679	6.91E-08	2.35E-10	6.19E-10	TRUE	0.509581493	TRUE	0.611104341	TRUE	0.534820462	TRUE	0.078509834	TRUE	0.103410746	TRUE	17.96868885	TRUE	0.00153259
Cal_Batch18_8675	718	6.87E-08	2.33E-10	6.14E-10	TRUE	0.437329007	TRUE	0.44912031	TRUE	0.399741932	TRUE	0.071495673	TRUE	0.112079021	TRUE	18.21135405	TRUE	0.001786217
Cal_Batch25_3380	631	6.57E-08	2.23E-10	5.87E-10	TRUE	0.4126747	TRUE	0.555165663	TRUE	0.445579147	TRUE	0.125286134	TRUE	0.244909092	TRUE	17.08403361	TRUE	0.003112784
Cal_Batch16_574	701	6.44E-08	2.19E-10	5.77E-10	TRUE	0.488830304	TRUE	0.446530757	TRUE	0.43775987	TRUE	0.017789714	TRUE	0.102640321	TRUE	24.18070614	TRUE	0.001333123
Cal_Batch20_3121	634	6.34E-08	2.15E-10	5.66E-10	TRUE	0.437954275	TRUE	0.537280362	TRUE	0.362900455	TRUE	0.143952932	TRUE	0.236818515	TRUE	23.27533157	TRUE	0.003316043
Cal_Batch27_1444	700	6.34E-08	2.15E-10	5.66E-10	TRUE	0.512590339	TRUE	0.541083212	TRUE	0.510250977	TRUE	0.028345863	TRUE	0.08644673	TRUE	18.8951242	TRUE	0.001150667
Cal_Batch11_2882	692	6.26E-08	2.13E-10	5.61E-10	TRUE	0.530200087	TRUE	0.563432159	TRUE	0.43619766	TRUE	0.090815649	TRUE	0.124166992	TRUE	22.9826546	TRUE	0.00160402
Cal_Batch20_1102	694	6.12E-08	2.08E-10	5.48E-10	TRUE	0.494997508	TRUE	0.509073009	TRUE	0.304990899	TRUE	0.071972854	TRUE	0.128432712	TRUE	20.32513915	TRUE	0.001568841
Cal_Batch24_6078	745	6.08E-08	2.07E-10	5.45E-10	TRUE	0.389454795	TRUE	0.409692205	TRUE	0.332866801	TRUE	0.093750993	TRUE	0.131368596	TRUE	15.88471338	TRUE	0.002040844
Cal_Batch15_4254	680	0.00000006	2.04E-10	5.37E-10	TRUE	0.471011955	TRUE	0.568433511	TRUE	0.393639169	TRUE	0.049981236	TRUE	0.103096927	TRUE	15.98516051	TRUE	0.001473941
Cal_Batch22_9253	635	0.00000006	2.04E-10	5.37E-10	TRUE	0.638180818	TRUE	0.531966031	TRUE	0.337439131	TRUE	0.066358015	TRUE	0.117840813	TRUE	55.98331479	TRUE	0.001376446
Cal_Batch9_336	818	5.97E-08	2.03E-10	5.35E-10	TRUE	0.530756442	TRUE	0.427714327	TRUE	0.452460439	TRUE	0.015010612	TRUE	0.053961785	TRUE	21.59914408	TRUE	0.001365839
Cal_Batch20_1745	683	5.72E-08	1.94E-10	5.11E-10	TRUE	0.583012532	TRUE	0.425332986	TRUE	0.336967327	TRUE	0.061520962	TRUE	0.0758236	TRUE	49.61216351	TRUE	0.001601822
Cal_Batch15_9699	690	5.53E-08	1.88E-10	4.95E-10	TRUE	0.608518765	TRUE	0.482625218	TRUE	0.410690006	TRUE	0.035266011	TRUE	0.071151948	TRUE	50.70623742	TRUE	0.001387264
Cal_Batch26_5923	595	5.49E-08	1.86E-10	4.90E-10	TRUE	0.601624143	TRUE	0.614653747	TRUE	0.60073774	TRUE	0.065670878	TRUE	0.164095534	TRUE	29.65541006	TRUE	0.002143595
Cal_Batch7_8568	695	5.45E-08	1.85E-10	4.87E-10	TRUE	0.577865102	TRUE	0.581533377	TRUE	0.532750343	TRUE	0.077266899	TRUE	0.100540517	TRUE	20.83833116	TRUE	0.001496448
Cal_Batch28_3125	657	0.000000054	1.84E-10	4.85E-10	TRUE	0.455211002	TRUE	0.583177482	TRUE	0.463828401	TRUE	0.052139367	TRUE	0.080804852	TRUE	15.4703657	TRUE	0.001368373
Cal_Batch13_1522	654	5.42E-08	1.84E-10	4.85E-10	TRUE	0.62454513	TRUE	0.568131732	TRUE	0.540899013	TRUE	0.077378118	TRUE	0.104396811	TRUE	37.83521249	TRUE	0.001498427
Cal_Batch15_4350	747	5.26E-08	1.79E-10	4.72E-10	TRUE	0.438119547	TRUE	0.55306441	TRUE	0.335710076	TRUE	0.083984676	TRUE	0.113924553	TRUE	15.39415538	TRUE	0.001611226
Cal_Batch17_7791	720	5.24E-08	1.78E-10	4.69E-10	TRUE	0.544106645	TRUE	0.435177182	TRUE	0.454675738	TRUE	0.076940137	TRUE	0.134499502	TRUE	31.75697865	TRUE	0.001736464
Cal_Batch23_4702	716	5.18E-08	1.76E-10	4.64E-10	TRUE	0.579228035	TRUE	0.572138906	TRUE	0.397637319	TRUE	0.055746045	TRUE	0.110841565	TRUE	33.33866995	TRUE	0.001423542
Cal_Batch22_5930	662	5.19E-08	1.76E-10	4.64E-10	TRUE	0.628495197	TRUE	0.527661755	TRUE	0.553044493	TRUE	0.049740913	TRUE	0.101509284	TRUE	35.44865925	TRUE	0.001292383
Cal_Batch8_9311	768	5.19E-08	1.76E-10	4.64E-10	TRUE	0.542122591	TRUE	0.424495659	TRUE	0.30330207	TRUE	0.050360626	TRUE	0.096837978	TRUE	32.82847141	TRUE	0.001668248
Cal_Batch17_9584	688	5.05E-08	1.72E-10	4.53E-10	TRUE	0.490328361	TRUE	0.524336283	TRUE	0.466297249	TRUE	0.029057635	TRUE	0.107578629	TRUE	18.29404269	TRUE	0.001327227
Cal_Batch23_2668	839	5.02E-08	1.71E-10	4.50E-10	TRUE	0.455255885	TRUE	0.334753827	TRUE	0.300354336	TRUE	0.047663165	TRUE	0.094863861	TRUE	28.52284844	TRUE	0.001841102
Cal_Batch16_1512	688	4.92E-08	1.67E-10	4.40E-10	TRUE	0.587804878	TRUE	0.607804347	TRUE	0.426730502	TRUE	0.063854587	TRUE	0.108268129	TRUE	24.1345912	TRUE	0.001452285
Cal_Batch20_862	653	4.89E-08	1.66E-10	4.37E-10	TRUE	0.566909852	TRUE	0.505577613	TRUE	0.330778635	TRUE	0.045757989	TRUE	0.076047354	TRUE	33.36117936	TRUE	0.001407964
Cal_Batch6_2140	677	4.88E-08	1.66E-10	4.37E-10	TRUE	0.528477048	TRUE	0.470781495	TRUE	0.435664423	TRUE	0.042516378	TRUE	0.052160235	TRUE	28.39396019	TRUE	0.001416
Cal_Batch28_380	719	4.85E-08	1.65E-10	4.35E-10	TRUE	0.520606532	TRUE	0.475785489	TRUE	0.372554033	TRUE	0.085167739	TRUE	0.11274324	TRUE	29.06012212	TRUE	0.00172621
Cal_Batch23_8512	719	4.86E-08	1.65E-10	4.35E-10	TRUE	0.47444524	TRUE	0.408996662	TRUE	0.42152212	TRUE	0.02807524	TRUE	0.075311422	TRUE	24.87827957	TRUE	0.001413953
Cal_Batch27_619	859	4.84E-08	1.64E-10	4.32E-10	TRUE	0.538461538	TRUE	0.351648561	TRUE	0.323609915	TRUE	0.102783471	TRUE	0.117365422	TRUE	38.69949495	TRUE	0.002120554
Cal_Batch1_3767	608	0.000000046	1.56E-10	4.11E-10	TRUE	0.423567357	TRUE	0.535990781	TRUE	0.492899375	TRUE	0.093197712	TRUE	0.128752617	TRUE	21.57951482	TRUE	0.002880144
Cal_Batch9_1831	762	4.55E-08	1.55E-10	4.08E-10	TRUE	0.454086329	TRUE	0.444342245	TRUE	0.382421271	TRUE	0.089675057	TRUE	0.107218876	TRUE	20.9013683	TRUE	0.001832546
Cal_Batch20_3018	694	4.42E-08	1.50E-10	3.95E-10	TRUE	0.508923295	TRUE	0.422428564	TRUE	0.47495138	TRUE	0.037750974	TRUE	0.091924722	TRUE	24.25874325	TRUE	0.001460634
Cal_Batch19_5292	675	4.43E-08	1.50E-10	3.95E-10	TRUE	0.522002791	TRUE	0.548512262	TRUE	0.516487147	TRUE	0.085600025	TRUE	0.125187929	TRUE	23.90727624	TRUE	0.002784243
Cal_Batch24_1971	856	4.36E-08	1.48E-10	3.90E-10	TRUE	0.501176075	TRUE	0.524793663	TRUE	0.375748475	TRUE	0.030147211	TRUE	0.076395226	TRUE	19.09774183	TRUE	0.0014782
Cal_Batch13_1967	807	4.27E-08	1.45E-10	3.82E-10	TRUE	0.43394775	TRUE	0.420690458	TRUE	0.300048867	TRUE	0.047342236	TRUE	0.121042463	TRUE	19.47213348	TRUE	0.001701485
Cal_Batch20_6316	813	4.27E-08	1.45E-10	3.82E-10	TRUE	0.441755066	TRUE	0.458598358	TRUE	0.428082735	TRUE	0.02154565	TRUE	0.052952371	TRUE	16.08903839	TRUE	0.001481973
Cal_Batch16_2806	674	0.000000042	1.43E-10	3.77E-10	TRUE	0.515477605	TRUE	0.575686906	TRUE	0.341806338	TRUE	0.197294947	TRUE	0.234978569	TRUE	25.46308725	TRUE	0.00371488
Cal_Batch19_4396	622	4.19E-08	1.42E-10	3.74E-10	TRUE	0.487218781	TRUE	0.605178279	TRUE	0.512505325	TRUE	0.105217896	TRUE	0.24917017	TRUE	16.73923258	TRUE	0.00279343
Cal_Batch2_4543	672	4.03E-08	1.37E-10	3.61E-10	TRUE	0.451152903	TRUE	0.560824985	TRUE	0.483835896	TRUE	0.030986156	TRUE	0.093329168	TRUE	16.19314151	TRUE	0.001252619
Cal_Batch13_1952	785	4.05E-08	1.37E-10	3.61E-10	TRUE	0.37729029	TRUE	0.361059189	TRUE	0.367896021	TRUE	0.032185709	TRUE	0.052027114	TRUE	16.55428287	TRUE	0.001714559
Cal_Batch16_8048	624	4.01E-08	1.36E-10	3.58E-10	TRUE	0.495970377	TRUE	0.496939272	TRUE	0.491231711	TRUE	0.082498399	TRUE	0.214297478	TRUE	25.60521173	TRUE	0.002925903
Cal_Batch10_3259	632	3.96E-08	1.35E-10	3.56E-10	TRUE	0.594965207	TRUE	0.493279146	TRUE	0.560375685	TRUE	0.105401311	TRUE	0.245979423	TRUE	47.32944069	TRUE	0.00314892
Cal_Batch9_4660	614	3.97E-08	1.35E-10	3.56E-10	TRUE	0.517172723	TRUE	0.583346002	TRUE	0.590534432	TRUE	0.108156844	TRUE	0.215367928	TRUE	19.1554559	TRUE	0.002580903
Cal_Batch7_3786	618	3.95E-08	1.34E-10	3.53E-10	TRUE	0.519457116	TRUE	0.5348556	TRUE	0.438225816	TRUE	0.100342369	TRUE	0.194262915	TRUE	33.99932341	TRUE	0.002921688
Cal_Batch17_8139	673	3.81E-08	1.30E-10	3.42E-10	TRUE	0.429083992	TRUE	0.530008576	TRUE	0.422650182	TRUE	0.152938425	TRUE	0.223055644	TRUE	18.56821459	TRUE	0.003390085
Cal_Batch17_2953	659	3.83E-08	1.30E-10	3.42E-10	TRUE	0.608150745	TRUE	0.491833092	TRUE	0.405956378	TRUE	0.049176558	TRUE	0.092188736	TRUE	56.21436227	TRUE	0.001347199
Cal_Batch18_3377	637	3.78E-08	1.29E-10	3.40E-10	TRUE	0.416117536	TRUE	0.494603157	TRUE	0.350199515	TRUE	0.158138974	TRUE	0.228885045	TRUE	21.59427881	TRUE	0.003507473
Cal_Batch26_3699	589	3.75E-08	1.27E-10	3.35E-10	TRUE	0.488464346	TRUE	0.619483383	TRUE	0.562430638	TRUE	0.081311631	TRUE	0.123143708	TRUE	15.05221037	TRUE	0.002215724
Cal_Batch23_3303	790	3.65E-08	1.24E-10	3.27E-10	TRUE	0.506957859	TRUE	0.479063315	TRUE	0.354774549	TRUE	0.078724306	TRUE	0.134344786	TRUE	24.21339713	TRUE	0.001659488
Cal_Batch28_4171	648	3.66E-08	1.24E-10	3.27E-10	TRUE	0.489283136	TRUE	0.511941969	TRUE	0.371138668	TRUE	0.112696787	TRUE	0.226379837	TRUE	31.13171057	TRUE	0.003121322
Cal_Batch14_8466	629	3.58E-08	1.22E-10	3.21E-10	TRUE	0.588496241	TRUE	0.619972521	TRUE	0.539512349	TRUE	0.068924211	TRUE	0.172013508	TRUE	34.42405063	TRUE	0.00237017
Cal_Batch7_5540	716	3.57E-08	1.21E-10	3.19E-10	TRUE	0.566561984	TRUE	0.535480016	TRUE	0.387889436	TRUE	0.043272463	TRUE	0.073423379	TRUE	27.83624595	TRUE	0.001383729
Cal_Batch25_9212	655	0.000000035	1.19E-10	3.13E-10	TRUE	0.547471236	TRUE	0.495392513	TRUE	0.433969676	TRUE	0.133552247	TRUE	0.204744642	TRUE	44.9049505	TRUE	0.003243607
Cal_Batch26_9265	845	3.52E-08	1.19E-10	3.13E-10	TRUE	0.481708355	TRUE	0.408322107	TRUE	0.311831952	TRUE	0.080571869	TRUE	0.107434442	TRUE	25.50127747	TRUE	0.001894433
Cal_Batch5_219	621	3.47E-08	1.18E-10	3.11E-10	TRUE	0.454456284	TRUE	0.531417336	TRUE	0.481689299	TRUE	0.132641062	TRUE	0.199004255	TRUE	23.47833066	TRUE	0.003252814
Cal_Batch4_2365	692	3.41E-08	1.16E-10	3.06E-10	TRUE	0.536821369	TRUE	0.598115154	TRUE	0.438940991	TRUE	0.048359508	TRUE	0.070020197	TRUE	19.7210932	TRUE	0.001255548
Cal_Batch24_2407	818	3.42E-08	1.16E-10	3.06E-10	TRUE	0.400987954	TRUE	0.407266491	TRUE	0.34091716	TRUE	0.04255461	TRUE	0.125590621	TRUE	16.79902643	TRUE	0.001684961
Cal_Batch8_632	735	3.43E-08	1.16E-10	3.06E-10	TRUE	0.433765432	TRUE	0.370153549	TRUE	0.436291401	TRUE	0.043679545	TRUE	0.10528607	TRUE	19.41737523	TRUE	0.001603672
Cal_Batch26_6850	733	3.37E-08	1.15E-10	3.03E-10	TRUE	0.488044918	TRUE	0.494405967	TRUE	0.352780223	TRUE	0.087761798	TRUE	0.111263434	TRUE	20.48632219	TRUE	0.001933112
Cal_Batch17_1870	666	3.29E-08	1.12E-10	2.95E-10	TRUE	0.53041174	TRUE	0.633534451	TRUE	0.525035233	TRUE	0.03585959	TRUE	0.066567305	TRUE	16.23169268	TRUE	0.001122785
Cal_Batch9_9693	723	3.14E-08	1.07E-10	2.82E-10	TRUE	0.592164138	TRUE	0.432321271	TRUE	0.330908807	TRUE	0.018651664	TRUE	0.077818935	TRUE	57.86994028	TRUE	0.001312666
Cal_Batch6_3298	781	3.16E-08	1.07E-10	2.82E-10	TRUE	0.468375879	TRUE	0.483464605	TRUE	0.425453052	TRUE	0.025796188	TRUE	0.073975317	TRUE	17.16999556	TRUE	0.001414878
Cal_Batch23_1758	699	3.13E-08	1.06E-10	2.79E-10	TRUE	0.522901906	TRUE	0.586544834	TRUE	0.455307748	TRUE	0.052088793	TRUE	0.077919307	TRUE	19.46434991	TRUE	0.001349925
Cal_Batch18_7729	712	3.05E-08	1.04E-10	2.74E-10	TRUE	0.482623781	TRUE	0.354511259	TRUE	0.45202748	TRUE	0.038402485	TRUE	0.13854006	TRUE	27.2526455	TRUE	0.001653603
Cal_Batch11_9315	815	2.93E-08	9.96E-11	2.62E-10	TRUE	0.413578742	TRUE	0.386626092	TRUE	0.349542351	TRUE	0.04140884	TRUE	0.100782628	TRUE	16.98714202	TRUE	0.001794862
Cal_Batch3_9283	634	2.84E-08	9.65E-11	2.54E-10	TRUE	0.631431205	TRUE	0.637498972	TRUE	0.605769391	TRUE	0.076243702	TRUE	0.09363337	TRUE	27.09634888	TRUE	0.001424119
Cal_Batch6_4063	710	2.84E-08	9.65E-11	2.54E-10	TRUE	0.533076923	TRUE	0.511821987	TRUE	0.445934751	TRUE	0.068498353	TRUE	0.136012225	TRUE	24.55545287	TRUE	0.001620515
Cal_Batch6_4002	691	2.82E-08	9.56E-11	2.52E-10	TRUE	0.477850284	TRUE	0.560409857	TRUE	0.418541536	TRUE	0.028088452	TRUE	0.055473774	TRUE	17.74936306	TRUE	0.001226564
Cal_Batch3_6392	710	2.81E-08	9.54E-11	2.51E-10	TRUE	0.50811828	TRUE	0.477654026	TRUE	0.386659714	TRUE	0.043279193	TRUE	0.086022592	TRUE	24.94493035	TRUE	0.001482771
Cal_Batch5_6723	631	2.77E-08	9.42E-11	2.48E-10	TRUE	0.573850065	TRUE	0.559233999	TRUE	0.385040835	TRUE	0.155785882	TRUE	0.210651129	TRUE	40.80669145	TRUE	0.0032582
Cal_Batch10_1355	723	2.75E-08	9.34E-11	2.46E-10	TRUE	0.494600184	TRUE	0.428511595	TRUE	0.408849673	TRUE	0.029906613	TRUE	0.123178193	TRUE	23.6473029	TRUE	0.001516249
Cal_Batch10_9121	641	2.74E-08	9.32E-11	2.46E-10	TRUE	0.594359092	TRUE	0.617611356	TRUE	0.529106965	TRUE	0.10298179	TRUE	0.192519771	TRUE	37.04495413	TRUE	0.002768682
Cal_Batch10_9969	832	2.69E-08	9.13E-11	2.41E-10	TRUE	0.563533874	TRUE	0.344509845	TRUE	0.50674239	TRUE	0.052344834	TRUE	0.100722722	TRUE	36.82054534	TRUE	0.00159011
Cal_Batch6_8423	679	2.61E-08	8.88E-11	2.34E-10	TRUE	0.554837304	TRUE	0.501258161	TRUE	0.463811533	TRUE	0.062712847	TRUE	0.116946253	TRUE	33.45206684	TRUE	0.001529931
Cal_Batch3_2774	757	2.54E-08	8.62E-11	2.27E-10	TRUE	0.439703333	TRUE	0.456510929	TRUE	0.436963552	TRUE	0.037183197	TRUE	0.120580913	TRUE	16.62680531	TRUE	0.001482036
Cal_Batch21_2332	683	2.45E-08	8.31E-11	2.19E-10	TRUE	0.51422035	TRUE	0.455157393	TRUE	0.406106912	TRUE	0.042388462	TRUE	0.094205154	TRUE	30.613723	TRUE	0.001400412
Cal_Batch25_7740	626	2.44E-08	8.30E-11	2.19E-10	TRUE	0.581738407	TRUE	0.542446881	TRUE	0.496034869	TRUE	0.077429474	TRUE	0.195578334	TRUE	41.20126927	TRUE	0.002712422
Cal_Batch13_6543	725	2.44E-08	8.29E-11	2.18E-10	TRUE	0.474087481	TRUE	0.436526206	TRUE	0.486988536	TRUE	0.049143465	TRUE	0.084538421	TRUE	19.22807018	TRUE	0.001391056
Cal_Batch6_9818	690	2.42E-08	8.21E-11	2.16E-10	TRUE	0.555890129	TRUE	0.370531656	TRUE	0.429683738	TRUE	0.0504866	TRUE	0.097378439	TRUE	46.09708738	TRUE	0.001571379
Cal_Batch23_3915	753	0.000000024	8.17E-11	2.15E-10	TRUE	0.510797965	TRUE	0.454597342	TRUE	0.400372071	TRUE	0.021865292	TRUE	0.052391627	TRUE	26.15182186	TRUE	0.001410848
Cal_Batch20_1678	666	2.33E-08	7.90E-11	2.08E-10	TRUE	0.592267662	TRUE	0.647566024	TRUE	0.567628781	TRUE	0.04283209	TRUE	0.102714551	TRUE	21.31565074	TRUE	0.001112493
Cal_Batch20_1335	702	0.000000023	7.81E-11	2.06E-10	TRUE	0.505216191	TRUE	0.419194699	TRUE	0.415514955	TRUE	0.051891314	TRUE	0.08688817	TRUE	31.95093458	TRUE	0.00149802
Cal_Batch25_8211	802	2.03E-08	6.89E-11	1.82E-10	TRUE	0.607556206	TRUE	0.479153018	TRUE	0.308350242	TRUE	0.072255678	TRUE	0.099654702	TRUE	47.9042496	TRUE	0.001524633
Cal_Batch13_2091	689	2.02E-08	6.85E-11	1.80E-10	TRUE	0.560793946	TRUE	0.525923232	TRUE	0.505691095	TRUE	0.024194068	TRUE	0.052114623	TRUE	22.97175682	TRUE	0.001162233
Cal_Batch7_7300	673	2.02E-08	6.85E-11	1.80E-10	TRUE	0.516595255	TRUE	0.520920355	TRUE	0.524559705	TRUE	0.143969712	TRUE	0.195194197	TRUE	29.01150307	TRUE	0.003039731
Cal_Batch7_1198	713	1.91E-08	6.49E-11	1.71E-10	TRUE	0.542313906	TRUE	0.61241827	TRUE	0.490156231	TRUE	0.059899055	TRUE	0.075925386	TRUE	18.95007489	TRUE	0.001341932
Cal_Batch23_7230	701	1.89E-08	6.42E-11	1.69E-10	TRUE	0.43537859	TRUE	0.423050142	TRUE	0.440534225	TRUE	0.028435308	TRUE	0.138558976	TRUE	17.66771357	TRUE	0.001516033
Cal_Batch12_7840	685	1.88E-08	6.37E-11	1.68E-10	TRUE	0.503161698	TRUE	0.470819273	TRUE	0.302440122	TRUE	0.053291235	TRUE	0.115518091	TRUE	24.63935484	TRUE	0.001593793
Cal_Batch18_1648	654	1.84E-08	6.23E-11	1.64E-10	TRUE	0.393457205	TRUE	0.527165276	TRUE	0.441358718	TRUE	0.16449988	TRUE	0.229152128	TRUE	15.74901652	TRUE	0.003392355
Cal_Batch22_1085	649	1.83E-08	6.21E-11	1.64E-10	TRUE	0.577926635	TRUE	0.568210128	TRUE	0.48323354	TRUE	0.099151255	TRUE	0.236932791	TRUE	40.91056284	TRUE	0.002968932
Cal_Batch7_1424	758	1.74E-08	5.92E-11	1.56E-10	TRUE	0.512534163	TRUE	0.412926778	TRUE	0.389793793	TRUE	0.059593502	TRUE	0.08982606	TRUE	32.8112564	TRUE	0.001603125
Cal_Batch21_9718	794	1.73E-08	5.89E-11	1.55E-10	TRUE	0.433356393	TRUE	0.40741424	TRUE	0.367069752	TRUE	0.04988068	TRUE	0.088361694	TRUE	17.36736111	TRUE	0.001736463
Cal_Batch12_3619	729	1.73E-08	5.88E-11	1.55E-10	TRUE	0.606945994	TRUE	0.600063038	TRUE	0.575339133	TRUE	0.045836852	TRUE	0.138128088	TRUE	21.45049505	TRUE	0.001286114
Cal_Batch25_8326	719	1.72E-08	5.84E-11	1.54E-10	TRUE	0.451158051	TRUE	0.453892266	TRUE	0.428892382	TRUE	0.012245441	TRUE	0.056064019	TRUE	16.60472074	TRUE	0.001180334
Cal_Batch23_3839	594	0.000000017	5.78E-11	1.52E-10	TRUE	0.581991325	TRUE	0.646835429	TRUE	0.621828664	TRUE	0.069863356	TRUE	0.244279903	TRUE	20.22388956	TRUE	0.002238915
Cal_Batch24_7680	691	0.000000017	5.78E-11	1.52E-10	TRUE	0.542263372	TRUE	0.477666178	TRUE	0.516257177	TRUE	0.027783516	TRUE	0.068990401	TRUE	21.17894737	TRUE	0.001137092
Cal_Batch11_6828	730	1.69E-08	5.74E-11	1.51E-10	TRUE	0.527649081	TRUE	0.512496443	TRUE	0.329323945	TRUE	0.053710119	TRUE	0.116958861	TRUE	24.14423077	TRUE	0.001447887
Cal_Batch7_3258	612	1.67E-08	5.67E-11	1.49E-10	TRUE	0.56603862	TRUE	0.62795756	TRUE	0.535978699	TRUE	0.106787237	TRUE	0.142040689	TRUE	35.32638106	TRUE	0.002620473
Cal_Batch13_654	678	1.65E-08	5.59E-11	1.47E-10	TRUE	0.649342682	TRUE	0.441778927	TRUE	0.519029962	TRUE	0.0432008	TRUE	0.07357074	TRUE	56.2	TRUE	0.001309818
Cal_Batch3_9831	660	1.62E-08	5.51E-11	1.45E-10	TRUE	0.560762101	TRUE	0.554375665	TRUE	0.571773922	TRUE	0.046051292	TRUE	0.195860791	TRUE	23.55569307	TRUE	0.002387774
Cal_Batch10_5182	683	1.62E-08	5.50E-11	1.45E-10	TRUE	0.527306039	TRUE	0.409906342	TRUE	0.542196105	TRUE	0.074135258	TRUE	0.128300095	TRUE	22.70613288	TRUE	0.001601302
Cal_Batch9_6229	693	1.62E-08	5.50E-11	1.45E-10	TRUE	0.593851852	TRUE	0.488529385	TRUE	0.345960155	TRUE	0.062055348	TRUE	0.101240762	TRUE	42.63636364	TRUE	0.001502185
Cal_Batch22_4843	608	1.58E-08	5.38E-11	1.42E-10	TRUE	0.454192826	TRUE	0.581413111	TRUE	0.44929174	TRUE	0.113146845	TRUE	0.21423299	TRUE	21.86816874	TRUE	0.0029439
Cal_Batch26_5279	771	1.56E-08	5.32E-11	1.40E-10	TRUE	0.489675399	TRUE	0.550195962	TRUE	0.380600743	TRUE	0.052985593	TRUE	0.07292184	TRUE	17.46348449	TRUE	0.00147326
Cal_Batch5_9017	610	1.55E-08	5.25E-11	1.38E-10	TRUE	0.47668678	TRUE	0.627222192	TRUE	0.481192149	TRUE	0.13498584	TRUE	0.191252278	TRUE	18.73753666	TRUE	0.003028792
Cal_Batch3_1739	641	1.53E-08	5.19E-11	1.37E-10	TRUE	0.599577231	TRUE	0.607260801	TRUE	0.564652135	TRUE	0.035701531	TRUE	0.101044987	TRUE	21.74393828	TRUE	0.001120512
Cal_Batch1_8407	752	1.52E-08	5.15E-11	1.36E-10	TRUE	0.481539363	TRUE	0.460274011	TRUE	0.361352465	TRUE	0.045816531	TRUE	0.101187255	TRUE	21.92298578	TRUE	0.001561605
Cal_Batch5_6630	647	1.51E-08	5.12E-11	1.35E-10	TRUE	0.497496673	TRUE	0.596114995	TRUE	0.408044318	TRUE	0.146570105	TRUE	0.225787272	TRUE	23.46147979	TRUE	0.003279093
Cal_Batch6_4136	635	0.000000015	5.10E-11	1.34E-10	TRUE	0.448842574	TRUE	0.531828479	TRUE	0.446945522	TRUE	0.084920621	TRUE	0.185838583	TRUE	21.00691017	TRUE	0.00295877
Cal_Batch16_9289	698	1.42E-08	4.84E-11	1.28E-10	TRUE	0.477511219	TRUE	0.510161391	TRUE	0.412332587	TRUE	0.131289547	TRUE	0.188709327	TRUE	25.24798387	TRUE	0.00331574
Cal_Batch7_6941	623	1.37E-08	4.67E-11	1.23E-10	TRUE	0.459403974	TRUE	0.566890539	TRUE	0.503471401	TRUE	0.117516585	TRUE	0.221908962	TRUE	18.45186953	TRUE	0.003035776
Cal_Batch22_1993	707	1.37E-08	4.64E-11	1.22E-10	TRUE	0.556815985	TRUE	0.412087864	TRUE	0.448225904	TRUE	0.023746615	TRUE	0.07052246	TRUE	32.79501169	TRUE	0.001288152
Cal_Batch12_450	772	1.35E-08	4.58E-11	1.21E-10	TRUE	0.50095389	TRUE	0.497282703	TRUE	0.415776104	TRUE	0.051348148	TRUE	0.087427958	TRUE	23.23708422	TRUE	0.001459753
Cal_Batch6_6054	673	1.31E-08	4.45E-11	1.17E-10	TRUE	0.549215833	TRUE	0.560629389	TRUE	0.379422294	TRUE	0.04062538	TRUE	0.08629019	TRUE	29.88738128	TRUE	0.001247462
Cal_Batch23_6756	614	0.000000013	4.43E-11	1.17E-10	TRUE	0.471871564	TRUE	0.606671842	TRUE	0.546226242	TRUE	0.125726141	TRUE	0.160274355	TRUE	20.07619048	TRUE	0.002860762
Cal_Batch12_9257	745	1.29E-08	4.39E-11	1.16E-10	TRUE	0.532592001	TRUE	0.427727836	TRUE	0.401317153	TRUE	0.044639105	TRUE	0.087265889	TRUE	35.27083333	TRUE	0.001493339
Cal_Batch19_5688	696	1.28E-08	4.33E-11	1.14E-10	TRUE	0.598868015	TRUE	0.559052269	TRUE	0.489844586	TRUE	0.083881251	TRUE	0.157445054	TRUE	47.66788055	TRUE	0.00279981
Cal_Batch12_6260	691	1.26E-08	4.29E-11	1.13E-10	TRUE	0.498050408	TRUE	0.46348966	TRUE	0.421983668	TRUE	0.038347365	TRUE	0.077053024	TRUE	24.46176186	TRUE	0.001382227
Cal_Batch25_6621	677	0.000000012	4.07E-11	1.07E-10	TRUE	0.590879234	TRUE	0.465019274	TRUE	0.396386921	TRUE	0.055377314	TRUE	0.094034892	TRUE	41.14105505	TRUE	0.001535914
Cal_Batch12_6700	665	1.19E-08	4.05E-11	1.07E-10	TRUE	0.493731582	TRUE	0.570185117	TRUE	0.469087477	TRUE	0.060386289	TRUE	0.126786053	TRUE	18.97531607	TRUE	0.001405287
Cal_Batch22_7042	603	1.19E-08	4.03E-11	1.06E-10	TRUE	0.461026616	TRUE	0.648324635	TRUE	0.521860757	TRUE	0.126493521	TRUE	0.202266555	TRUE	15.81565657	TRUE	0.002814252
Cal_Batch26_3194	757	1.16E-08	3.95E-11	1.04E-10	TRUE	0.417517325	TRUE	0.407487071	TRUE	0.344457784	TRUE	0.043993084	TRUE	0.081492285	TRUE	19.68836565	TRUE	0.001604177
Cal_Batch17_6916	692	1.14E-08	3.86E-11	1.02E-10	TRUE	0.450869524	TRUE	0.527329891	TRUE	0.320757504	TRUE	0.077416945	TRUE	0.125921754	TRUE	18.27774583	TRUE	0.001572671
Cal_Batch25_2989	648	1.13E-08	3.85E-11	1.01E-10	TRUE	0.630065359	TRUE	0.592533875	TRUE	0.627908647	TRUE	0.033046861	TRUE	0.125401787	TRUE	27.24815206	TRUE	0.001096248
Cal_Batch15_4045	672	1.08E-08	3.66E-11	9.64E-11	TRUE	0.572065035	TRUE	0.483450358	TRUE	0.355494491	TRUE	0.059678286	TRUE	0.11853818	TRUE	35.88904594	TRUE	0.001499186
Cal_Batch19_8643	861	1.06E-08	3.62E-11	9.54E-11	TRUE	0.509001869	TRUE	0.372851574	TRUE	0.465048795	TRUE	0.046795557	TRUE	0.095806235	TRUE	28.1362862	TRUE	0.001630168
Cal_Batch7_6514	637	9.83E-09	3.34E-11	8.80E-11	TRUE	0.591204037	TRUE	0.612293768	TRUE	0.589903905	TRUE	0.090137241	TRUE	0.17004824	TRUE	24.84645669	TRUE	0.002454615
Cal_Batch18_4129	760	9.66E-09	3.28E-11	8.64E-11	TRUE	0.563530668	TRUE	0.359745515	TRUE	0.459279282	TRUE	0.016146509	TRUE	0.097117471	TRUE	33.47857143	TRUE	0.001468366
Cal_Batch15_6218	664	9.37E-09	3.18E-11	8.38E-11	TRUE	0.531665172	TRUE	0.531207742	TRUE	0.315063583	TRUE	0.060053922	TRUE	0.08661762	TRUE	24.78363726	TRUE	0.00144205
Cal_Batch1_236	690	8.75E-09	2.97E-11	7.82E-11	TRUE	0.535008066	TRUE	0.582466766	TRUE	0.352735181	TRUE	0.071857076	TRUE	0.091853699	TRUE	22.99105145	TRUE	0.001549234
Cal_Batch28_3311	695	8.48E-09	2.88E-11	7.59E-11	TRUE	0.601093158	TRUE	0.510221891	TRUE	0.391164771	TRUE	0.072754333	TRUE	0.086815203	TRUE	38.04487179	TRUE	0.00153557
Cal_Batch25_6375	606	8.44E-09	2.87E-11	7.56E-11	TRUE	0.548147598	TRUE	0.598107026	TRUE	0.542874472	TRUE	0.095011279	TRUE	0.174470378	TRUE	27.33780761	TRUE	0.002516852
Cal_Batch17_2738	782	8.23E-09	2.80E-11	7.38E-11	TRUE	0.488951288	TRUE	0.423807823	TRUE	0.300329583	TRUE	0.087414731	TRUE	0.126921658	TRUE	24.95755183	TRUE	0.001759456
Cal_Batch7_5073	842	8.24E-09	2.80E-11	7.38E-11	TRUE	0.525431337	TRUE	0.400871109	TRUE	0.451533998	TRUE	0.012835638	TRUE	0.094576934	TRUE	26.4402027	TRUE	0.001437566
Cal_Batch13_690	740	8.08E-09	2.75E-11	7.24E-11	TRUE	0.446074976	TRUE	0.492932225	TRUE	0.429102102	TRUE	0.097760308	TRUE	0.121570183	TRUE	15.53036126	TRUE	0.00184936
Cal_Batch7_4835	788	8.02E-09	2.73E-11	7.19E-11	TRUE	0.559288445	TRUE	0.568656507	TRUE	0.538018024	TRUE	0.053772363	TRUE	0.122093866	TRUE	19.49886621	TRUE	0.001317886
Cal_Batch17_4893	603	7.91E-09	2.69E-11	7.09E-11	TRUE	0.530024841	TRUE	0.592441506	TRUE	0.528972166	TRUE	0.053694444	TRUE	0.159536807	TRUE	25.62378168	TRUE	0.002358724
Cal_Batch26_3195	600	7.91E-09	2.69E-11	7.09E-11	TRUE	0.614632608	TRUE	0.621816002	TRUE	0.49961543	TRUE	0.070696393	TRUE	0.162963779	TRUE	49.66342518	TRUE	0.002456534
Cal_Batch11_7484	750	7.89E-09	2.68E-11	7.06E-11	TRUE	0.456404346	TRUE	0.423355397	TRUE	0.43895961	TRUE	0.008401749	TRUE	0.054617254	TRUE	16.71287129	TRUE	0.001164884
Cal_Batch26_4070	724	7.69E-09	2.61E-11	6.88E-11	TRUE	0.46791332	TRUE	0.448652196	TRUE	0.452120235	TRUE	0.063853857	TRUE	0.104073463	TRUE	19.15527638	TRUE	0.001511928
Cal_Batch25_6370	657	7.65E-09	2.60E-11	6.85E-11	TRUE	0.629545871	TRUE	0.535883882	TRUE	0.60843333	TRUE	0.059572554	TRUE	0.099800707	TRUE	27.36706056	TRUE	0.001329481
Cal_Batch17_5476	664	7.25E-09	2.46E-11	6.48E-11	TRUE	0.528264774	TRUE	0.612060671	TRUE	0.536827938	TRUE	0.037581229	TRUE	0.095858553	TRUE	17.81182519	TRUE	0.001109555
Cal_Batch16_9755	723	7.22E-09	2.45E-11	6.45E-11	TRUE	0.520720276	TRUE	0.498632724	TRUE	0.348782566	TRUE	0.086369451	TRUE	0.126392274	TRUE	24.00356506	TRUE	0.001714261
Cal_Batch6_2897	635	7.10E-09	2.41E-11	6.35E-11	TRUE	0.409309172	TRUE	0.503854634	TRUE	0.482023678	TRUE	0.09207418	TRUE	0.249837	TRUE	15.21629567	TRUE	0.003018746
Cal_Batch10_5532	635	6.93E-09	2.36E-11	6.22E-11	TRUE	0.462866436	TRUE	0.602163352	TRUE	0.557804875	TRUE	0.061434259	TRUE	0.166395073	TRUE	16.4160401	TRUE	0.002318686
Cal_Batch6_8282	823	6.84E-09	2.33E-11	6.14E-11	TRUE	0.359337551	TRUE	0.341967614	TRUE	0.368685596	TRUE	0.025654858	TRUE	0.11374344	TRUE	15.49221992	TRUE	0.001631085
Cal_Batch8_8395	696	6.77E-09	2.30E-11	6.06E-11	TRUE	0.536850447	TRUE	0.585789206	TRUE	0.52371207	TRUE	0.057730665	TRUE	0.082663408	TRUE	20.37916857	TRUE	0.001315753
Cal_Batch10_1430	732	6.56E-09	2.23E-11	5.87E-11	TRUE	0.535122287	TRUE	0.585451946	TRUE	0.527320336	TRUE	0.0653627	TRUE	0.091990015	TRUE	18.29251701	TRUE	0.001385481
Cal_Batch24_5665	641	6.43E-09	2.18E-11	5.74E-11	TRUE	0.485767824	TRUE	0.638047793	TRUE	0.47588685	TRUE	0.147605114	TRUE	0.194558648	TRUE	18.61636557	TRUE	0.003147841
Cal_Batch19_4861	691	6.25E-09	2.12E-11	5.58E-11	TRUE	0.469692994	TRUE	0.567852298	TRUE	0.485335102	TRUE	0.077983915	TRUE	0.093730948	TRUE	15.83604834	TRUE	0.001580653
Cal_Batch4_7086	632	6.20E-09	2.11E-11	5.56E-11	TRUE	0.463587041	TRUE	0.574799717	TRUE	0.479117799	TRUE	0.096497496	TRUE	0.20953577	TRUE	21.55431548	TRUE	0.002929713
Cal_Batch21_512	619	6.09E-09	2.07E-11	5.45E-11	TRUE	0.500238493	TRUE	0.623399909	TRUE	0.361255906	TRUE	0.151848468	TRUE	0.244028854	TRUE	23.49762131	TRUE	0.003162109
Cal_Batch14_4050	815	6.10E-09	2.07E-11	5.45E-11	TRUE	0.568637247	TRUE	0.557753569	TRUE	0.306055996	TRUE	0.067877955	TRUE	0.102168034	TRUE	22.7670227	TRUE	0.001584382
Cal_Batch21_8889	895	5.99E-09	2.03E-11	5.35E-11	TRUE	0.433732212	TRUE	0.420545926	TRUE	0.404595504	TRUE	0.037458855	TRUE	0.105086802	TRUE	17.20146597	TRUE	0.001626791
Cal_Batch23_9628	707	5.92E-09	2.01E-11	5.29E-11	TRUE	0.520249401	TRUE	0.48450186	TRUE	0.479148176	TRUE	0.010865881	TRUE	0.053348438	TRUE	20.51710894	TRUE	0.001068687
Cal_Batch10_1179	604	5.89E-09	2.00E-11	5.27E-11	TRUE	0.530764977	TRUE	0.613071173	TRUE	0.427549429	TRUE	0.110431825	TRUE	0.218863425	TRUE	28.32637655	TRUE	0.002939452
Cal_Batch17_4525	750	5.87E-09	1.99E-11	5.24E-11	TRUE	0.499171621	TRUE	0.406899204	TRUE	0.417573054	TRUE	0.028948979	TRUE	0.121326326	TRUE	25.36879018	TRUE	0.001439032
Cal_Batch19_1547	672	5.69E-09	1.93E-11	5.08E-11	TRUE	0.539390187	TRUE	0.520321903	TRUE	0.491887627	TRUE	0.089054376	TRUE	0.101085534	TRUE	22.61577965	TRUE	0.001626557
Cal_Batch14_4936	645	5.47E-09	1.86E-11	4.90E-11	TRUE	0.443094785	TRUE	0.605953849	TRUE	0.481725043	TRUE	0.101495498	TRUE	0.236046636	TRUE	17.05367561	TRUE	0.00284249
Cal_Batch9_6503	914	5.24E-09	1.78E-11	4.69E-11	TRUE	0.444563581	TRUE	0.4759588	TRUE	0.319710876	TRUE	0.059275018	TRUE	0.123855647	TRUE	16.90586292	TRUE	0.001622563
Cal_Batch6_1262	686	5.17E-09	1.76E-11	4.64E-11	TRUE	0.422917006	TRUE	0.624825769	TRUE	0.476114006	TRUE	0.109659694	TRUE	0.214955296	TRUE	15.55097087	TRUE	0.002790901
Cal_Batch24_4660	676	5.07E-09	1.72E-11	4.53E-11	TRUE	0.604927851	TRUE	0.577153423	TRUE	0.592629199	TRUE	0.023031046	TRUE	0.090798314	TRUE	21.9406326	TRUE	0.0010385
Cal_Batch14_6427	758	5.04E-09	1.71E-11	4.50E-11	TRUE	0.565169367	TRUE	0.483088078	TRUE	0.378604618	TRUE	0.079820617	TRUE	0.090176568	TRUE	31.88597149	TRUE	0.001703855
Cal_Batch6_6276	723	4.90E-09	1.67E-11	4.40E-11	TRUE	0.616772531	TRUE	0.38484818	TRUE	0.505798414	TRUE	0.031613232	TRUE	0.123706315	TRUE	45.84427141	TRUE	0.001455198
Cal_Batch26_1639	653	4.91E-09	1.67E-11	4.40E-11	TRUE	0.509991578	TRUE	0.64666571	TRUE	0.475029717	TRUE	0.126167339	TRUE	0.211832569	TRUE	19.3470696	TRUE	0.003010885
Cal_Batch4_1813	728	4.88E-09	1.66E-11	4.37E-11	TRUE	0.598451327	TRUE	0.42517672	TRUE	0.505789643	TRUE	0.027674569	TRUE	0.109389028	TRUE	60.58298172	TRUE	0.00130633
Cal_Batch16_1574	616	4.83E-09	1.64E-11	4.32E-11	TRUE	0.510177515	TRUE	0.582593861	TRUE	0.508894627	TRUE	0.117464773	TRUE	0.208760521	TRUE	27.94680851	TRUE	0.002931568
Cal_Batch18_4925	611	4.74E-09	1.61E-11	4.24E-11	TRUE	0.614409038	TRUE	0.614961326	TRUE	0.557890323	TRUE	0.073048246	TRUE	0.132304771	TRUE	37.4213555	TRUE	0.002315951
Cal_Batch6_4353	725	4.67E-09	1.59E-11	4.19E-11	TRUE	0.564069315	TRUE	0.501885088	TRUE	0.407453379	TRUE	0.057604173	TRUE	0.101207695	TRUE	31.34413247	TRUE	0.001490502
Cal_Batch4_9486	745	4.58E-09	1.56E-11	4.11E-11	TRUE	0.577816401	TRUE	0.382581202	TRUE	0.409945329	TRUE	0.049031633	TRUE	0.083836577	TRUE	35.67208413	TRUE	0.001683785
Cal_Batch19_3731	592	4.56E-09	1.55E-11	4.08E-11	TRUE	0.529818391	TRUE	0.607774699	TRUE	0.578665955	TRUE	0.09505927	TRUE	0.18676532	TRUE	18.08557902	TRUE	0.00249271
Cal_Batch25_2600	710	4.57E-09	1.55E-11	4.08E-11	TRUE	0.560460653	TRUE	0.531300594	TRUE	0.366436035	TRUE	0.063968361	TRUE	0.108613202	TRUE	28.47598253	TRUE	0.001439328
Cal_Batch19_5338	599	4.52E-09	1.54E-11	4.06E-11	TRUE	0.60258601	TRUE	0.62593633	TRUE	0.541402338	TRUE	0.082290764	TRUE	0.210223385	TRUE	38.7135024	TRUE	0.002525409
Cal_Batch15_3922	631	4.46E-09	1.52E-11	4.00E-11	TRUE	0.398155648	TRUE	0.562486103	TRUE	0.482839919	TRUE	0.137633057	TRUE	0.158560151	TRUE	15.57580284	TRUE	0.003317952
Cal_Batch4_7114	618	4.48E-09	1.52E-11	4.00E-11	TRUE	0.478317373	TRUE	0.521646226	TRUE	0.439236471	TRUE	0.092678165	TRUE	0.226624544	TRUE	28.84349259	TRUE	0.003049812
Cal_Batch14_747	710	4.45E-09	1.51E-11	3.98E-11	TRUE	0.552855827	TRUE	0.509424905	TRUE	0.480336608	TRUE	0.033619295	TRUE	0.084415179	TRUE	29.0316132	TRUE	0.001275209
Cal_Batch24_2812	662	4.44E-09	1.51E-11	3.98E-11	TRUE	0.601149161	TRUE	0.637561099	TRUE	0.516047243	TRUE	0.037574042	TRUE	0.087840549	TRUE	28.51170569	TRUE	0.001126269
Cal_Batch16_2921	723	4.36E-09	1.48E-11	3.90E-11	TRUE	0.472442892	TRUE	0.541482435	TRUE	0.303678615	TRUE	0.059863706	TRUE	0.107216537	TRUE	18.08227848	TRUE	0.00145813
Cal_Batch1_8514	699	4.31E-09	1.47E-11	3.87E-11	TRUE	0.4715733	TRUE	0.499812469	TRUE	0.430028715	TRUE	0.061375643	TRUE	0.111295474	TRUE	18.71898734	TRUE	0.001521087
Cal_Batch18_9591	639	4.33E-09	1.47E-11	3.87E-11	TRUE	0.479652839	TRUE	0.523267887	TRUE	0.381860346	TRUE	0.129923838	TRUE	0.217098498	TRUE	26.43101565	TRUE	0.003387429
Cal_Batch24_7834	782	4.33E-09	1.47E-11	3.87E-11	TRUE	0.463207287	TRUE	0.383250617	TRUE	0.381951667	TRUE	0.022859442	TRUE	0.046454301	TRUE	25.68023833	TRUE	0.001414554
Cal_Batch15_8941	667	4.25E-09	1.45E-11	3.82E-11	TRUE	0.377869617	TRUE	0.484293882	TRUE	0.367487442	TRUE	0.110552025	TRUE	0.238045302	TRUE	18.01305732	TRUE	0.003395082
Cal_Batch6_4029	758	4.27E-09	1.45E-11	3.82E-11	TRUE	0.491856891	TRUE	0.507647693	TRUE	0.407545912	TRUE	0.048677144	TRUE	0.101561569	TRUE	21.04272152	TRUE	0.001496535
Cal_Batch12_8830	716	4.24E-09	1.44E-11	3.79E-11	TRUE	0.535117207	TRUE	0.400244341	TRUE	0.397378438	TRUE	0.028378375	TRUE	0.046176593	TRUE	41.03091106	TRUE	0.001283899
Cal_Batch19_4158	646	4.19E-09	1.42E-11	3.74E-11	TRUE	0.614446139	TRUE	0.564027643	TRUE	0.579086466	TRUE	0.056589429	TRUE	0.213890251	TRUE	33.53795014	TRUE	0.002515756
Cal_Batch8_677	846	4.13E-09	1.40E-11	3.69E-11	TRUE	0.510516476	TRUE	0.525212744	TRUE	0.430869494	TRUE	0.040888155	TRUE	0.09531013	TRUE	20.12916862	TRUE	0.001420588
Cal_Batch22_6611	679	4.08E-09	1.39E-11	3.66E-11	TRUE	0.586351659	TRUE	0.554627517	TRUE	0.426341314	TRUE	0.077618258	TRUE	0.102199438	TRUE	30.62391304	TRUE	0.00150258
Cal_Batch17_8557	624	3.98E-09	1.35E-11	3.56E-11	TRUE	0.492055549	TRUE	0.543899073	TRUE	0.544621195	TRUE	0.054492658	TRUE	0.236349553	TRUE	18.6257485	TRUE	0.00264523
Cal_Batch23_1736	609	3.94E-09	1.34E-11	3.53E-11	TRUE	0.563078949	TRUE	0.568264992	TRUE	0.581326322	TRUE	0.106480812	TRUE	0.229164489	TRUE	26.21162528	TRUE	0.002824764
Cal_Batch19_8979	688	3.91E-09	1.33E-11	3.50E-11	TRUE	0.532371833	TRUE	0.414136547	TRUE	0.323385091	TRUE	0.072310319	TRUE	0.093478706	TRUE	31.78899522	TRUE	0.001674319
Cal_Batch2_7424	692	3.85E-09	1.31E-11	3.45E-11	TRUE	0.535242109	TRUE	0.432278404	TRUE	0.399026492	TRUE	0.019878662	TRUE	0.049469544	TRUE	36.12829438	TRUE	0.0012867
Cal_Batch24_8967	597	3.86E-09	1.31E-11	3.45E-11	TRUE	0.52636051	TRUE	0.598079006	TRUE	0.529899818	TRUE	0.116001443	TRUE	0.202400685	TRUE	24.98495146	TRUE	0.002913214
Cal_Batch26_8484	684	3.78E-09	1.28E-11	3.37E-11	TRUE	0.512922932	TRUE	0.482715939	TRUE	0.428546814	TRUE	0.046733309	TRUE	0.08095363	TRUE	23.91747967	TRUE	0.001395477
Cal_Batch11_3115	736	3.65E-09	1.24E-11	3.27E-11	TRUE	0.520072603	TRUE	0.411371092	TRUE	0.335725369	TRUE	0.063196363	TRUE	0.11011803	TRUE	34.86786402	TRUE	0.001690473
Cal_Batch14_7406	727	3.66E-09	1.24E-11	3.27E-11	TRUE	0.592781955	TRUE	0.497866177	TRUE	0.31305678	TRUE	0.041053971	TRUE	0.087893711	TRUE	37.6194626	TRUE	0.001367324
Cal_Batch2_2333	735	3.66E-09	1.24E-11	3.27E-11	TRUE	0.55577216	TRUE	0.531178668	TRUE	0.403636228	TRUE	0.059606109	TRUE	0.123657912	TRUE	29.83014706	TRUE	0.001407543
Cal_Batch9_8518	610	3.62E-09	1.23E-11	3.24E-11	TRUE	0.477742739	TRUE	0.633801395	TRUE	0.544366125	TRUE	0.102756434	TRUE	0.163268025	TRUE	16.47734499	TRUE	0.002713921
Cal_Batch15_673	757	3.45E-09	1.17E-11	3.08E-11	TRUE	0.484253562	TRUE	0.469250858	TRUE	0.311596458	TRUE	0.079406389	TRUE	0.118581782	TRUE	22.49778652	TRUE	0.001738583
Cal_Batch9_6562	651	3.37E-09	1.15E-11	3.03E-11	TRUE	0.626544376	TRUE	0.630564307	TRUE	0.454204656	TRUE	0.129327271	TRUE	0.234961791	TRUE	45.56282383	TRUE	0.002960584
Cal_Batch14_4283	618	3.38E-09	1.15E-11	3.03E-11	TRUE	0.404664557	TRUE	0.564142863	TRUE	0.423642651	TRUE	0.14145786	TRUE	0.230025257	TRUE	15.62128923	TRUE	0.003247719
Cal_Batch21_8955	636	3.37E-09	1.15E-11	3.03E-11	TRUE	0.483645903	TRUE	0.618220186	TRUE	0.557881603	TRUE	0.058338386	TRUE	0.171262658	TRUE	18.67688208	TRUE	0.002310619
Cal_Batch9_1661	670	3.38E-09	1.15E-11	3.03E-11	TRUE	0.481091534	TRUE	0.440814391	TRUE	0.493982076	TRUE	0.019352828	TRUE	0.061227646	TRUE	15.72006891	TRUE	0.001149139
Cal_Batch9_2271	769	3.40E-09	1.15E-11	3.03E-11	TRUE	0.589927154	TRUE	0.405277196	TRUE	0.552248569	TRUE	0.048830725	TRUE	0.113766401	TRUE	40.65799541	TRUE	0.001456248
Cal_Batch9_4216	746	3.33E-09	1.13E-11	2.98E-11	TRUE	0.558020367	TRUE	0.451813278	TRUE	0.462508193	TRUE	0.060133845	TRUE	0.114620407	TRUE	32.45281523	TRUE	0.001472331
Cal_Batch1_3363	766	3.33E-09	1.13E-11	2.98E-11	TRUE	0.400042797	TRUE	0.359607951	TRUE	0.411139704	TRUE	0.100168926	TRUE	0.138970805	TRUE	15.47493573	TRUE	0.002061431
Cal_Batch4_8579	622	3.31E-09	1.12E-11	2.95E-11	TRUE	0.618649169	TRUE	0.647765566	TRUE	0.607700774	TRUE	0.052868994	TRUE	0.101717197	TRUE	21.64727273	TRUE	0.001057694
Cal_Batch23_8808	659	3.25E-09	1.10E-11	2.90E-11	TRUE	0.489595111	TRUE	0.492537396	TRUE	0.362365843	TRUE	0.044653418	TRUE	0.070609952	TRUE	25.61252302	TRUE	0.001395088
Cal_Batch20_5047	795	3.21E-09	1.09E-11	2.87E-11	TRUE	0.46285131	TRUE	0.48924095	TRUE	0.406402661	TRUE	0.026781196	TRUE	0.063657356	TRUE	16.93020595	TRUE	0.001348609
Cal_Batch23_3214	724	3.18E-09	1.08E-11	2.85E-11	TRUE	0.401181065	TRUE	0.406703481	TRUE	0.438365182	TRUE	0.070272034	TRUE	0.134439245	TRUE	16.46467547	TRUE	0.001616468
Cal_Batch8_3181	653	3.08E-09	1.05E-11	2.77E-11	TRUE	0.618966198	TRUE	0.510729194	TRUE	0.487553102	TRUE	0.022903757	TRUE	0.045861617	TRUE	35.6933439	TRUE	0.00111289
Cal_Batch22_6844	741	3.07E-09	1.04E-11	2.74E-11	TRUE	0.620533087	TRUE	0.376116613	TRUE	0.339970261	TRUE	0.042935525	TRUE	0.087380028	TRUE	72.84989858	TRUE	0.001480903
Cal_Batch20_7126	716	2.93E-09	9.95E-12	2.62E-11	TRUE	0.486528963	TRUE	0.505383733	TRUE	0.414493094	TRUE	0.055706387	TRUE	0.095016536	TRUE	19.5856833	TRUE	0.001447159
Cal_Batch6_2762	725	2.91E-09	9.89E-12	2.61E-11	TRUE	0.570491803	TRUE	0.522587061	TRUE	0.44164578	TRUE	0.114383232	TRUE	0.219521869	TRUE	34.46311858	TRUE	0.003516761
Cal_Batch1_8856	731	2.89E-09	9.80E-12	2.58E-11	TRUE	0.508333069	TRUE	0.422996618	TRUE	0.337233382	TRUE	0.022742544	TRUE	0.077244848	TRUE	33.0310702	TRUE	0.001420401
Cal_Batch20_539	725	2.84E-09	9.66E-12	2.54E-11	TRUE	0.487962557	TRUE	0.594875081	TRUE	0.529613196	TRUE	0.177197956	TRUE	0.220759576	TRUE	18.92877193	TRUE	0.003454674
Cal_Batch18_1084	606	2.83E-09	9.63E-12	2.54E-11	TRUE	0.511343115	TRUE	0.649609031	TRUE	0.564743005	TRUE	0.152446971	TRUE	0.201372854	TRUE	20.15353261	TRUE	0.002984718
Cal_Batch10_6115	667	2.82E-09	9.59E-12	2.53E-11	TRUE	0.542215611	TRUE	0.558448954	TRUE	0.561952237	TRUE	0.063073703	TRUE	0.13320784	TRUE	15.68873603	TRUE	0.001352772
Cal_Batch25_6996	603	2.64E-09	8.98E-12	2.37E-11	TRUE	0.614903352	TRUE	0.636332278	TRUE	0.545466093	TRUE	0.08121866	TRUE	0.143543995	TRUE	44.59029345	TRUE	0.002417697
Cal_Batch9_4237	792	2.62E-09	8.91E-12	2.35E-11	TRUE	0.46542226	TRUE	0.407404084	TRUE	0.351525571	TRUE	0.024689451	TRUE	0.075309215	TRUE	23.56606218	TRUE	0.001456907
Cal_Batch24_5207	606	2.59E-09	8.80E-12	2.32E-11	TRUE	0.48579941	TRUE	0.623014933	TRUE	0.508257621	TRUE	0.065108837	TRUE	0.172069493	TRUE	21.5378712	TRUE	0.002532537
Cal_Batch25_6969	673	2.59E-09	8.80E-12	2.32E-11	TRUE	0.620585143	TRUE	0.597499881	TRUE	0.432089532	TRUE	0.056616512	TRUE	0.10924731	TRUE	30.98796992	TRUE	0.001272138
Cal_Batch26_7601	778	2.58E-09	8.76E-12	2.31E-11	TRUE	0.548270342	TRUE	0.383513276	TRUE	0.303197549	TRUE	0.065147867	TRUE	0.10368209	TRUE	49.55989805	TRUE	0.001591807
Cal_Batch10_3906	672	2.56E-09	8.68E-12	2.29E-11	TRUE	0.646930449	TRUE	0.378412301	TRUE	0.301249736	TRUE	0.050330892	TRUE	0.067326932	TRUE	87.32676709	TRUE	0.001433668
Cal_Batch14_6312	747	2.51E-09	8.52E-12	2.24E-11	TRUE	0.523074103	TRUE	0.558998409	TRUE	0.379760785	TRUE	0.043789998	TRUE	0.078057042	TRUE	20.94182825	TRUE	0.001371401
Cal_Batch8_8448	681	2.49E-09	8.46E-12	2.23E-11	TRUE	0.55533667	TRUE	0.522747569	TRUE	0.481178562	TRUE	0.055030425	TRUE	0.099287402	TRUE	25.0647789	TRUE	0.001362627
Cal_Batch14_7590	845	2.44E-09	8.29E-12	2.18E-11	TRUE	0.558307787	TRUE	0.486658848	TRUE	0.424923121	TRUE	0.028190365	TRUE	0.051120983	TRUE	22.49779412	TRUE	0.001413345
Cal_Batch19_9337	623	2.28E-09	7.75E-12	2.04E-11	TRUE	0.520078416	TRUE	0.569046016	TRUE	0.522889613	TRUE	0.101380593	TRUE	0.245257897	TRUE	28.27100681	TRUE	0.00296258
Cal_Batch16_9694	687	2.23E-09	7.58E-12	2.00E-11	TRUE	0.514184037	TRUE	0.607232421	TRUE	0.509969446	TRUE	0.070238187	TRUE	0.107499293	TRUE	17.15786241	TRUE	0.00132734
Cal_Batch23_4090	695	2.13E-09	7.24E-12	1.91E-11	TRUE	0.523705438	TRUE	0.556169134	TRUE	0.465180364	TRUE	0.080252619	TRUE	0.093614188	TRUE	21.78473091	TRUE	0.001523609
Cal_Batch20_6387	612	2.07E-09	7.04E-12	1.85E-11	TRUE	0.465990178	TRUE	0.644381643	TRUE	0.551686802	TRUE	0.112460709	TRUE	0.204101101	TRUE	15.40891219	TRUE	0.002730413
Cal_Batch14_7051	677	2.03E-09	6.89E-12	1.82E-11	TRUE	0.645209984	TRUE	0.540148583	TRUE	0.562611398	TRUE	0.036112894	TRUE	0.109087833	TRUE	33.34836601	TRUE	0.001151841
Cal_Batch3_6974	684	0.000000002	6.78E-12	1.79E-11	TRUE	0.58554409	TRUE	0.496975563	TRUE	0.40444161	TRUE	0.046067275	TRUE	0.063918805	TRUE	40.52112676	TRUE	0.001337572
Cal_Batch21_6836	649	1.95E-09	6.63E-12	1.75E-11	TRUE	0.606291998	TRUE	0.545434621	TRUE	0.530824817	TRUE	0.044914066	TRUE	0.109828579	TRUE	39.53717472	TRUE	0.001268423
Cal_Batch23_9603	630	1.92E-09	6.53E-12	1.72E-11	TRUE	0.446590076	TRUE	0.63889885	TRUE	0.495887933	TRUE	0.139096409	TRUE	0.216281274	TRUE	15.63809524	TRUE	0.002937746
Cal_Batch10_341	652	1.89E-09	6.42E-12	1.69E-11	TRUE	0.532692308	TRUE	0.44464919	TRUE	0.373420316	TRUE	0.151548271	TRUE	0.192987061	TRUE	54.22818792	TRUE	0.003407038
Cal_Batch8_6497	650	1.84E-09	6.24E-12	1.64E-11	TRUE	0.411707453	TRUE	0.532896942	TRUE	0.483894639	TRUE	0.097574726	TRUE	0.238073005	TRUE	15.40757702	TRUE	0.00316324
Cal_Batch8_9924	649	1.79E-09	6.08E-12	1.60E-11	TRUE	0.625240539	TRUE	0.59801749	TRUE	0.426158881	TRUE	0.026701364	TRUE	0.045521781	TRUE	40.78827362	TRUE	0.001055618
Cal_Batch19_6819	702	1.79E-09	6.07E-12	1.60E-11	TRUE	0.479461512	TRUE	0.342486285	TRUE	0.436187481	TRUE	0.021609386	TRUE	0.094256406	TRUE	22.0764218	TRUE	0.001502981
Cal_Batch22_6600	797	1.77E-09	6.01E-12	1.58E-11	TRUE	0.392586755	TRUE	0.398155027	TRUE	0.315055361	TRUE	0.055422756	TRUE	0.118428889	TRUE	16.87771003	TRUE	0.001727756
Cal_Batch23_5992	756	1.71E-09	5.82E-12	1.53E-11	TRUE	0.617112986	TRUE	0.441812309	TRUE	0.329529463	TRUE	0.054632681	TRUE	0.090124377	TRUE	58.45283019	TRUE	0.001509245
Cal_Batch3_1192	764	1.70E-09	5.78E-12	1.52E-11	TRUE	0.577394763	TRUE	0.575924779	TRUE	0.409578595	TRUE	0.041504172	TRUE	0.0623083	TRUE	26.96485944	TRUE	0.001240328
Cal_Batch15_1157	688	1.66E-09	5.64E-12	1.49E-11	TRUE	0.50380699	TRUE	0.390129976	TRUE	0.311766756	TRUE	0.027559849	TRUE	0.105496066	TRUE	35.56904232	TRUE	0.001467267
Cal_Batch13_2887	660	1.65E-09	5.59E-12	1.47E-11	TRUE	0.607695423	TRUE	0.491039558	TRUE	0.301116996	TRUE	0.058101025	TRUE	0.093289989	TRUE	39.44953225	TRUE	0.001378954
Cal_Batch9_5181	667	1.62E-09	5.49E-12	1.45E-11	TRUE	0.553363142	TRUE	0.499547726	TRUE	0.491641175	TRUE	0.032628005	TRUE	0.081775406	TRUE	30.8681836	TRUE	0.001214781
Cal_Batch19_6663	698	1.59E-09	5.40E-12	1.42E-11	TRUE	0.557407281	TRUE	0.545662485	TRUE	0.524570166	TRUE	0.055762018	TRUE	0.124878376	TRUE	25.9909166	TRUE	0.001339041
Cal_Batch16_4706	595	1.54E-09	5.23E-12	1.38E-11	TRUE	0.613784135	TRUE	0.5621781	TRUE	0.588182158	TRUE	0.070976204	TRUE	0.181396622	TRUE	30.92038601	TRUE	0.002482563
Cal_Batch13_5197	662	1.51E-09	5.12E-12	1.35E-11	TRUE	0.522462955	TRUE	0.565982156	TRUE	0.480367593	TRUE	0.07983294	TRUE	0.105159153	TRUE	23.33997155	TRUE	0.001621197
Cal_Batch7_3237	940	1.50E-09	5.10E-12	1.34E-11	TRUE	0.499618146	TRUE	0.389572555	TRUE	0.351147915	TRUE	0.03540996	TRUE	0.066065346	TRUE	28.3444599	TRUE	0.001645783
Cal_Batch22_9153	673	1.48E-09	5.04E-12	1.33E-11	TRUE	0.55351155	TRUE	0.593447319	TRUE	0.565761095	TRUE	0.027627644	TRUE	0.093480249	TRUE	17.40609137	TRUE	0.000999511
Cal_Batch5_8998	781	1.45E-09	4.91E-12	1.29E-11	TRUE	0.423199764	TRUE	0.382540491	TRUE	0.347715948	TRUE	0.049205877	TRUE	0.061908928	TRUE	21.22319236	TRUE	0.001588812
Cal_Batch3_4623	697	1.43E-09	4.85E-12	1.28E-11	TRUE	0.571991822	TRUE	0.580665341	TRUE	0.434783288	TRUE	0.054168519	TRUE	0.064006937	TRUE	27.23331364	TRUE	0.00132485
Cal_Batch16_1523	685	1.42E-09	4.83E-12	1.27E-11	TRUE	0.517105499	TRUE	0.447716464	TRUE	0.43024753	TRUE	0.019482036	TRUE	0.054965894	TRUE	22.61867427	TRUE	0.001183415
Cal_Batch3_2002	688	1.36E-09	4.63E-12	1.22E-11	TRUE	0.559693681	TRUE	0.484440974	TRUE	0.508993131	TRUE	0.019474028	TRUE	0.076999107	TRUE	23.24949833	TRUE	0.001160423
Cal_Batch22_4110	656	1.36E-09	4.62E-12	1.22E-11	TRUE	0.625540359	TRUE	0.600472721	TRUE	0.455729912	TRUE	0.102161828	TRUE	0.209894502	TRUE	48.92228864	TRUE	0.002868272
Cal_Batch6_8672	663	1.30E-09	4.41E-12	1.16E-11	TRUE	0.486466165	TRUE	0.471414426	TRUE	0.463307463	TRUE	0.042889834	TRUE	0.085614948	TRUE	20.79278794	TRUE	0.001276077
Cal_Batch17_6489	675	1.26E-09	4.29E-12	1.13E-11	TRUE	0.615032616	TRUE	0.48150118	TRUE	0.323856291	TRUE	0.057410552	TRUE	0.085013433	TRUE	48.93039857	TRUE	0.001373629
Cal_Batch12_3513	618	1.24E-09	4.20E-12	1.11E-11	TRUE	0.531329672	TRUE	0.604013885	TRUE	0.523383496	TRUE	0.05251754	TRUE	0.150457738	TRUE	25.65569918	TRUE	0.002537102
Cal_Batch15_6491	813	1.24E-09	4.20E-12	1.11E-11	TRUE	0.469835466	TRUE	0.365821043	TRUE	0.349045332	TRUE	0.02685622	TRUE	0.061082508	TRUE	27.22410616	TRUE	0.001476611
Cal_Batch17_718	785	1.22E-09	4.14E-12	1.09E-11	TRUE	0.546043758	TRUE	0.389787976	TRUE	0.44028619	TRUE	0.017348358	TRUE	0.078323055	TRUE	33.0135196	TRUE	0.001292134
Cal_Batch6_8037	680	1.21E-09	4.10E-12	1.08E-11	TRUE	0.541450593	TRUE	0.613623226	TRUE	0.464062837	TRUE	0.050159401	TRUE	0.08830568	TRUE	20.57802964	TRUE	0.001276126
Cal_Batch6_4711	674	1.20E-09	4.07E-12	1.07E-11	TRUE	0.550322581	TRUE	0.552069747	TRUE	0.5242327	TRUE	0.020154746	TRUE	0.077271028	TRUE	20.29294404	TRUE	0.001100905
Cal_Batch16_9139	604	1.17E-09	3.98E-12	1.05E-11	TRUE	0.52504258	TRUE	0.611030329	TRUE	0.517154824	TRUE	0.046450592	TRUE	0.164548845	TRUE	26.54677252	TRUE	0.002384905
Cal_Batch16_6639	764	1.13E-09	3.84E-12	1.01E-11	TRUE	0.432637952	TRUE	0.4198847	TRUE	0.370273477	TRUE	0.091763041	TRUE	0.123813727	TRUE	17.8125215	TRUE	0.001799887
Cal_Batch5_6000	601	1.12E-09	3.82E-12	1.01E-11	TRUE	0.578703379	TRUE	0.632285002	TRUE	0.58683821	TRUE	0.145434615	TRUE	0.217135699	TRUE	29.39932603	TRUE	0.002855051
Cal_Batch4_5562	639	1.12E-09	3.80E-12	1.00E-11	TRUE	0.488992517	TRUE	0.573254616	TRUE	0.496839523	TRUE	0.030631903	TRUE	0.085011547	TRUE	16.58382643	TRUE	0.001102839
Cal_Batch14_6910	689	1.11E-09	3.76E-12	9.91E-12	TRUE	0.563037975	TRUE	0.459536454	TRUE	0.344217276	TRUE	0.040658576	TRUE	0.070984984	TRUE	35.59280206	TRUE	0.00133723
Cal_Batch25_6398	687	9.60E-10	3.26E-12	8.59E-12	TRUE	0.478846228	TRUE	0.483847312	TRUE	0.399619739	TRUE	0.033221367	TRUE	0.094965073	TRUE	21.83410351	TRUE	0.001380441
Cal_Batch14_8672	677	9.52E-10	3.24E-12	8.54E-12	TRUE	0.578131897	TRUE	0.513345232	TRUE	0.526627372	TRUE	0.036614524	TRUE	0.105148483	TRUE	22.26357827	TRUE	0.001219101
Cal_Batch26_4331	621	9.51E-10	3.23E-12	8.51E-12	TRUE	0.536706967	TRUE	0.615605756	TRUE	0.441072624	TRUE	0.139183223	TRUE	0.227639985	TRUE	26.7605948	TRUE	0.0030919
Cal_Batch2_3334	623	9.33E-10	3.17E-12	8.35E-12	TRUE	0.546754361	TRUE	0.643437851	TRUE	0.471257379	TRUE	0.154699932	TRUE	0.235267355	TRUE	27.08527132	TRUE	0.003086136
Cal_Batch21_2037	693	9.28E-10	3.15E-12	8.30E-12	TRUE	0.435825475	TRUE	0.400427738	TRUE	0.370569759	TRUE	0.051858456	TRUE	0.117727514	TRUE	22.07245725	TRUE	0.001601662
Cal_Batch13_2917	636	9.23E-10	3.14E-12	8.27E-12	TRUE	0.465429312	TRUE	0.508514503	TRUE	0.396622583	TRUE	0.147014537	TRUE	0.241302736	TRUE	24.37624751	TRUE	0.003492734
Cal_Batch2_5023	625	9.02E-10	3.07E-12	8.09E-12	TRUE	0.376379432	TRUE	0.501560944	TRUE	0.464072719	TRUE	0.059595517	TRUE	0.185445145	TRUE	15.93042867	TRUE	0.002773174
Cal_Batch12_9629	604	9.05E-10	3.07E-12	8.09E-12	TRUE	0.5246834	TRUE	0.532608217	TRUE	0.544857466	TRUE	0.127460965	TRUE	0.215444859	TRUE	27.80808081	TRUE	0.002993728
Cal_Batch8_1095	724	8.82E-10	3.00E-12	7.90E-12	TRUE	0.499212736	TRUE	0.521273652	TRUE	0.446305749	TRUE	0.056239529	TRUE	0.09208581	TRUE	18.49159664	TRUE	0.001410018
Cal_Batch25_3837	647	8.51E-10	2.89E-12	7.61E-12	TRUE	0.499145442	TRUE	0.58988008	TRUE	0.5009618	TRUE	0.027762982	TRUE	0.066668314	TRUE	17.27226975	TRUE	0.00103572
Cal_Batch19_4318	809	8.31E-10	2.82E-12	7.43E-12	TRUE	0.489709697	TRUE	0.549973411	TRUE	0.452593234	TRUE	0.0222936	TRUE	0.046873337	TRUE	18.46603099	TRUE	0.001151365
Cal_Batch23_7207	633	8.06E-10	2.74E-12	7.22E-12	TRUE	0.378800481	TRUE	0.536966338	TRUE	0.422578853	TRUE	0.159596629	TRUE	0.192551503	TRUE	15.94238227	TRUE	0.003548972
Cal_Batch2_4682	820	7.98E-10	2.71E-12	7.14E-12	TRUE	0.449744815	TRUE	0.442260741	TRUE	0.341843726	TRUE	0.035734359	TRUE	0.080411185	TRUE	19.2318892	TRUE	0.001527511
Cal_Batch21_8711	727	7.89E-10	2.68E-12	7.06E-12	TRUE	0.454276302	TRUE	0.439060781	TRUE	0.378334065	TRUE	0.056811791	TRUE	0.10106831	TRUE	21.98541247	TRUE	0.001559692
Cal_Batch1_8026	671	7.83E-10	2.66E-12	7.01E-12	TRUE	0.582711086	TRUE	0.528307444	TRUE	0.597177576	TRUE	0.036609893	TRUE	0.119131718	TRUE	26.68909513	TRUE	0.001147292
Cal_Batch9_6183	624	7.83E-10	2.66E-12	7.01E-12	TRUE	0.55115776	TRUE	0.533838257	TRUE	0.428069469	TRUE	0.143594836	TRUE	0.22698155	TRUE	41.28694818	TRUE	0.003327848
Cal_Batch18_3697	595	7.65E-10	2.60E-12	6.85E-12	TRUE	0.554799851	TRUE	0.648222038	TRUE	0.594534532	TRUE	0.062101672	TRUE	0.202032754	TRUE	19.80154221	TRUE	0.002122638
Cal_Batch23_9815	758	7.51E-10	2.55E-12	6.72E-12	TRUE	0.565862981	TRUE	0.475175077	TRUE	0.427200476	TRUE	0.028585678	TRUE	0.065888599	TRUE	29.7633452	TRUE	0.001276902
Cal_Batch21_4418	803	7.46E-10	2.53E-12	6.66E-12	TRUE	0.401942751	TRUE	0.379498536	TRUE	0.369607856	TRUE	0.019243535	TRUE	0.061839125	TRUE	16.93982169	TRUE	0.001388711
Cal_Batch5_4038	784	7.40E-10	2.51E-12	6.61E-12	TRUE	0.437929966	TRUE	0.433152409	TRUE	0.302820736	TRUE	0.106736322	TRUE	0.143134116	TRUE	19.34678625	TRUE	0.001971782
Cal_Batch8_4234	704	7.30E-10	2.48E-12	6.53E-12	TRUE	0.526769047	TRUE	0.585030099	TRUE	0.348033158	TRUE	0.040967755	TRUE	0.055222859	TRUE	20.99489489	TRUE	0.001196268
Cal_Batch9_4941	700	7.21E-10	2.45E-12	6.45E-12	TRUE	0.494844602	TRUE	0.479253036	TRUE	0.521630738	TRUE	0.036432638	TRUE	0.09038252	TRUE	16.39733333	TRUE	0.001178546
Cal_Batch3_4655	717	7.21E-10	2.45E-12	6.45E-12	TRUE	0.556513206	TRUE	0.572885203	TRUE	0.506318798	TRUE	0.051056348	TRUE	0.113935219	TRUE	23.73213368	TRUE	0.001267816
Cal_Batch22_6717	802	7.08E-10	2.40E-12	6.32E-12	TRUE	0.461153466	TRUE	0.404229993	TRUE	0.345084222	TRUE	0.085228248	TRUE	0.130216126	TRUE	24.14466292	TRUE	0.001811277
Cal_Batch14_3842	703	6.83E-10	2.32E-12	6.11E-12	TRUE	0.464938205	TRUE	0.397807173	TRUE	0.474623711	TRUE	0.030196533	TRUE	0.131715372	TRUE	20.24569892	TRUE	0.001418695
Cal_Batch25_8364	734	6.79E-10	2.31E-12	6.09E-12	TRUE	0.586517533	TRUE	0.492308288	TRUE	0.459497886	TRUE	0.040280886	TRUE	0.055567333	TRUE	32.92093704	TRUE	0.001326123
Cal_Batch2_5302	622	6.74E-10	2.29E-12	6.03E-12	TRUE	0.48457992	TRUE	0.562708612	TRUE	0.489690218	TRUE	0.09149453	TRUE	0.21306517	TRUE	23.50213904	TRUE	0.002885293
Cal_Batch3_684	747	6.69E-10	2.27E-12	5.98E-12	TRUE	0.569813581	TRUE	0.370518078	TRUE	0.361667115	TRUE	0.037408776	TRUE	0.1083038	TRUE	55.04083485	TRUE	0.001466944
Cal_Batch13_9470	656	6.57E-10	2.23E-12	5.87E-12	TRUE	0.522762148	TRUE	0.586716845	TRUE	0.528389821	TRUE	0.079026402	TRUE	0.122729111	TRUE	18.40942928	TRUE	0.001405622
Cal_Batch6_2049	733	6.42E-10	2.18E-12	5.74E-12	TRUE	0.433900814	TRUE	0.511525487	TRUE	0.301063546	TRUE	0.056551374	TRUE	0.099191763	TRUE	15.13240107	TRUE	0.001431977
Cal_Batch25_9631	623	6.15E-10	2.09E-12	5.51E-12	TRUE	0.514640068	TRUE	0.517933816	TRUE	0.531832838	TRUE	0.114817169	TRUE	0.209041947	TRUE	24.42867157	TRUE	0.002946707
Cal_Batch3_4889	803	6.12E-10	2.08E-12	5.48E-12	TRUE	0.382465893	TRUE	0.351560256	TRUE	0.424411455	TRUE	0.020608047	TRUE	0.102310226	TRUE	15.39557365	TRUE	0.001594892
Cal_Batch8_5723	669	6.12E-10	2.08E-12	5.48E-12	TRUE	0.563915267	TRUE	0.52990483	TRUE	0.467932971	TRUE	0.043021325	TRUE	0.098459234	TRUE	31.51446373	TRUE	0.001265743
Cal_Batch18_6520	786	6.14E-10	2.08E-12	5.48E-12	TRUE	0.444856676	TRUE	0.341993482	TRUE	0.378566497	TRUE	0.04005332	TRUE	0.103438101	TRUE	24.20349762	TRUE	0.001577179
Cal_Batch10_913	805	6.06E-10	2.06E-12	5.43E-12	TRUE	0.501268889	TRUE	0.3881992	TRUE	0.386508062	TRUE	0.029494787	TRUE	0.075155103	TRUE	32.35719249	TRUE	0.001328484
Cal_Batch12_5527	650	6.06E-10	2.06E-12	5.43E-12	TRUE	0.619795952	TRUE	0.469693246	TRUE	0.313820316	TRUE	0.0608094	TRUE	0.109449487	TRUE	54.99501496	TRUE	0.001365399
Cal_Batch7_1858	714	5.91E-10	2.01E-12	5.29E-12	TRUE	0.569324831	TRUE	0.432994794	TRUE	0.32042498	TRUE	0.038165956	TRUE	0.070524194	TRUE	48.4129393	TRUE	0.001339868
Cal_Batch10_1092	733	5.86E-10	1.99E-12	5.24E-12	TRUE	0.491724962	TRUE	0.394459139	TRUE	0.379305486	TRUE	0.064322272	TRUE	0.113755186	TRUE	27.76551724	TRUE	0.00158231
Cal_Batch25_3647	685	5.73E-10	1.95E-12	5.14E-12	TRUE	0.575228241	TRUE	0.512781833	TRUE	0.528145914	TRUE	0.029547034	TRUE	0.067220081	TRUE	25.77696258	TRUE	0.001080362
Cal_Batch5_1359	765	5.74E-10	1.95E-12	5.14E-12	TRUE	0.434702557	TRUE	0.377913042	TRUE	0.31430615	TRUE	0.031636748	TRUE	0.088841117	TRUE	22.41324627	TRUE	0.001563587
Cal_Batch16_4447	735	5.69E-10	1.93E-12	5.08E-12	TRUE	0.633132631	TRUE	0.404681913	TRUE	0.362954595	TRUE	0.043183646	TRUE	0.113577646	TRUE	60.70204082	TRUE	0.001473266
Cal_Batch25_6559	803	5.65E-10	1.92E-12	5.06E-12	TRUE	0.488273673	TRUE	0.430234039	TRUE	0.317331477	TRUE	0.061569847	TRUE	0.086978468	TRUE	20.81279119	TRUE	0.001714287
Cal_Batch12_6294	685	5.50E-10	1.87E-12	4.93E-12	TRUE	0.522515394	TRUE	0.509407717	TRUE	0.460615457	TRUE	0.022742251	TRUE	0.045473434	TRUE	22.93044565	TRUE	0.001166885
Cal_Batch21_5561	814	5.42E-10	1.84E-12	4.85E-12	TRUE	0.377116751	TRUE	0.369815257	TRUE	0.343710959	TRUE	0.02809464	TRUE	0.129957925	TRUE	18.00024355	TRUE	0.001624179
Cal_Batch22_567	667	5.13E-10	1.74E-12	4.58E-12	TRUE	0.482136031	TRUE	0.520064115	TRUE	0.480673254	TRUE	0.068405223	TRUE	0.116136259	TRUE	16.57686833	TRUE	0.001477675
Cal_Batch20_992	617	5.10E-10	1.73E-12	4.56E-12	TRUE	0.634055863	TRUE	0.565074568	TRUE	0.572798089	TRUE	0.073744972	TRUE	0.232191884	TRUE	34.14912281	TRUE	0.00271608
Cal_Batch8_4758	650	5.10E-10	1.73E-12	4.56E-12	TRUE	0.395680382	TRUE	0.565211613	TRUE	0.39135514	TRUE	0.17381952	TRUE	0.21533258	TRUE	19.76680244	TRUE	0.003524032
Cal_Batch17_9647	831	5.05E-10	1.71E-12	4.50E-12	TRUE	0.57747116	TRUE	0.385857064	TRUE	0.336282211	TRUE	0.025621637	TRUE	0.049611144	TRUE	43.50443686	TRUE	0.001440688
Cal_Batch14_7758	608	5.01E-10	1.70E-12	4.48E-12	TRUE	0.612620201	TRUE	0.649982805	TRUE	0.490440071	TRUE	0.109456611	TRUE	0.19677647	TRUE	39.38687973	TRUE	0.002787587
Cal_Batch1_7184	702	4.96E-10	1.69E-12	4.45E-12	TRUE	0.550001701	TRUE	0.538102334	TRUE	0.518726456	TRUE	0.078278379	TRUE	0.111516716	TRUE	22.05135579	TRUE	0.001520134
Cal_Batch15_5042	835	4.85E-10	1.65E-12	4.35E-12	TRUE	0.362236629	TRUE	0.385169627	TRUE	0.381557636	TRUE	0.071362222	TRUE	0.121723031	TRUE	15.76008065	TRUE	0.001883508
Cal_Batch11_5120	751	4.79E-10	1.63E-12	4.29E-12	TRUE	0.468783008	TRUE	0.538412496	TRUE	0.318976296	TRUE	0.057999308	TRUE	0.09525165	TRUE	17.3637621	TRUE	0.001416672
Cal_Batch20_1243	632	4.70E-10	1.60E-12	4.21E-12	TRUE	0.430022058	TRUE	0.476360992	TRUE	0.373891924	TRUE	0.111904061	TRUE	0.233548023	TRUE	29.02684258	TRUE	0.00338562
Cal_Batch3_3489	619	4.71E-10	1.60E-12	4.21E-12	TRUE	0.462383623	TRUE	0.52683194	TRUE	0.492117106	TRUE	0.048873202	TRUE	0.160831433	TRUE	21.90509421	TRUE	0.002739389
Cal_Batch25_7026	705	4.49E-10	1.53E-12	4.03E-12	TRUE	0.450514081	TRUE	0.470871332	TRUE	0.457761229	TRUE	0.03858407	TRUE	0.137097193	TRUE	18.51377634	TRUE	0.001352554
Cal_Batch2_7812	602	4.44E-10	1.51E-12	3.98E-12	TRUE	0.49825784	TRUE	0.648166392	TRUE	0.498482259	TRUE	0.14083527	TRUE	0.248288478	TRUE	22.1578604	TRUE	0.002957785
Cal_Batch3_5959	724	4.40E-10	1.49E-12	3.93E-12	TRUE	0.528275186	TRUE	0.387053423	TRUE	0.40778709	TRUE	0.039433548	TRUE	0.065516387	TRUE	38.32366513	TRUE	0.001335405
Cal_Batch3_6589	729	4.33E-10	1.47E-12	3.87E-12	TRUE	0.543044653	TRUE	0.368309393	TRUE	0.446138473	TRUE	0.054938065	TRUE	0.077157885	TRUE	35.99768875	TRUE	0.001517281
Cal_Batch9_9184	867	4.20E-10	1.43E-12	3.77E-12	TRUE	0.350286409	TRUE	0.346637347	TRUE	0.33754918	TRUE	0.072869906	TRUE	0.174363908	TRUE	18.56786704	TRUE	0.003393923
Cal_Batch9_1468	659	4.15E-10	1.41E-12	3.71E-12	TRUE	0.615088613	TRUE	0.610382955	TRUE	0.534410794	TRUE	0.044679026	TRUE	0.074644382	TRUE	31.50817528	TRUE	0.001196044
Cal_Batch23_1119	595	4.08E-10	1.39E-12	3.66E-12	TRUE	0.556189745	TRUE	0.600411703	TRUE	0.501834068	TRUE	0.053033041	TRUE	0.148604383	TRUE	36.26951995	TRUE	0.002478887
Cal_Batch9_7527	613	4.04E-10	1.37E-12	3.61E-12	TRUE	0.584067387	TRUE	0.640257239	TRUE	0.577598529	TRUE	0.106340203	TRUE	0.207716815	TRUE	26.1043532	TRUE	0.002521487
Cal_Batch9_976	711	3.93E-10	1.33E-12	3.50E-12	TRUE	0.539093792	TRUE	0.437568614	TRUE	0.409664457	TRUE	0.043548555	TRUE	0.065682292	TRUE	31.21233569	TRUE	0.001338995
Cal_Batch19_8351	750	3.87E-10	1.32E-12	3.48E-12	TRUE	0.572337369	TRUE	0.544415326	TRUE	0.383144246	TRUE	0.029870751	TRUE	0.07388058	TRUE	26.99551122	TRUE	0.001221587
Cal_Batch21_6707	676	3.83E-10	1.30E-12	3.42E-12	TRUE	0.613326975	TRUE	0.584852648	TRUE	0.511671404	TRUE	0.022134175	TRUE	0.067672755	TRUE	33.34386519	TRUE	0.000991013
Cal_Batch12_203	724	3.84E-10	1.30E-12	3.42E-12	TRUE	0.440174015	TRUE	0.358040541	TRUE	0.334653111	TRUE	0.020832321	TRUE	0.069019229	TRUE	23.32284703	TRUE	0.001506528
Cal_Batch21_5206	756	3.84E-10	1.30E-12	3.42E-12	TRUE	0.399008244	TRUE	0.407494544	TRUE	0.413114754	TRUE	0.101167952	TRUE	0.130205876	TRUE	15.22243346	TRUE	0.001833607
Cal_Batch14_5296	614	3.77E-10	1.28E-12	3.37E-12	TRUE	0.568355351	TRUE	0.517035874	TRUE	0.462888148	TRUE	0.098875243	TRUE	0.212669289	TRUE	44.59329446	TRUE	0.003113568
Cal_Batch24_2778	779	3.65E-10	1.24E-12	3.27E-12	TRUE	0.429885242	TRUE	0.46382514	TRUE	0.407637849	TRUE	0.02219538	TRUE	0.058261089	TRUE	17.98509397	TRUE	0.001267494
Cal_Batch7_7804	794	3.57E-10	1.21E-12	3.19E-12	TRUE	0.486258865	TRUE	0.305243747	TRUE	0.364222154	TRUE	0.044101863	TRUE	0.109547876	TRUE	38.87158145	TRUE	0.001654359
Cal_Batch24_760	709	3.50E-10	1.19E-12	3.13E-12	TRUE	0.434564394	TRUE	0.416116881	TRUE	0.329894703	TRUE	0.032194515	TRUE	0.104447588	TRUE	20.26974437	TRUE	0.001506552
Cal_Batch22_3281	740	3.47E-10	1.18E-12	3.11E-12	TRUE	0.571467991	TRUE	0.451462465	TRUE	0.381721071	TRUE	0.043215821	TRUE	0.112297652	TRUE	39.71348315	TRUE	0.001371772
Cal_Batch1_7199	615	3.44E-10	1.17E-12	3.08E-12	TRUE	0.451174793	TRUE	0.589477248	TRUE	0.51175431	TRUE	0.096933864	TRUE	0.227652827	TRUE	17.37905844	TRUE	0.002752478
Cal_Batch8_9706	781	3.44E-10	1.17E-12	3.08E-12	TRUE	0.461438458	TRUE	0.47327887	TRUE	0.331752067	TRUE	0.036289921	TRUE	0.087620378	TRUE	18.84633133	TRUE	0.001529634
Cal_Batch5_4323	645	3.32E-10	1.13E-12	2.98E-12	TRUE	0.540113833	TRUE	0.4845196	TRUE	0.529598369	TRUE	0.16168298	TRUE	0.204732089	TRUE	37.23707665	TRUE	0.003459583
Cal_Batch22_7334	661	3.22E-10	1.09E-12	2.87E-12	TRUE	0.594485836	TRUE	0.606776879	TRUE	0.601330019	TRUE	0.021389181	TRUE	0.090749464	TRUE	20.97886647	TRUE	0.000898861
Cal_Batch13_7817	717	3.16E-10	1.07E-12	2.82E-12	TRUE	0.50373425	TRUE	0.516624557	TRUE	0.379578219	TRUE	0.057062797	TRUE	0.073456514	TRUE	23.93432671	TRUE	0.00149002
Cal_Batch10_2005	694	3.06E-10	1.04E-12	2.74E-12	TRUE	0.602552185	TRUE	0.375401281	TRUE	0.300299103	TRUE	0.052413367	TRUE	0.076318895	TRUE	65.05128205	TRUE	0.001468162
Cal_Batch2_2197	603	3.07E-10	1.04E-12	2.74E-12	TRUE	0.597912673	TRUE	0.602966222	TRUE	0.505489936	TRUE	0.073848663	TRUE	0.178909174	TRUE	36.9031266	TRUE	0.002658476
Cal_Batch3_5481	657	3.07E-10	1.04E-12	2.74E-12	TRUE	0.475540901	TRUE	0.591975883	TRUE	0.506484966	TRUE	0.021511545	TRUE	0.056354521	TRUE	16.09170306	TRUE	0.000983646
Cal_Batch3_9335	604	2.95E-10	1.00E-12	2.63E-12	TRUE	0.6127484	TRUE	0.630523787	TRUE	0.611654804	TRUE	0.123165922	TRUE	0.198128461	TRUE	29.6602238	TRUE	0.002774908
Cal_Batch19_7895	742	2.83E-10	9.60E-13	2.53E-12	TRUE	0.494880975	TRUE	0.462446269	TRUE	0.465496885	TRUE	0.025428046	TRUE	0.058781018	TRUE	20.77962264	TRUE	0.001221475
Cal_Batch13_9190	804	2.75E-10	9.33E-13	2.46E-12	TRUE	0.361615054	TRUE	0.326064549	TRUE	0.322483733	TRUE	0.079378388	TRUE	0.130615086	TRUE	15.10903584	TRUE	0.001985451
Cal_Batch8_5244	774	2.70E-10	9.17E-13	2.42E-12	TRUE	0.463907815	TRUE	0.491741968	TRUE	0.311160228	TRUE	0.072099429	TRUE	0.120538503	TRUE	20.06358819	TRUE	0.001593802
Cal_Batch14_4399	629	2.56E-10	8.69E-13	2.29E-12	TRUE	0.494649275	TRUE	0.577020061	TRUE	0.440334955	TRUE	0.115861706	TRUE	0.199184022	TRUE	30.31316554	TRUE	0.003013998
Cal_Batch6_2117	755	2.56E-10	8.69E-13	2.29E-12	TRUE	0.614852509	TRUE	0.546290929	TRUE	0.351737825	TRUE	0.036144183	TRUE	0.06944363	TRUE	44.94140625	TRUE	0.001255007
Cal_Batch18_7403	613	2.53E-10	8.59E-13	2.26E-12	TRUE	0.516403338	TRUE	0.541892119	TRUE	0.386843142	TRUE	0.18885571	TRUE	0.2130217	TRUE	38.46031746	TRUE	0.003641343
Cal_Batch5_6208	761	2.50E-10	8.49E-13	2.24E-12	TRUE	0.509072524	TRUE	0.381628032	TRUE	0.414224429	TRUE	0.049405655	TRUE	0.115560242	TRUE	28.90692935	TRUE	0.00150972
Cal_Batch26_7925	641	2.41E-10	8.19E-13	2.16E-12	TRUE	0.647965116	TRUE	0.514628257	TRUE	0.392205347	TRUE	0.031079541	TRUE	0.06482448	TRUE	63.74415888	TRUE	0.001178526
Cal_Batch20_3252	601	2.37E-10	8.04E-13	2.12E-12	TRUE	0.546891614	TRUE	0.536259723	TRUE	0.440279612	TRUE	0.106635716	TRUE	0.192739011	TRUE	39.36433447	TRUE	0.003068983
Cal_Batch15_6792	643	2.36E-10	8.00E-13	2.11E-12	TRUE	0.581061563	TRUE	0.44395387	TRUE	0.359986845	TRUE	0.050070174	TRUE	0.074451343	TRUE	53.02588106	TRUE	0.001357323
Cal_Batch9_1806	746	2.34E-10	7.95E-13	2.09E-12	TRUE	0.495005482	TRUE	0.443992768	TRUE	0.34207698	TRUE	0.054115597	TRUE	0.096573378	TRUE	24.89306785	TRUE	0.001527131
Cal_Batch22_2338	750	2.33E-10	7.91E-13	2.08E-12	TRUE	0.340176423	TRUE	0.31955163	TRUE	0.411921288	TRUE	0.071272154	TRUE	0.087804319	TRUE	16.67471042	TRUE	0.001696997
Cal_Batch20_2383	722	2.31E-10	7.84E-13	2.07E-12	TRUE	0.494145337	TRUE	0.405796169	TRUE	0.336660007	TRUE	0.06116143	TRUE	0.08049621	TRUE	30.54310345	TRUE	0.00162757
Cal_Batch20_1707	707	2.27E-10	7.70E-13	2.03E-12	TRUE	0.600761047	TRUE	0.590023651	TRUE	0.518917836	TRUE	0.023067975	TRUE	0.04855984	TRUE	26.88257576	TRUE	0.000995687
Cal_Batch27_1524	726	2.27E-10	7.70E-13	2.03E-12	TRUE	0.476472446	TRUE	0.487151476	TRUE	0.539736129	TRUE	0.024727399	TRUE	0.09135251	TRUE	16.29703916	TRUE	0.001147549
Cal_Batch7_2516	724	2.27E-10	7.70E-13	2.03E-12	TRUE	0.570199557	TRUE	0.546112683	TRUE	0.489930551	TRUE	0.02142536	TRUE	0.053955597	TRUE	25.77860963	TRUE	0.001077017
Cal_Batch20_5811	638	2.26E-10	7.67E-13	2.02E-12	TRUE	0.487950475	TRUE	0.508786929	TRUE	0.424496112	TRUE	0.152625507	TRUE	0.234879275	TRUE	33.30312666	TRUE	0.003411979
Cal_Batch7_6408	605	2.25E-10	7.63E-13	2.01E-12	TRUE	0.465230789	TRUE	0.592932763	TRUE	0.488230984	TRUE	0.142494393	TRUE	0.209576888	TRUE	19.53825657	TRUE	0.003035569
Cal_Batch8_2636	638	2.22E-10	7.53E-13	1.98E-12	TRUE	0.403054557	TRUE	0.537496992	TRUE	0.446459231	TRUE	0.161860283	TRUE	0.240320741	TRUE	16.3809291	TRUE	0.00355851
Cal_Batch8_7100	782	2.22E-10	7.53E-13	1.98E-12	TRUE	0.42403648	TRUE	0.363618701	TRUE	0.320747677	TRUE	0.120130798	TRUE	0.138198079	TRUE	19.43634443	TRUE	0.002176107
Cal_Batch26_6573	745	2.18E-10	7.41E-13	1.95E-12	TRUE	0.561277544	TRUE	0.474048024	TRUE	0.507056691	TRUE	0.014862851	TRUE	0.076701608	TRUE	21.89004975	TRUE	0.001073132
Cal_Batch12_2801	778	2.15E-10	7.30E-13	1.92E-12	TRUE	0.512756395	TRUE	0.585502961	TRUE	0.393257886	TRUE	0.052240246	TRUE	0.084424308	TRUE	20.2014742	TRUE	0.001287551
Cal_Batch6_1133	768	2.05E-10	6.97E-13	1.84E-12	TRUE	0.402569268	TRUE	0.376284991	TRUE	0.371256818	TRUE	0.084871379	TRUE	0.098392254	TRUE	16.1642269	TRUE	0.001807558
Cal_Batch5_9271	613	2.03E-10	6.91E-13	1.82E-12	TRUE	0.586911177	TRUE	0.602547848	TRUE	0.512004594	TRUE	0.092309381	TRUE	0.188318827	TRUE	46.94216614	TRUE	0.002795267
Cal_Batch1_7458	838	2.02E-10	6.86E-13	1.81E-12	TRUE	0.579659518	TRUE	0.492233091	TRUE	0.456243404	TRUE	0.042707089	TRUE	0.108963102	TRUE	33.39079229	TRUE	0.001308571
Cal_Batch2_9804	737	2.02E-10	6.86E-13	1.81E-12	TRUE	0.42485397	TRUE	0.40821423	TRUE	0.455925536	TRUE	0.026964454	TRUE	0.097660207	TRUE	15.37140146	TRUE	0.001346932
Cal_Batch2_7130	719	2.01E-10	6.84E-13	1.80E-12	TRUE	0.507525882	TRUE	0.542159501	TRUE	0.433761164	TRUE	0.034633763	TRUE	0.051810465	TRUE	19.48442368	TRUE	0.001198622
Cal_Batch16_1092	589	1.87E-10	6.35E-13	1.67E-12	TRUE	0.55435641	TRUE	0.612189361	TRUE	0.602328019	TRUE	0.077055121	TRUE	0.248995077	TRUE	21.62986599	TRUE	0.00255451
Cal_Batch15_8741	669	1.85E-10	6.28E-13	1.65E-12	TRUE	0.542288192	TRUE	0.639699715	TRUE	0.51800666	TRUE	0.058971785	TRUE	0.083085017	TRUE	18.93534101	TRUE	0.001212832
Cal_Batch6_7028	700	1.81E-10	6.16E-13	1.62E-12	TRUE	0.548393869	TRUE	0.54330591	TRUE	0.499042843	TRUE	0.035809807	TRUE	0.103153305	TRUE	24.38740458	TRUE	0.001170052
Cal_Batch6_7057	612	1.79E-10	6.07E-13	1.60E-12	TRUE	0.53091441	TRUE	0.614955694	TRUE	0.605421155	TRUE	0.086726552	TRUE	0.17025243	TRUE	18.03629377	TRUE	0.002342163
Cal_Batch16_1784	650	1.72E-10	5.83E-13	1.54E-12	TRUE	0.498603987	TRUE	0.528579579	TRUE	0.476552302	TRUE	0.090712272	TRUE	0.201264471	TRUE	29.41712062	TRUE	0.003120613
Cal_Batch4_2383	730	1.66E-10	5.64E-13	1.49E-12	TRUE	0.417666386	TRUE	0.412458542	TRUE	0.377647119	TRUE	0.018545789	TRUE	0.055817741	TRUE	16.40896615	TRUE	0.001261893
Cal_Batch9_4000	793	1.66E-10	5.63E-13	1.48E-12	TRUE	0.511367803	TRUE	0.529935975	TRUE	0.323337787	TRUE	0.055531936	TRUE	0.091509349	TRUE	19.45899835	TRUE	0.00144036
Cal_Batch5_1779	667	1.61E-10	5.47E-13	1.44E-12	TRUE	0.63275589	TRUE	0.554444005	TRUE	0.600193867	TRUE	0.026972135	TRUE	0.100025007	TRUE	27.93953488	TRUE	0.001024061
Cal_Batch9_9355	613	1.59E-10	5.41E-13	1.43E-12	TRUE	0.554356077	TRUE	0.628431928	TRUE	0.481409389	TRUE	0.135280936	TRUE	0.237843781	TRUE	34.71849594	TRUE	0.003046643
Cal_Batch4_8713	686	1.53E-10	5.20E-13	1.37E-12	TRUE	0.569545999	TRUE	0.552247423	TRUE	0.41072679	TRUE	0.02551534	TRUE	0.058989742	TRUE	25.11277445	TRUE	0.001132129
Cal_Batch15_3365	728	1.52E-10	5.17E-13	1.36E-12	TRUE	0.451422151	TRUE	0.536810211	TRUE	0.361481831	TRUE	0.066369958	TRUE	0.093248968	TRUE	15.14698537	TRUE	0.001397251
Cal_Batch12_5051	799	1.50E-10	5.10E-13	1.34E-12	TRUE	0.454545455	TRUE	0.398520997	TRUE	0.486435978	TRUE	0.045535578	TRUE	0.106584485	TRUE	18.50650118	TRUE	0.001392461
Cal_Batch17_6507	736	1.47E-10	4.99E-13	1.31E-12	TRUE	0.570475163	TRUE	0.460335878	TRUE	0.486949143	TRUE	0.037950365	TRUE	0.110453436	TRUE	40.85161914	TRUE	0.001315565
Cal_Batch17_8698	582	1.46E-10	4.95E-13	1.30E-12	TRUE	0.511856564	TRUE	0.635753674	TRUE	0.611996626	TRUE	0.06370634	TRUE	0.182544247	TRUE	16.33080329	TRUE	0.002222967
Cal_Batch24_7253	773	1.45E-10	4.93E-13	1.30E-12	TRUE	0.386167147	TRUE	0.378942763	TRUE	0.402407967	TRUE	0.084291381	TRUE	0.111644246	TRUE	16.11622807	TRUE	0.001674194
Cal_Batch19_796	770	1.41E-10	4.80E-13	1.26E-12	TRUE	0.467106833	TRUE	0.425361605	TRUE	0.300258229	TRUE	0.095113763	TRUE	0.115611704	TRUE	22.86705202	TRUE	0.001843557
Cal_Batch21_8939	609	1.41E-10	4.79E-13	1.26E-12	TRUE	0.43361652	TRUE	0.60940604	TRUE	0.482036827	TRUE	0.114203398	TRUE	0.220691135	TRUE	16.58760208	TRUE	0.003104133
Cal_Batch22_4185	699	1.41E-10	4.78E-13	1.26E-12	TRUE	0.511802862	TRUE	0.428659503	TRUE	0.48984037	TRUE	0.039775899	TRUE	0.090724138	TRUE	25.60709964	TRUE	0.001280206
Cal_Batch21_4980	666	1.37E-10	4.67E-13	1.23E-12	TRUE	0.491519011	TRUE	0.536388862	TRUE	0.46550944	TRUE	0.174004894	TRUE	0.207151069	TRUE	26.15124154	TRUE	0.003583915
Cal_Batch18_1049	584	1.36E-10	4.60E-13	1.21E-12	TRUE	0.63849969	TRUE	0.630876206	TRUE	0.573567836	TRUE	0.130475656	TRUE	0.234209523	TRUE	52.77428999	TRUE	0.002851874
Cal_Batch23_7867	609	1.33E-10	4.52E-13	1.19E-12	TRUE	0.514162931	TRUE	0.581154826	TRUE	0.408983887	TRUE	0.15179837	TRUE	0.208030258	TRUE	31.08614025	TRUE	0.003318704
Cal_Batch18_2159	736	1.33E-10	4.51E-13	1.19E-12	TRUE	0.523137362	TRUE	0.565644218	TRUE	0.432321015	TRUE	0.066050553	TRUE	0.073986661	TRUE	19.21046832	TRUE	0.001442416
Cal_Batch20_5097	684	1.22E-10	4.13E-13	1.09E-12	TRUE	0.622699924	TRUE	0.43946534	TRUE	0.415262246	TRUE	0.014498014	TRUE	0.038038279	TRUE	52.62853107	TRUE	0.001132443
Cal_Batch24_4733	640	1.22E-10	4.13E-13	1.09E-12	TRUE	0.451795655	TRUE	0.536875267	TRUE	0.440958721	TRUE	0.151769939	TRUE	0.218874606	TRUE	21.24867413	TRUE	0.003482539
Cal_Batch1_8829	615	1.20E-10	4.08E-13	1.07E-12	TRUE	0.462052003	TRUE	0.586726436	TRUE	0.548564991	TRUE	0.090880589	TRUE	0.220287133	TRUE	15.53006511	TRUE	0.002661787
Cal_Batch4_6988	749	1.13E-10	3.84E-13	1.01E-12	TRUE	0.431035922	TRUE	0.446163005	TRUE	0.393249618	TRUE	0.029936019	TRUE	0.079774674	TRUE	17.82970164	TRUE	0.001304087
Cal_Batch18_2426	600	1.13E-10	3.83E-13	1.01E-12	TRUE	0.448758369	TRUE	0.60938098	TRUE	0.489186863	TRUE	0.15633335	TRUE	0.249100737	TRUE	18.9720694	TRUE	0.003208787
Cal_Batch9_2500	733	1.12E-10	3.79E-13	9.98E-13	TRUE	0.486727989	TRUE	0.504883326	TRUE	0.378296115	TRUE	0.049917172	TRUE	0.10339621	TRUE	17.93276414	TRUE	0.001387537
Cal_Batch6_1187	843	1.11E-10	3.77E-13	9.93E-13	TRUE	0.356338596	TRUE	0.334392792	TRUE	0.363634759	TRUE	0.070056811	TRUE	0.126274559	TRUE	17.35952557	TRUE	0.002502555
Cal_Batch16_7003	610	1.05E-10	3.58E-13	9.43E-13	TRUE	0.531638364	TRUE	0.560439792	TRUE	0.548009458	TRUE	0.082334166	TRUE	0.229760506	TRUE	24.42623574	TRUE	0.002688607
Cal_Batch25_4621	765	1.04E-10	3.52E-13	9.27E-13	TRUE	0.329208	TRUE	0.353849121	TRUE	0.301483259	TRUE	0.104400907	TRUE	0.130608452	TRUE	15.35203689	TRUE	0.002128416
Cal_Batch18_1737	729	1.02E-10	3.47E-13	9.14E-13	TRUE	0.579053921	TRUE	0.433542767	TRUE	0.421971956	TRUE	0.034072941	TRUE	0.050664308	TRUE	47.71882494	TRUE	0.001229023
Cal_Batch13_2660	617	9.85E-11	3.35E-13	8.82E-13	TRUE	0.523536512	TRUE	0.573877136	TRUE	0.494309469	TRUE	0.099156415	TRUE	0.227842095	TRUE	32.78532609	TRUE	0.002965756
Cal_Batch21_2440	712	9.87E-11	3.35E-13	8.82E-13	TRUE	0.453162236	TRUE	0.545800634	TRUE	0.477496843	TRUE	0.067637586	TRUE	0.128251086	TRUE	15.5501385	TRUE	0.001505347
Cal_Batch4_4723	704	9.67E-11	3.28E-13	8.64E-13	TRUE	0.592789557	TRUE	0.443787938	TRUE	0.377212915	TRUE	0.024572282	TRUE	0.079218723	TRUE	47.59106239	TRUE	0.001219761
Cal_Batch24_6820	646	9.55E-11	3.24E-13	8.54E-13	TRUE	0.550867508	TRUE	0.534057141	TRUE	0.536401953	TRUE	0.056716233	TRUE	0.192578599	TRUE	28.23969072	TRUE	0.002649346
Cal_Batch26_2924	698	9.44E-11	3.21E-13	8.46E-13	TRUE	0.536128457	TRUE	0.543947693	TRUE	0.385573224	TRUE	0.0472873	TRUE	0.096485909	TRUE	24.73465909	TRUE	0.00132828
Cal_Batch16_9171	712	9.25E-11	3.14E-13	8.27E-13	TRUE	0.487540144	TRUE	0.471250532	TRUE	0.367019199	TRUE	0.068976789	TRUE	0.106486458	TRUE	20.01570938	TRUE	0.001528062
Cal_Batch5_6550	745	9.14E-11	3.10E-13	8.17E-13	TRUE	0.474037805	TRUE	0.523397692	TRUE	0.385875519	TRUE	0.070539541	TRUE	0.07919031	TRUE	17.33868747	TRUE	0.001631716
Cal_Batch1_7151	756	9.01E-11	3.06E-13	8.06E-13	TRUE	0.488094486	TRUE	0.409864948	TRUE	0.474587072	TRUE	0.029857043	TRUE	0.111412577	TRUE	21.57916826	TRUE	0.001392271
Cal_Batch12_6549	623	8.91E-11	3.03E-13	7.98E-13	TRUE	0.527324225	TRUE	0.62793265	TRUE	0.535302907	TRUE	0.111084501	TRUE	0.183346502	TRUE	23.97704591	TRUE	0.002754846
Cal_Batch13_8215	766	8.68E-11	2.95E-13	7.77E-13	TRUE	0.429667836	TRUE	0.320387671	TRUE	0.337491493	TRUE	0.045418283	TRUE	0.083087959	TRUE	24.51667496	TRUE	0.001746468
Cal_Batch12_7429	764	8.56E-11	2.91E-13	7.67E-13	TRUE	0.459816052	TRUE	0.488299299	TRUE	0.391228562	TRUE	0.059743696	TRUE	0.080076286	TRUE	20.34123847	TRUE	0.001489593
Cal_Batch26_6901	702	8.51E-11	2.89E-13	7.61E-13	TRUE	0.43544133	TRUE	0.471004711	TRUE	0.340679106	TRUE	0.079517166	TRUE	0.11045167	TRUE	17.78264095	TRUE	0.001627628
Cal_Batch7_7125	743	8.43E-11	2.86E-13	7.53E-13	TRUE	0.529644686	TRUE	0.474045858	TRUE	0.385602686	TRUE	0.031940191	TRUE	0.092366127	TRUE	28.19834711	TRUE	0.001298052
Cal_Batch26_1809	588	7.82E-11	2.66E-13	7.01E-13	TRUE	0.475071793	TRUE	0.631115854	TRUE	0.54746469	TRUE	0.145695182	TRUE	0.201988416	TRUE	16.52563488	TRUE	0.002999383
Cal_Batch11_1283	698	7.58E-11	2.58E-13	6.80E-13	TRUE	0.503293609	TRUE	0.487176257	TRUE	0.379654303	TRUE	0.030828012	TRUE	0.063991842	TRUE	27.60012136	TRUE	0.001247917
Cal_Batch28_3011	784	7.40E-11	2.51E-13	6.61E-13	TRUE	0.556862622	TRUE	0.499098753	TRUE	0.459731582	TRUE	0.022271515	TRUE	0.041311943	TRUE	24.38223062	TRUE	0.00110595
Cal_Batch4_1732	711	7.30E-11	2.48E-13	6.53E-13	TRUE	0.500226728	TRUE	0.417896568	TRUE	0.432061962	TRUE	0.021244553	TRUE	0.092497934	TRUE	26.82588235	TRUE	0.001242731
Cal_Batch6_6264	602	7.31E-11	2.48E-13	6.53E-13	TRUE	0.619624421	TRUE	0.631950606	TRUE	0.616000938	TRUE	0.050228364	TRUE	0.210251104	TRUE	26.2925636	TRUE	0.002184185
Cal_Batch7_1701	710	7.14E-11	2.43E-13	6.40E-13	TRUE	0.586255924	TRUE	0.568317515	TRUE	0.347284292	TRUE	0.050110309	TRUE	0.081696515	TRUE	33.56200228	TRUE	0.001273143
Cal_Batch20_1635	800	7.15E-11	2.43E-13	6.40E-13	TRUE	0.406892858	TRUE	0.352696472	TRUE	0.325186521	TRUE	0.062745011	TRUE	0.092656983	TRUE	18.98783732	TRUE	0.001760782
Cal_Batch8_9919	781	6.99E-11	2.38E-13	6.27E-13	TRUE	0.517853687	TRUE	0.551139684	TRUE	0.325436136	TRUE	0.067776874	TRUE	0.089351875	TRUE	18.19394292	TRUE	0.001499997
Cal_Batch12_6253	740	6.89E-11	2.34E-13	6.16E-13	TRUE	0.553648349	TRUE	0.463046935	TRUE	0.333988014	TRUE	0.041163927	TRUE	0.098213963	TRUE	28.50714286	TRUE	0.001459638
Cal_Batch11_7712	733	6.80E-11	2.31E-13	6.09E-13	TRUE	0.609878007	TRUE	0.497132857	TRUE	0.41608454	TRUE	0.072287197	TRUE	0.117088525	TRUE	43.36567926	TRUE	0.001463635
Cal_Batch18_1497	671	6.70E-11	2.28E-13	6.01E-13	TRUE	0.568566819	TRUE	0.515710031	TRUE	0.367234709	TRUE	0.064977221	TRUE	0.100739952	TRUE	29.53957997	TRUE	0.001401965
Cal_Batch16_8822	632	6.62E-11	2.25E-13	5.93E-13	TRUE	0.498967513	TRUE	0.60808702	TRUE	0.544196119	TRUE	0.104385324	TRUE	0.247813448	TRUE	16.91051532	TRUE	0.002729674
Cal_Batch2_6773	802	6.36E-11	2.16E-13	5.69E-13	TRUE	0.460378044	TRUE	0.466599525	TRUE	0.444828553	TRUE	0.041097396	TRUE	0.074896685	TRUE	18.93674589	TRUE	0.001318004
Cal_Batch13_2357	601	6.13E-11	2.08E-13	5.48E-13	TRUE	0.570578231	TRUE	0.621817393	TRUE	0.608219891	TRUE	0.054949536	TRUE	0.222297778	TRUE	23.49661781	TRUE	0.00233775
Cal_Batch18_2117	765	6.13E-11	2.08E-13	5.48E-13	TRUE	0.542214912	TRUE	0.371390957	TRUE	0.345436564	TRUE	0.047881033	TRUE	0.062861061	TRUE	42.24396336	TRUE	0.001565629
Cal_Batch15_9479	685	6.03E-11	2.05E-13	5.40E-13	TRUE	0.56510985	TRUE	0.460348185	TRUE	0.404391446	TRUE	0.035753288	TRUE	0.047215213	TRUE	37.98901099	TRUE	0.00125824
Cal_Batch11_1534	702	5.97E-11	2.03E-13	5.35E-13	TRUE	0.602768698	TRUE	0.487259087	TRUE	0.606667486	TRUE	0.080996445	TRUE	0.11787414	TRUE	24.41608392	TRUE	0.001488191
Cal_Batch7_9535	683	5.78E-11	1.96E-13	5.16E-13	TRUE	0.505472302	TRUE	0.48238138	TRUE	0.442652175	TRUE	0.026001738	TRUE	0.051463615	TRUE	24.57803	TRUE	0.001190881
Cal_Batch17_5324	819	5.68E-11	1.93E-13	5.08E-13	TRUE	0.5407877	TRUE	0.474205149	TRUE	0.317380143	TRUE	0.048839067	TRUE	0.084699384	TRUE	27.99162996	TRUE	0.001417837
Cal_Batch16_6448	606	5.59E-11	1.90E-13	5.01E-13	TRUE	0.554542138	TRUE	0.617338316	TRUE	0.527815169	TRUE	0.066644949	TRUE	0.158362725	TRUE	28.71681416	TRUE	0.002396024
Cal_Batch24_9402	684	5.46E-11	1.86E-13	4.90E-13	TRUE	0.583956916	TRUE	0.467777257	TRUE	0.443664598	TRUE	0.03212147	TRUE	0.098192043	TRUE	45.37593985	TRUE	0.001289305
Cal_Batch24_6304	756	5.29E-11	1.80E-13	4.74E-13	TRUE	0.480624382	TRUE	0.438402419	TRUE	0.386806991	TRUE	0.053536683	TRUE	0.071478702	TRUE	23.89584191	TRUE	0.001393446
Cal_Batch15_557	758	5.27E-11	1.79E-13	4.72E-13	TRUE	0.441362831	TRUE	0.384293225	TRUE	0.371404503	TRUE	0.026846518	TRUE	0.108028897	TRUE	22.38364167	TRUE	0.001452405
Cal_Batch21_8319	797	5.17E-11	1.76E-13	4.64E-13	TRUE	0.45827302	TRUE	0.317784662	TRUE	0.306085485	TRUE	0.059777421	TRUE	0.081081929	TRUE	30.82113531	TRUE	0.001640768
Cal_Batch24_3282	667	5.09E-11	1.73E-13	4.56E-13	TRUE	0.484145346	TRUE	0.532506556	TRUE	0.491665504	TRUE	0.064198729	TRUE	0.077086061	TRUE	17.60748048	TRUE	0.001373276
Cal_Batch5_8150	691	5.06E-11	1.72E-13	4.53E-13	TRUE	0.506175491	TRUE	0.485703867	TRUE	0.307893695	TRUE	0.039233058	TRUE	0.099724908	TRUE	24.09792028	TRUE	0.001339753
Cal_Batch12_2513	588	4.99E-11	1.70E-13	4.48E-13	TRUE	0.583927324	TRUE	0.629501167	TRUE	0.635669181	TRUE	0.07216864	TRUE	0.246146933	TRUE	24.69874477	TRUE	0.002410878
Cal_Batch5_5321	752	4.97E-11	1.69E-13	4.45E-13	TRUE	0.53219199	TRUE	0.415927496	TRUE	0.511079396	TRUE	0.032698744	TRUE	0.125947971	TRUE	25.0290611	TRUE	0.0014025
Cal_Batch13_287	680	4.86E-11	1.65E-13	4.35E-13	TRUE	0.451595398	TRUE	0.545539021	TRUE	0.378021008	TRUE	0.060948587	TRUE	0.118807723	TRUE	15.53194263	TRUE	0.001410878
Cal_Batch3_5074	693	4.87E-11	1.65E-13	4.35E-13	TRUE	0.601602699	TRUE	0.462094834	TRUE	0.509433277	TRUE	0.029156796	TRUE	0.05103464	TRUE	40.63001028	TRUE	0.0010607
Cal_Batch15_535	621	4.81E-11	1.64E-13	4.32E-13	TRUE	0.417081064	TRUE	0.502250986	TRUE	0.498364743	TRUE	0.074691045	TRUE	0.249275554	TRUE	15.55162659	TRUE	0.003035692
Cal_Batch4_5651	779	4.82E-11	1.64E-13	4.32E-13	TRUE	0.486820511	TRUE	0.454005333	TRUE	0.456102019	TRUE	0.042116905	TRUE	0.094204102	TRUE	22.21980676	TRUE	0.001335141
Cal_Batch12_6401	744	4.83E-11	1.64E-13	4.32E-13	TRUE	0.542927632	TRUE	0.504229672	TRUE	0.496541268	TRUE	0.029806261	TRUE	0.064455765	TRUE	23.94705295	TRUE	0.001130338
Cal_Batch18_6678	794	4.82E-11	1.64E-13	4.32E-13	TRUE	0.350728616	TRUE	0.31462528	TRUE	0.305890189	TRUE	0.068120539	TRUE	0.126089698	TRUE	16.77044577	TRUE	0.00196555
Cal_Batch27_687	645	4.84E-11	1.64E-13	4.32E-13	TRUE	0.398612886	TRUE	0.5423033	TRUE	0.369171868	TRUE	0.1628711	TRUE	0.244352429	TRUE	18.91527273	TRUE	0.003554546
Cal_Batch17_1892	772	4.76E-11	1.62E-13	4.27E-13	TRUE	0.450970079	TRUE	0.360628607	TRUE	0.401091156	TRUE	0.058990797	TRUE	0.0930627	TRUE	23.78098592	TRUE	0.001530206
Cal_Batch20_7634	589	4.69E-11	1.59E-13	4.19E-13	TRUE	0.617323613	TRUE	0.624090232	TRUE	0.543545879	TRUE	0.090821977	TRUE	0.236877489	TRUE	40.59672619	TRUE	0.002663992
Cal_Batch21_8682	731	4.64E-11	1.58E-13	4.16E-13	TRUE	0.527728469	TRUE	0.540533752	TRUE	0.375499785	TRUE	0.045936081	TRUE	0.067581992	TRUE	23.63991081	TRUE	0.001305728
Cal_Batch20_2979	702	4.60E-11	1.56E-13	4.11E-13	TRUE	0.565571545	TRUE	0.525548006	TRUE	0.478112543	TRUE	0.117587768	TRUE	0.185086447	TRUE	37.81960461	TRUE	0.003333178
Cal_Batch3_1609	650	4.57E-11	1.55E-13	4.08E-13	TRUE	0.39688755	TRUE	0.569390366	TRUE	0.379278723	TRUE	0.201043258	TRUE	0.235291011	TRUE	15.36633267	TRUE	0.003783985
Cal_Batch3_7886	758	4.52E-11	1.54E-13	4.06E-13	TRUE	0.484329272	TRUE	0.367579027	TRUE	0.349036768	TRUE	0.036306892	TRUE	0.088055537	TRUE	31.99871383	TRUE	0.001466543
Cal_Batch21_3570	840	4.54E-11	1.54E-13	4.06E-13	TRUE	0.555140803	TRUE	0.402842154	TRUE	0.340121165	TRUE	0.044926369	TRUE	0.061160372	TRUE	29.60521042	TRUE	0.001652312
Cal_Batch24_437	618	4.43E-11	1.51E-13	3.98E-13	TRUE	0.441054635	TRUE	0.528931707	TRUE	0.398050219	TRUE	0.151890005	TRUE	0.221616245	TRUE	25.55634278	TRUE	0.003413337
Cal_Batch5_7244	744	4.23E-11	1.44E-13	3.79E-13	TRUE	0.491613561	TRUE	0.56339126	TRUE	0.410009099	TRUE	0.058393937	TRUE	0.09832697	TRUE	15.53981763	TRUE	0.001399544
Cal_Batch9_3948	614	4.11E-11	1.40E-13	3.69E-13	TRUE	0.439292311	TRUE	0.525904621	TRUE	0.388372037	TRUE	0.155319843	TRUE	0.224883106	TRUE	22.65371162	TRUE	0.003495978
Cal_Batch14_5793	760	4.06E-11	1.38E-13	3.64E-13	TRUE	0.468987059	TRUE	0.506483315	TRUE	0.37704415	TRUE	0.049497017	TRUE	0.098424819	TRUE	15.4255814	TRUE	0.001481418
Cal_Batch9_4138	722	3.82E-11	1.30E-13	3.42E-13	TRUE	0.473087955	TRUE	0.482817422	TRUE	0.370030695	TRUE	0.028014341	TRUE	0.061482292	TRUE	21.83148688	TRUE	0.00125393
Cal_Batch21_7846	668	3.75E-11	1.27E-13	3.35E-13	TRUE	0.377025148	TRUE	0.507926264	TRUE	0.421836328	TRUE	0.08269151	TRUE	0.213765167	TRUE	17.30907457	TRUE	0.003302277
Cal_Batch2_9771	681	3.75E-11	1.27E-13	3.35E-13	TRUE	0.479916161	TRUE	0.539687083	TRUE	0.363807082	TRUE	0.052057714	TRUE	0.058429398	TRUE	19.47773585	TRUE	0.001332307
Cal_Batch7_5044	733	3.62E-11	1.23E-13	3.24E-13	TRUE	0.421869267	TRUE	0.431503471	TRUE	0.410372936	TRUE	0.026092687	TRUE	0.094411177	TRUE	16.83690176	TRUE	0.001343036
Cal_Batch11_2577	742	3.57E-11	1.21E-13	3.19E-13	TRUE	0.473802881	TRUE	0.505593002	TRUE	0.366859222	TRUE	0.060611873	TRUE	0.123637762	TRUE	19.08352561	TRUE	0.00146257
Cal_Batch14_2966	653	3.57E-11	1.21E-13	3.19E-13	TRUE	0.478677018	TRUE	0.522668072	TRUE	0.514222834	TRUE	0.045712086	TRUE	0.077695298	TRUE	15.08226769	TRUE	0.001228862
Cal_Batch20_5869	644	3.57E-11	1.21E-13	3.19E-13	TRUE	0.405994236	TRUE	0.504718218	TRUE	0.398656418	TRUE	0.178302698	TRUE	0.233131426	TRUE	22.41267654	TRUE	0.003705733
Cal_Batch22_3875	579	3.52E-11	1.20E-13	3.16E-13	TRUE	0.558187244	TRUE	0.608111247	TRUE	0.626554411	TRUE	0.054704663	TRUE	0.168146311	TRUE	20.80670391	TRUE	0.002025775
Cal_Batch12_3274	636	3.45E-11	1.17E-13	3.08E-13	TRUE	0.52256506	TRUE	0.513132453	TRUE	0.419691967	TRUE	0.162238584	TRUE	0.207720287	TRUE	40.75148711	TRUE	0.003528077
Cal_Batch12_7231	638	3.41E-11	1.16E-13	3.06E-13	TRUE	0.623488003	TRUE	0.611487285	TRUE	0.595466705	TRUE	0.022562524	TRUE	0.078069912	TRUE	26.98001211	TRUE	0.000860391
Cal_Batch21_2081	740	3.35E-11	1.14E-13	3.00E-13	TRUE	0.45695646	TRUE	0.476275468	TRUE	0.341631453	TRUE	0.042026713	TRUE	0.064431777	TRUE	17.98430034	TRUE	0.001335599
Cal_Batch28_3310	615	3.33E-11	1.13E-13	2.98E-13	TRUE	0.524045677	TRUE	0.559101252	TRUE	0.501612163	TRUE	0.109930308	TRUE	0.226787004	TRUE	28.02758077	TRUE	0.003118992
Cal_Batch6_1877	707	3.21E-11	1.09E-13	2.87E-13	TRUE	0.496008076	TRUE	0.433485039	TRUE	0.327686966	TRUE	0.061984167	TRUE	0.083920004	TRUE	27.86414254	TRUE	0.001587882
Cal_Batch22_5897	703	3.12E-11	1.06E-13	2.79E-13	TRUE	0.595768881	TRUE	0.534205255	TRUE	0.337363394	TRUE	0.03886755	TRUE	0.064205512	TRUE	31.03467406	TRUE	0.001301717
Cal_Batch17_7590	722	3.08E-11	1.05E-13	2.77E-13	TRUE	0.477874052	TRUE	0.346245175	TRUE	0.424293079	TRUE	0.063707095	TRUE	0.107755351	TRUE	34.68527205	TRUE	0.001638449
Cal_Batch7_5774	833	2.96E-11	1.01E-13	2.66E-13	TRUE	0.437000156	TRUE	0.434506932	TRUE	0.371793902	TRUE	0.042147464	TRUE	0.07455981	TRUE	18.28587486	TRUE	0.001486692
Cal_Batch20_861	785	2.86E-11	9.71E-14	2.56E-13	TRUE	0.44532399	TRUE	0.301298455	TRUE	0.449145861	TRUE	0.046537057	TRUE	0.133860213	TRUE	25.73974026	TRUE	0.001784213
Cal_Batch2_9583	702	2.78E-11	9.44E-14	2.49E-13	TRUE	0.450748955	TRUE	0.463223601	TRUE	0.389598421	TRUE	0.021818565	TRUE	0.064945295	TRUE	19.85082697	TRUE	0.001302746
Cal_Batch10_3420	712	2.76E-11	9.37E-14	2.47E-13	TRUE	0.574825573	TRUE	0.437919957	TRUE	0.473064957	TRUE	0.019411426	TRUE	0.056362178	TRUE	24.04901118	TRUE	0.001099166
Cal_Batch17_6321	616	2.72E-11	9.24E-14	2.43E-13	TRUE	0.455849691	TRUE	0.520014443	TRUE	0.442368862	TRUE	0.146557436	TRUE	0.215539667	TRUE	28.76040172	TRUE	0.003517878
Cal_Batch19_2802	618	2.64E-11	8.98E-14	2.37E-13	TRUE	0.556437224	TRUE	0.611859961	TRUE	0.382076394	TRUE	0.156594821	TRUE	0.228710179	TRUE	31.29937748	TRUE	0.003327283
Cal_Batch3_7300	647	2.62E-11	8.90E-14	2.34E-13	TRUE	0.43773815	TRUE	0.566902208	TRUE	0.416252851	TRUE	0.184324321	TRUE	0.232119377	TRUE	23.21480583	TRUE	0.003554323
Cal_Batch15_5010	698	2.60E-11	8.83E-14	2.33E-13	TRUE	0.57346185	TRUE	0.525060221	TRUE	0.404447576	TRUE	0.062304235	TRUE	0.127477221	TRUE	31.15125136	TRUE	0.001415518
Cal_Batch23_5358	721	2.57E-11	8.73E-14	2.30E-13	TRUE	0.4656547	TRUE	0.53122965	TRUE	0.454721408	TRUE	0.052723589	TRUE	0.119151673	TRUE	15.75230853	TRUE	0.001353269
Cal_Batch23_7905	628	2.54E-11	8.63E-14	2.27E-13	TRUE	0.476234056	TRUE	0.559511393	TRUE	0.522376289	TRUE	0.077215173	TRUE	0.217485719	TRUE	25.56228493	TRUE	0.002802819
Cal_Batch13_5633	624	2.52E-11	8.56E-14	2.25E-13	TRUE	0.588271042	TRUE	0.545934599	TRUE	0.521776285	TRUE	0.078689563	TRUE	0.224187706	TRUE	43.31693989	TRUE	0.002964454
Cal_Batch14_3934	742	2.27E-11	7.73E-14	2.04E-13	TRUE	0.48584323	TRUE	0.486461038	TRUE	0.404339328	TRUE	0.064261672	TRUE	0.094076622	TRUE	18.11646586	TRUE	0.001490971
Cal_Batch7_8479	724	2.27E-11	7.73E-14	2.04E-13	TRUE	0.627946485	TRUE	0.418737979	TRUE	0.3747461	TRUE	0.024906105	TRUE	0.048191805	TRUE	62.58914729	TRUE	0.001130839
Cal_Batch21_3351	900	2.23E-11	7.59E-14	2.00E-13	TRUE	0.419643247	TRUE	0.377168575	TRUE	0.416886225	TRUE	0.0271946	TRUE	0.064421383	TRUE	17.92234548	TRUE	0.001367684
Cal_Batch8_3306	654	2.23E-11	7.58E-14	2.00E-13	TRUE	0.596702053	TRUE	0.558279994	TRUE	0.573615682	TRUE	0.054160746	TRUE	0.123323064	TRUE	21.52253429	TRUE	0.001227958
Cal_Batch8_7451	650	2.23E-11	7.58E-14	2.00E-13	TRUE	0.412076896	TRUE	0.605548574	TRUE	0.454119985	TRUE	0.174280788	TRUE	0.24971802	TRUE	16.22117647	TRUE	0.003358056
Cal_Batch25_722	792	2.21E-11	7.50E-14	1.98E-13	TRUE	0.414416788	TRUE	0.360940825	TRUE	0.363383707	TRUE	0.089023931	TRUE	0.10782611	TRUE	19.94894722	TRUE	0.001755831
Cal_Batch9_6326	657	2.19E-11	7.44E-14	1.96E-13	TRUE	0.643001696	TRUE	0.615791042	TRUE	0.57590603	TRUE	0.027621211	TRUE	0.078912583	TRUE	34.06719894	TRUE	0.000948079
Cal_Batch25_4561	687	2.18E-11	7.42E-14	1.95E-13	TRUE	0.406308753	TRUE	0.591875372	TRUE	0.427658648	TRUE	0.131055316	TRUE	0.221576349	TRUE	15.74770515	TRUE	0.003320636
Cal_Batch16_5072	664	2.13E-11	7.24E-14	1.91E-13	TRUE	0.521321429	TRUE	0.497102363	TRUE	0.439959182	TRUE	0.04164964	TRUE	0.098492145	TRUE	25.81217617	TRUE	0.001292565
Cal_Batch25_961	585	2.04E-11	6.94E-14	1.83E-13	TRUE	0.53431161	TRUE	0.574128153	TRUE	0.57129101	TRUE	0.04987485	TRUE	0.145980941	TRUE	20.27235355	TRUE	0.00222385
Cal_Batch5_3193	820	1.98E-11	6.74E-14	1.78E-13	TRUE	0.418857963	TRUE	0.324630271	TRUE	0.354755682	TRUE	0.03376832	TRUE	0.107313895	TRUE	23.84541808	TRUE	0.001561325
Cal_Batch6_9251	624	1.97E-11	6.70E-14	1.76E-13	TRUE	0.602577355	TRUE	0.612566809	TRUE	0.409715312	TRUE	0.142136544	TRUE	0.231214321	TRUE	42.04545455	TRUE	0.003202906
Cal_Batch23_1165	694	1.94E-11	6.61E-14	1.74E-13	TRUE	0.536857702	TRUE	0.531238326	TRUE	0.392043484	TRUE	0.06709577	TRUE	0.077907833	TRUE	24.08604207	TRUE	0.001432331
Cal_Batch6_4904	671	1.89E-11	6.41E-14	1.69E-13	TRUE	0.394688578	TRUE	0.522164332	TRUE	0.381740084	TRUE	0.141121687	TRUE	0.239710701	TRUE	19.42756184	TRUE	0.003682551
Cal_Batch17_9316	782	1.80E-11	6.11E-14	1.61E-13	TRUE	0.554766812	TRUE	0.402786633	TRUE	0.352620003	TRUE	0.016224332	TRUE	0.041919824	TRUE	41.43721357	TRUE	0.001275617
Cal_Batch19_2070	636	1.79E-11	6.08E-14	1.60E-13	TRUE	0.444158234	TRUE	0.474028278	TRUE	0.3558139	TRUE	0.191251035	TRUE	0.226659488	TRUE	28.3422782	TRUE	0.003818799
Cal_Batch28_1583	679	1.74E-11	5.91E-14	1.56E-13	TRUE	0.582294745	TRUE	0.425197323	TRUE	0.48934865	TRUE	0.025417124	TRUE	0.114922809	TRUE	37.95274981	TRUE	0.001321423
Cal_Batch24_4594	743	1.73E-11	5.87E-14	1.55E-13	TRUE	0.413321056	TRUE	0.432839975	TRUE	0.332096857	TRUE	0.052244661	TRUE	0.113208965	TRUE	17.61816839	TRUE	0.001484675
Cal_Batch18_3543	754	1.72E-11	5.83E-14	1.54E-13	TRUE	0.629172126	TRUE	0.519185019	TRUE	0.380530159	TRUE	0.055534683	TRUE	0.075086332	TRUE	39.71927162	TRUE	0.001357795
Cal_Batch16_8770	609	1.71E-11	5.81E-14	1.53E-13	TRUE	0.492046046	TRUE	0.643888785	TRUE	0.455874583	TRUE	0.148438533	TRUE	0.224329507	TRUE	23.65758211	TRUE	0.003191611
Cal_Batch19_3999	854	1.65E-11	5.62E-14	1.48E-13	TRUE	0.55193231	TRUE	0.416681847	TRUE	0.328746194	TRUE	0.074358925	TRUE	0.107382327	TRUE	32.07353793	TRUE	0.001555728
Cal_Batch24_9360	589	1.64E-11	5.58E-14	1.47E-13	TRUE	0.61872967	TRUE	0.580342753	TRUE	0.48149451	TRUE	0.070832296	TRUE	0.187089153	TRUE	64.13960703	TRUE	0.00282788
Cal_Batch18_3233	610	1.62E-11	5.49E-14	1.45E-13	TRUE	0.585753446	TRUE	0.623543396	TRUE	0.57148891	TRUE	0.068485903	TRUE	0.188452241	TRUE	30.3949258	TRUE	0.002497664
Cal_Batch23_4496	594	1.58E-11	5.37E-14	1.41E-13	TRUE	0.540841929	TRUE	0.577910056	TRUE	0.571370002	TRUE	0.083479722	TRUE	0.193670021	TRUE	25.85330347	TRUE	0.002604188
Cal_Batch23_8807	726	1.57E-11	5.35E-14	1.41E-13	TRUE	0.496122528	TRUE	0.424190306	TRUE	0.369155092	TRUE	0.023204942	TRUE	0.081392003	TRUE	27.14937153	TRUE	0.001282621
Cal_Batch6_5063	667	1.57E-11	5.34E-14	1.41E-13	TRUE	0.637287157	TRUE	0.581859544	TRUE	0.451118398	TRUE	0.040140131	TRUE	0.066464597	TRUE	35.50631136	TRUE	0.001113443
Cal_Batch11_7266	690	1.54E-11	5.25E-14	1.38E-13	TRUE	0.567987507	TRUE	0.511994376	TRUE	0.491377211	TRUE	0.025413124	TRUE	0.057917734	TRUE	28.35514462	TRUE	0.001022752
Cal_Batch22_5250	662	1.50E-11	5.09E-14	1.34E-13	TRUE	0.498033126	TRUE	0.604939366	TRUE	0.448497765	TRUE	0.140533573	TRUE	0.19934917	TRUE	23.83447418	TRUE	0.003266193
Cal_Batch9_5652	728	1.45E-11	4.92E-14	1.30E-13	TRUE	0.566470994	TRUE	0.528625595	TRUE	0.340828942	TRUE	0.081983068	TRUE	0.10114884	TRUE	33.67085077	TRUE	0.001579658
Cal_Batch6_5022	672	1.44E-11	4.89E-14	1.29E-13	TRUE	0.522742702	TRUE	0.511821425	TRUE	0.405844115	TRUE	0.021323036	TRUE	0.065847786	TRUE	29.38115817	TRUE	0.001168445
Cal_Batch13_7713	805	1.43E-11	4.86E-14	1.28E-13	TRUE	0.47206471	TRUE	0.422037104	TRUE	0.33280797	TRUE	0.052424132	TRUE	0.087766122	TRUE	23.71854472	TRUE	0.001545915
Cal_Batch17_8015	852	1.43E-11	4.86E-14	1.28E-13	TRUE	0.467738241	TRUE	0.469391181	TRUE	0.32099793	TRUE	0.094111144	TRUE	0.12292103	TRUE	16.87373272	TRUE	0.001821793
Cal_Batch2_1043	634	1.43E-11	4.85E-14	1.28E-13	TRUE	0.448477192	TRUE	0.555420527	TRUE	0.47625804	TRUE	0.10387173	TRUE	0.243067461	TRUE	23.79311757	TRUE	0.003208629
Cal_Batch25_8277	952	1.41E-11	4.80E-14	1.26E-13	TRUE	0.595967978	TRUE	0.439376058	TRUE	0.465727826	TRUE	0.020303668	TRUE	0.059721293	TRUE	31.22412774	TRUE	0.001288951
Cal_Batch17_2166	621	1.40E-11	4.76E-14	1.25E-13	TRUE	0.457161639	TRUE	0.62156807	TRUE	0.510253451	TRUE	0.096833389	TRUE	0.221912362	TRUE	19.07295762	TRUE	0.002890022
Cal_Batch15_4355	694	1.40E-11	4.75E-14	1.25E-13	TRUE	0.509691641	TRUE	0.538011992	TRUE	0.490481491	TRUE	0.019176841	TRUE	0.042237748	TRUE	17.88661281	TRUE	0.000994663
Cal_Batch2_6481	646	1.37E-11	4.66E-14	1.23E-13	TRUE	0.467359727	TRUE	0.531145041	TRUE	0.498630586	TRUE	0.022295677	TRUE	0.06624616	TRUE	15.34073821	TRUE	0.001004115
Cal_Batch4_6798	613	1.31E-11	4.46E-14	1.17E-13	TRUE	0.599786294	TRUE	0.604851402	TRUE	0.393346824	TRUE	0.114070178	TRUE	0.240402179	TRUE	44.76374269	TRUE	0.002993441
Cal_Batch6_5804	668	1.31E-11	4.44E-14	1.17E-13	TRUE	0.618171985	TRUE	0.500282892	TRUE	0.339538724	TRUE	0.044332045	TRUE	0.061620661	TRUE	48.5923149	TRUE	0.001284895
Cal_Batch18_7188	645	1.29E-11	4.37E-14	1.15E-13	TRUE	0.490775083	TRUE	0.595620112	TRUE	0.480137768	TRUE	0.143948253	TRUE	0.188332082	TRUE	24.38417758	TRUE	0.003343364
Cal_Batch7_6648	698	1.27E-11	4.30E-14	1.13E-13	TRUE	0.533121316	TRUE	0.511559131	TRUE	0.323925504	TRUE	0.056913744	TRUE	0.078076202	TRUE	25.19915651	TRUE	0.001367961
Cal_Batch25_9819	664	1.26E-11	4.29E-14	1.13E-13	TRUE	0.627062468	TRUE	0.510308791	TRUE	0.422758581	TRUE	0.047019258	TRUE	0.071452132	TRUE	47.39226033	TRUE	0.001228844
Cal_Batch26_5554	649	1.22E-11	4.14E-14	1.09E-13	TRUE	0.546303743	TRUE	0.520962498	TRUE	0.555044831	TRUE	0.049168579	TRUE	0.084467095	TRUE	21.60990248	TRUE	0.001194725
Cal_Batch14_3669	634	1.20E-11	4.09E-14	1.08E-13	TRUE	0.601076813	TRUE	0.57532359	TRUE	0.476643181	TRUE	0.103963316	TRUE	0.234739499	TRUE	45.39863131	TRUE	0.003120922
Cal_Batch5_9258	718	1.15E-11	3.92E-14	1.03E-13	TRUE	0.617242835	TRUE	0.523109755	TRUE	0.553926702	TRUE	0.046180296	TRUE	0.076108496	TRUE	37.64833906	TRUE	0.001149329
Cal_Batch9_798	623	1.14E-11	3.89E-14	1.02E-13	TRUE	0.477279582	TRUE	0.612861639	TRUE	0.522874557	TRUE	0.15034973	TRUE	0.211410164	TRUE	20.25331725	TRUE	0.003210316
Cal_Batch20_197	721	1.11E-11	3.77E-14	9.93E-14	TRUE	0.530434783	TRUE	0.450790987	TRUE	0.467468575	TRUE	0.043175006	TRUE	0.065163846	TRUE	27.13671444	TRUE	0.00130824
Cal_Batch19_8450	811	1.07E-11	3.65E-14	9.62E-14	TRUE	0.418204649	TRUE	0.333013526	TRUE	0.380464213	TRUE	0.089940036	TRUE	0.108981742	TRUE	20.72736879	TRUE	0.001877205
Cal_Batch16_6923	639	1.07E-11	3.64E-14	9.59E-14	TRUE	0.393176087	TRUE	0.535205333	TRUE	0.437255875	TRUE	0.0871535	TRUE	0.211531851	TRUE	15.95586381	TRUE	0.003154089
Cal_Batch17_2705	649	1.02E-11	3.48E-14	9.17E-14	TRUE	0.451421199	TRUE	0.528671886	TRUE	0.378452007	TRUE	0.146445293	TRUE	0.223939923	TRUE	26.89458955	TRUE	0.003621458
Cal_Batch18_793	693	9.98E-12	3.39E-14	8.93E-14	TRUE	0.617073171	TRUE	0.575032633	TRUE	0.590368981	TRUE	0.028530861	TRUE	0.103507729	TRUE	23.57863751	TRUE	0.00105943
Cal_Batch2_6579	726	9.71E-12	3.30E-14	8.69E-14	TRUE	0.576305924	TRUE	0.450896373	TRUE	0.40166453	TRUE	0.024860281	TRUE	0.056740781	TRUE	41.71036585	TRUE	0.001201791
Cal_Batch11_3959	733	9.67E-12	3.28E-14	8.64E-14	TRUE	0.504379432	TRUE	0.40879947	TRUE	0.314668264	TRUE	0.037203507	TRUE	0.070742089	TRUE	30.67220217	TRUE	0.001450957
Cal_Batch24_8502	705	9.15E-12	3.11E-14	8.19E-14	TRUE	0.481354353	TRUE	0.441367934	TRUE	0.462719145	TRUE	0.046503506	TRUE	0.094955442	TRUE	20.75229358	TRUE	0.001307929
Cal_Batch20_2553	763	8.79E-12	2.99E-14	7.88E-14	TRUE	0.555461593	TRUE	0.367749376	TRUE	0.362612135	TRUE	0.033419781	TRUE	0.044809694	TRUE	42.88566553	TRUE	0.001389631
Cal_Batch13_8127	751	8.71E-12	2.96E-14	7.80E-14	TRUE	0.514022539	TRUE	0.396004092	TRUE	0.400346302	TRUE	0.049057243	TRUE	0.063101589	TRUE	33.01861042	TRUE	0.0014243
Cal_Batch23_3421	719	8.54E-12	2.90E-14	7.64E-14	TRUE	0.628832048	TRUE	0.410940838	TRUE	0.460462874	TRUE	0.021230328	TRUE	0.109295081	TRUE	53.34210526	TRUE	0.001269111
Cal_Batch4_1789	701	8.53E-12	2.90E-14	7.64E-14	TRUE	0.575518818	TRUE	0.530556095	TRUE	0.511594307	TRUE	0.033228665	TRUE	0.096685332	TRUE	36.86082474	TRUE	0.001189591
Cal_Batch23_6588	698	8.33E-12	2.83E-14	7.46E-14	TRUE	0.571056424	TRUE	0.557203006	TRUE	0.551648267	TRUE	0.037338365	TRUE	0.093854188	TRUE	22.09297659	TRUE	0.001086169
Cal_Batch4_6763	740	8.07E-12	2.74E-14	7.22E-14	TRUE	0.489749615	TRUE	0.353299619	TRUE	0.438445731	TRUE	0.016806527	TRUE	0.091633043	TRUE	22.85406464	TRUE	0.001264937
Cal_Batch15_7253	722	7.85E-12	2.67E-14	7.03E-14	TRUE	0.439277512	TRUE	0.423742986	TRUE	0.440392572	TRUE	0.02411025	TRUE	0.118660609	TRUE	17.6174359	TRUE	0.001303659
Cal_Batch25_6292	596	7.76E-12	2.63E-14	6.93E-14	TRUE	0.50099087	TRUE	0.642319642	TRUE	0.513494117	TRUE	0.100154473	TRUE	0.206332888	TRUE	22.30403397	TRUE	0.002862508
Cal_Batch12_3008	757	7.63E-12	2.59E-14	6.82E-14	TRUE	0.47822463	TRUE	0.592700265	TRUE	0.436249466	TRUE	0.03804618	TRUE	0.060220407	TRUE	15.1216443	TRUE	0.001151106
Cal_Batch10_6470	860	7.08E-12	2.41E-14	6.35E-14	TRUE	0.400381399	TRUE	0.420037251	TRUE	0.430581367	TRUE	0.029470505	TRUE	0.047334392	TRUE	15.43881857	TRUE	0.001396165
Cal_Batch12_9772	660	6.43E-12	2.18E-14	5.74E-14	TRUE	0.62978206	TRUE	0.490730901	TRUE	0.395430048	TRUE	0.05477799	TRUE	0.089348514	TRUE	63.49315068	TRUE	0.001283475
Cal_Batch15_8358	803	6.35E-12	2.16E-14	5.69E-14	TRUE	0.441175129	TRUE	0.374226991	TRUE	0.310201056	TRUE	0.056132495	TRUE	0.0797979	TRUE	22.71058434	TRUE	0.001751081
Cal_Batch5_1139	715	6.35E-12	2.16E-14	5.69E-14	TRUE	0.501654135	TRUE	0.472522841	TRUE	0.490261378	TRUE	0.023538022	TRUE	0.053341029	TRUE	19.95316916	TRUE	0.001100376
Cal_Batch16_4380	804	6.25E-12	2.12E-14	5.58E-14	TRUE	0.364850895	TRUE	0.340719279	TRUE	0.338642456	TRUE	0.078971764	TRUE	0.103045989	TRUE	16.03673664	TRUE	0.002075565
Cal_Batch22_8511	676	6.21E-12	2.11E-14	5.56E-14	TRUE	0.519207147	TRUE	0.515573514	TRUE	0.51819929	TRUE	0.032048324	TRUE	0.084966176	TRUE	18.19838057	TRUE	0.001126918
Cal_Batch25_7779	747	6.05E-12	2.06E-14	5.43E-14	TRUE	0.412925719	TRUE	0.347271953	TRUE	0.411299035	TRUE	0.030072948	TRUE	0.098365749	TRUE	19.32580757	TRUE	0.001401051
Cal_Batch21_5568	647	6.03E-12	2.05E-14	5.40E-14	TRUE	0.381460593	TRUE	0.488660942	TRUE	0.412283395	TRUE	0.094744067	TRUE	0.218098061	TRUE	18.63903282	TRUE	0.003370651
Cal_Batch25_5851	782	5.99E-12	2.03E-14	5.35E-14	TRUE	0.432442826	TRUE	0.443502991	TRUE	0.39757162	TRUE	0.019577291	TRUE	0.07710516	TRUE	17.99782135	TRUE	0.001195036
Cal_Batch11_6054	660	5.84E-12	1.99E-14	5.24E-14	TRUE	0.38174835	TRUE	0.502153549	TRUE	0.458609927	TRUE	0.116735206	TRUE	0.197824764	TRUE	16.53799099	TRUE	0.003473606
Cal_Batch7_4814	793	5.87E-12	1.99E-14	5.24E-14	TRUE	0.353796157	TRUE	0.32042438	TRUE	0.355612936	TRUE	0.030413424	TRUE	0.082991822	TRUE	17.35294118	TRUE	0.001503945
Cal_Batch5_4965	589	5.74E-12	1.95E-14	5.14E-14	TRUE	0.469478484	TRUE	0.643581495	TRUE	0.553760149	TRUE	0.050288977	TRUE	0.141114547	TRUE	15.65387252	TRUE	0.002265011
Cal_Batch5_1128	669	5.30E-12	1.80E-14	4.74E-14	TRUE	0.569444444	TRUE	0.449919157	TRUE	0.475930714	TRUE	0.024084854	TRUE	0.071001268	TRUE	34.99585062	TRUE	0.001115085
Cal_Batch16_7892	596	5.20E-12	1.76E-14	4.64E-14	TRUE	0.601433994	TRUE	0.641417157	TRUE	0.611547384	TRUE	0.08065635	TRUE	0.139392298	TRUE	25.29456706	TRUE	0.002297736
Cal_Batch11_1380	594	5.16E-12	1.75E-14	4.61E-14	TRUE	0.552741202	TRUE	0.632377198	TRUE	0.609991665	TRUE	0.073796838	TRUE	0.232410346	TRUE	18.04764638	TRUE	0.002558532
Cal_Batch9_3641	813	5.14E-12	1.74E-14	4.58E-14	TRUE	0.516389589	TRUE	0.52969772	TRUE	0.474801353	TRUE	0.05658928	TRUE	0.091031776	TRUE	19.27079002	TRUE	0.001332792
Cal_Batch24_1783	799	5.05E-12	1.71E-14	4.50E-14	TRUE	0.421758084	TRUE	0.424893837	TRUE	0.309700116	TRUE	0.083767677	TRUE	0.119436658	TRUE	16.20970266	TRUE	0.001791367
Cal_Batch20_9169	620	4.86E-12	1.65E-14	4.35E-14	TRUE	0.407605933	TRUE	0.486026211	TRUE	0.403364226	TRUE	0.074531306	TRUE	0.249017738	TRUE	21.64881281	TRUE	0.003408425
Cal_Batch9_2019	715	4.78E-12	1.62E-14	4.27E-14	TRUE	0.582108191	TRUE	0.41716907	TRUE	0.472243523	TRUE	0.013444778	TRUE	0.090395243	TRUE	36.14009662	TRUE	0.001230984
Cal_Batch23_2110	773	4.67E-12	1.59E-14	4.19E-14	TRUE	0.410264566	TRUE	0.312190394	TRUE	0.35952365	TRUE	0.02674616	TRUE	0.114076322	TRUE	23.65679443	TRUE	0.001542463
Cal_Batch3_8708	702	4.68E-12	1.59E-14	4.19E-14	TRUE	0.57975176	TRUE	0.590558973	TRUE	0.462548126	TRUE	0.048988367	TRUE	0.066993079	TRUE	27.36120401	TRUE	0.001184018
Cal_Batch17_1742	599	4.58E-12	1.56E-14	4.11E-14	TRUE	0.503289087	TRUE	0.582476525	TRUE	0.543904429	TRUE	0.092678405	TRUE	0.244442731	TRUE	24.72253521	TRUE	0.00302301
Cal_Batch25_9942	609	4.55E-12	1.55E-14	4.08E-14	TRUE	0.515048201	TRUE	0.59308202	TRUE	0.521391117	TRUE	0.092958371	TRUE	0.199722868	TRUE	23.18788163	TRUE	0.002762724
Cal_Batch11_8919	722	4.41E-12	1.50E-14	3.95E-14	TRUE	0.47646873	TRUE	0.476679524	TRUE	0.378013645	TRUE	0.043318094	TRUE	0.099465287	TRUE	19.08421053	TRUE	0.001301778
Cal_Batch22_3303	762	4.42E-12	1.50E-14	3.95E-14	TRUE	0.458176266	TRUE	0.57132273	TRUE	0.454063815	TRUE	0.050205438	TRUE	0.092767479	TRUE	15.15813686	TRUE	0.001217116
Cal_Batch7_1610	616	4.32E-12	1.47E-14	3.87E-14	TRUE	0.612068359	TRUE	0.518078732	TRUE	0.395863709	TRUE	0.120008814	TRUE	0.242119269	TRUE	54.89737065	TRUE	0.003399311
Cal_Batch23_9165	685	4.23E-12	1.44E-14	3.79E-14	TRUE	0.520713608	TRUE	0.532850834	TRUE	0.49919019	TRUE	0.031668037	TRUE	0.079001483	TRUE	22.17736077	TRUE	0.001046349
Cal_Batch8_6994	808	4.24E-12	1.44E-14	3.79E-14	TRUE	0.33449235	TRUE	0.308107414	TRUE	0.32306875	TRUE	0.03319546	TRUE	0.141453883	TRUE	15.08237624	TRUE	0.001776177
Cal_Batch21_5029	640	3.72E-12	1.26E-14	3.32E-14	TRUE	0.63859626	TRUE	0.460047026	TRUE	0.462920919	TRUE	0.021329796	TRUE	0.074868116	TRUE	58.52198241	TRUE	0.001101801
Cal_Batch5_3858	828	3.58E-12	1.22E-14	3.21E-14	TRUE	0.472969716	TRUE	0.554299441	TRUE	0.42912136	TRUE	0.043467036	TRUE	0.0958567	TRUE	15.5432615	TRUE	0.001310346
Cal_Batch17_3224	653	3.61E-12	1.22E-14	3.21E-14	TRUE	0.618659677	TRUE	0.550572282	TRUE	0.335454648	TRUE	0.067057447	TRUE	0.086353502	TRUE	31.76051502	TRUE	0.001345797
Cal_Batch26_1060	854	3.51E-12	1.19E-14	3.13E-14	TRUE	0.380350122	TRUE	0.364733588	TRUE	0.377040974	TRUE	0.059829703	TRUE	0.113224221	TRUE	15.68604651	TRUE	0.001750152
Cal_Batch6_890	690	3.34E-12	1.14E-14	3.00E-14	TRUE	0.606594272	TRUE	0.53726867	TRUE	0.524318082	TRUE	0.017870024	TRUE	0.047897603	TRUE	32.72256305	TRUE	0.000944194
Cal_Batch20_1288	646	3.17E-12	1.08E-14	2.85E-14	TRUE	0.583692185	TRUE	0.498783327	TRUE	0.526446356	TRUE	0.036969085	TRUE	0.104952798	TRUE	36.89017341	TRUE	0.001168087
Cal_Batch11_7777	770	3.18E-12	1.08E-14	2.85E-14	TRUE	0.63084885	TRUE	0.490978935	TRUE	0.371593927	TRUE	0.034812504	TRUE	0.070130677	TRUE	46.27784974	TRUE	0.001175619
Cal_Batch13_1634	595	3.14E-12	1.07E-14	2.82E-14	TRUE	0.56402225	TRUE	0.634194075	TRUE	0.535009452	TRUE	0.070114175	TRUE	0.182103578	TRUE	35.05181347	TRUE	0.002657241
Cal_Batch3_2085	718	3.16E-12	1.07E-14	2.82E-14	TRUE	0.507727511	TRUE	0.592931727	TRUE	0.361947504	TRUE	0.056405387	TRUE	0.081797776	TRUE	18.46791079	TRUE	0.001262802
Cal_Batch23_683	633	3.12E-12	1.06E-14	2.79E-14	TRUE	0.540767445	TRUE	0.614418981	TRUE	0.582771067	TRUE	0.043691572	TRUE	0.178191107	TRUE	21.91923991	TRUE	0.002351468
Cal_Batch25_1208	606	2.92E-12	9.92E-15	2.61E-14	TRUE	0.520408925	TRUE	0.619426128	TRUE	0.538907633	TRUE	0.048408936	TRUE	0.168156734	TRUE	25.49395973	TRUE	0.002368093
Cal_Batch24_9824	620	2.81E-12	9.54E-15	2.51E-14	TRUE	0.535655362	TRUE	0.562395648	TRUE	0.603250529	TRUE	0.097346562	TRUE	0.237330414	TRUE	27.5660793	TRUE	0.002885572
Cal_Batch19_3513	750	2.77E-12	9.41E-15	2.48E-14	TRUE	0.483510012	TRUE	0.408629926	TRUE	0.42600724	TRUE	0.020429576	TRUE	0.043291179	TRUE	21.06578947	TRUE	0.001260739
Cal_Batch23_1228	620	2.77E-12	9.40E-15	2.48E-14	TRUE	0.466584268	TRUE	0.452643925	TRUE	0.480065202	TRUE	0.17914129	TRUE	0.233922667	TRUE	27.25741525	TRUE	0.003750117
Cal_Batch28_3421	667	2.76E-12	9.39E-15	2.47E-14	TRUE	0.62177264	TRUE	0.498805018	TRUE	0.386161709	TRUE	0.031475232	TRUE	0.052808148	TRUE	46.12945368	TRUE	0.001206026
Cal_Batch11_7561	684	2.75E-12	9.35E-15	2.46E-14	TRUE	0.487401931	TRUE	0.476951593	TRUE	0.521492455	TRUE	0.056140549	TRUE	0.105242228	TRUE	19.74067334	TRUE	0.00126954
Cal_Batch14_7653	696	2.70E-12	9.17E-15	2.42E-14	TRUE	0.567071755	TRUE	0.510377436	TRUE	0.455914826	TRUE	0.040314123	TRUE	0.054205109	TRUE	30.29307116	TRUE	0.001183186
Cal_Batch21_8672	772	2.62E-12	8.89E-15	2.34E-14	TRUE	0.429289304	TRUE	0.397647371	TRUE	0.320130088	TRUE	0.031510457	TRUE	0.048480027	TRUE	22.85937049	TRUE	0.001378987
Cal_Batch23_3374	757	2.61E-12	8.87E-15	2.34E-14	TRUE	0.481669583	TRUE	0.35621643	TRUE	0.310873856	TRUE	0.029237376	TRUE	0.055421028	TRUE	28.70606372	TRUE	0.001503573
Cal_Batch16_9047	843	2.60E-12	8.84E-15	2.33E-14	TRUE	0.476203046	TRUE	0.429477678	TRUE	0.3557807	TRUE	0.043373855	TRUE	0.053583168	TRUE	19.75926513	TRUE	0.00144707
Cal_Batch20_9927	718	2.59E-12	8.78E-15	2.31E-14	TRUE	0.525393853	TRUE	0.435258366	TRUE	0.478564857	TRUE	0.08036774	TRUE	0.103972418	TRUE	23.67471496	TRUE	0.001564457
Cal_Batch20_601	588	2.56E-12	8.68E-15	2.29E-14	TRUE	0.60137457	TRUE	0.628380175	TRUE	0.608570308	TRUE	0.093928662	TRUE	0.243856631	TRUE	31.79242535	TRUE	0.002646004
Cal_Batch5_8102	739	2.54E-12	8.63E-15	2.27E-14	TRUE	0.580560535	TRUE	0.46721751	TRUE	0.40293351	TRUE	0.021531358	TRUE	0.079224361	TRUE	35.26762056	TRUE	0.001167165
Cal_Batch23_5842	729	2.52E-12	8.57E-15	2.26E-14	TRUE	0.494081731	TRUE	0.475781941	TRUE	0.446062846	TRUE	0.023754689	TRUE	0.053950431	TRUE	23.20346598	TRUE	0.001094161
Cal_Batch17_7623	590	2.43E-12	8.27E-15	2.18E-14	TRUE	0.616480163	TRUE	0.56651069	TRUE	0.596999724	TRUE	0.065244114	TRUE	0.211689357	TRUE	39.71388368	TRUE	0.002548578
Cal_Batch8_796	779	2.09E-12	7.10E-15	1.87E-14	TRUE	0.428642065	TRUE	0.432507505	TRUE	0.385782934	TRUE	0.026187177	TRUE	0.08524611	TRUE	17.74342929	TRUE	0.00132913
Cal_Batch20_5671	632	1.99E-12	6.75E-15	1.78E-14	TRUE	0.529507463	TRUE	0.609133021	TRUE	0.531511613	TRUE	0.105753201	TRUE	0.17449735	TRUE	24.14604561	TRUE	0.002908657
Cal_Batch5_1439	613	1.96E-12	6.66E-15	1.75E-14	TRUE	0.479724404	TRUE	0.562244051	TRUE	0.468680969	TRUE	0.08543191	TRUE	0.194363667	TRUE	26.16719354	TRUE	0.002967891
Cal_Batch18_6310	692	1.93E-12	6.57E-15	1.73E-14	TRUE	0.439309553	TRUE	0.490499636	TRUE	0.451707717	TRUE	0.024814342	TRUE	0.082324451	TRUE	15.570549	TRUE	0.001085772
Cal_Batch7_7932	676	1.89E-12	6.41E-15	1.69E-14	TRUE	0.479164792	TRUE	0.48889992	TRUE	0.517887441	TRUE	0.030600209	TRUE	0.094867681	TRUE	16.37914177	TRUE	0.001063723
Cal_Batch7_7719	600	1.87E-12	6.34E-15	1.67E-14	TRUE	0.614952794	TRUE	0.620858229	TRUE	0.507323989	TRUE	0.146040038	TRUE	0.211542651	TRUE	42.08290686	TRUE	0.00327479
Cal_Batch9_248	695	1.87E-12	6.34E-15	1.67E-14	TRUE	0.596418183	TRUE	0.541332609	TRUE	0.57429903	TRUE	0.061588679	TRUE	0.085596081	TRUE	24.49930939	TRUE	0.00124093
Cal_Batch25_1063	670	1.72E-12	5.84E-15	1.54E-14	TRUE	0.530895259	TRUE	0.398046492	TRUE	0.44649767	TRUE	0.032108548	TRUE	0.080677963	TRUE	38.19985544	TRUE	0.001295876
Cal_Batch12_9420	652	1.69E-12	5.73E-15	1.51E-14	TRUE	0.538488927	TRUE	0.520234583	TRUE	0.369843211	TRUE	0.160722453	TRUE	0.235036523	TRUE	43.85677749	TRUE	0.003583182
Cal_Batch22_5702	632	1.66E-12	5.63E-15	1.48E-14	TRUE	0.605234879	TRUE	0.545350703	TRUE	0.492374278	TRUE	0.0419676	TRUE	0.154110789	TRUE	51.37222222	TRUE	0.002762936
Cal_Batch10_2427	584	1.66E-12	5.62E-15	1.48E-14	TRUE	0.602926615	TRUE	0.622258876	TRUE	0.561795104	TRUE	0.124028294	TRUE	0.202692895	TRUE	39.17207148	TRUE	0.002891174
Cal_Batch12_231	702	1.64E-12	5.56E-15	1.46E-14	TRUE	0.570227218	TRUE	0.356384467	TRUE	0.412366268	TRUE	0.049090366	TRUE	0.090653509	TRUE	40.45167653	TRUE	0.001393733
Cal_Batch16_4767	731	1.63E-12	5.54E-15	1.46E-14	TRUE	0.435547189	TRUE	0.46871099	TRUE	0.311281545	TRUE	0.034258181	TRUE	0.072522159	TRUE	17.66593346	TRUE	0.001326148
Cal_Batch21_1628	710	1.63E-12	5.53E-15	1.46E-14	TRUE	0.516390649	TRUE	0.551832103	TRUE	0.410453819	TRUE	0.042692622	TRUE	0.074342587	TRUE	21.5386204	TRUE	0.001186426
Cal_Batch7_7278	808	1.60E-12	5.43E-15	1.43E-14	TRUE	0.423099434	TRUE	0.413762939	TRUE	0.44235589	TRUE	0.068194321	TRUE	0.118565196	TRUE	15.24941725	TRUE	0.0016281
Cal_Batch27_1364	583	1.52E-12	5.15E-15	1.36E-14	TRUE	0.570562819	TRUE	0.618099647	TRUE	0.54337455	TRUE	0.079531845	TRUE	0.228795601	TRUE	41.92344173	TRUE	0.002719054
Cal_Batch1_3231	607	1.49E-12	5.05E-15	1.33E-14	TRUE	0.483628688	TRUE	0.634853566	TRUE	0.456719958	TRUE	0.139655312	TRUE	0.20757851	TRUE	22.80229479	TRUE	0.003139898
Cal_Batch5_9730	722	1.48E-12	5.02E-15	1.32E-14	TRUE	0.501405046	TRUE	0.524766349	TRUE	0.405217035	TRUE	0.028249501	TRUE	0.079865966	TRUE	19.18039359	TRUE	0.001149786
Cal_Batch18_858	722	1.46E-12	4.94E-15	1.30E-14	TRUE	0.616695181	TRUE	0.462750179	TRUE	0.35151583	TRUE	0.043241616	TRUE	0.092773776	TRUE	41.31124673	TRUE	0.001298868
Cal_Batch7_490	820	1.45E-12	4.93E-15	1.30E-14	TRUE	0.49131581	TRUE	0.44071279	TRUE	0.497415735	TRUE	0.036634324	TRUE	0.085514974	TRUE	18.59345794	TRUE	0.0012436
Cal_Batch3_4204	593	1.41E-12	4.80E-15	1.26E-14	TRUE	0.577829467	TRUE	0.630492532	TRUE	0.568292839	TRUE	0.097546477	TRUE	0.218117518	TRUE	30.510279	TRUE	0.002727977
Cal_Batch15_6690	738	1.39E-12	4.71E-15	1.24E-14	TRUE	0.574475322	TRUE	0.487050893	TRUE	0.448790168	TRUE	0.03588025	TRUE	0.053129502	TRUE	33.3000411	TRUE	0.001141826
Cal_Batch16_1571	738	1.36E-12	4.62E-15	1.22E-14	TRUE	0.610257729	TRUE	0.394886529	TRUE	0.423525713	TRUE	0.015345851	TRUE	0.076272237	TRUE	46.38006231	TRUE	0.00117117
Cal_Batch9_7202	644	1.33E-12	4.53E-15	1.19E-14	TRUE	0.599732083	TRUE	0.543820355	TRUE	0.518611505	TRUE	0.040122853	TRUE	0.084326353	TRUE	26.77723577	TRUE	0.001117885
Cal_Batch18_5746	687	1.33E-12	4.52E-15	1.19E-14	TRUE	0.474085726	TRUE	0.562164866	TRUE	0.432700662	TRUE	0.035979149	TRUE	0.052333451	TRUE	15.68530806	TRUE	0.001118361
Cal_Batch20_7539	704	1.33E-12	4.51E-15	1.19E-14	TRUE	0.568778896	TRUE	0.436351807	TRUE	0.498774109	TRUE	0.022648068	TRUE	0.096113937	TRUE	35.19356955	TRUE	0.00118899
Cal_Batch12_7219	743	1.32E-12	4.49E-15	1.18E-14	TRUE	0.448469896	TRUE	0.523019532	TRUE	0.360555344	TRUE	0.04237236	TRUE	0.07932221	TRUE	15.88192268	TRUE	0.001318979
Cal_Batch5_1654	695	1.31E-12	4.44E-15	1.17E-14	TRUE	0.649175308	TRUE	0.511295903	TRUE	0.337471817	TRUE	0.0345939	TRUE	0.102003901	TRUE	50.12820513	TRUE	0.001182593
Cal_Batch8_4295	953	1.30E-12	4.42E-15	1.16E-14	TRUE	0.405717292	TRUE	0.410605299	TRUE	0.374679732	TRUE	0.044938435	TRUE	0.078112771	TRUE	16.3086664	TRUE	0.001467668
Cal_Batch6_8488	664	1.28E-12	4.36E-15	1.15E-14	TRUE	0.537621359	TRUE	0.576317219	TRUE	0.528015664	TRUE	0.07332244	TRUE	0.105479145	TRUE	15.58052607	TRUE	0.001373921
Cal_Batch16_7916	763	1.26E-12	4.29E-15	1.13E-14	TRUE	0.524110999	TRUE	0.440594351	TRUE	0.460030115	TRUE	0.070131825	TRUE	0.114999704	TRUE	28.46065808	TRUE	0.001409614
Cal_Batch4_8570	625	1.25E-12	4.25E-15	1.12E-14	TRUE	0.525893508	TRUE	0.566896896	TRUE	0.54663941	TRUE	0.10292995	TRUE	0.248560179	TRUE	29.40408461	TRUE	0.00312179
Cal_Batch20_9794	803	1.23E-12	4.19E-15	1.10E-14	TRUE	0.362852601	TRUE	0.312005141	TRUE	0.303475134	TRUE	0.07041619	TRUE	0.10622179	TRUE	17.68985696	TRUE	0.001818416
Cal_Batch10_1847	691	1.23E-12	4.17E-15	1.10E-14	TRUE	0.436059818	TRUE	0.447618164	TRUE	0.310443185	TRUE	0.062922888	TRUE	0.0707925	TRUE	18.77259036	TRUE	0.001517984
Cal_Batch16_7795	709	1.20E-12	4.07E-15	1.07E-14	TRUE	0.527038114	TRUE	0.48179433	TRUE	0.392470294	TRUE	0.046390819	TRUE	0.080050824	TRUE	30.54891304	TRUE	0.001307198
Cal_Batch21_2722	673	1.17E-12	3.96E-15	1.04E-14	TRUE	0.626727609	TRUE	0.579334344	TRUE	0.541092677	TRUE	0.042378397	TRUE	0.076976156	TRUE	29.79317137	TRUE	0.001113405
Cal_Batch12_243	759	1.16E-12	3.95E-15	1.04E-14	TRUE	0.559361014	TRUE	0.39054808	TRUE	0.433492374	TRUE	0.040646885	TRUE	0.055596783	TRUE	39.41047041	TRUE	0.001338542
Cal_Batch18_6109	758	1.12E-12	3.81E-15	1.00E-14	TRUE	0.453661212	TRUE	0.477878422	TRUE	0.399707897	TRUE	0.05881599	TRUE	0.097983781	TRUE	17.39762818	TRUE	0.001405178
Cal_Batch12_6135	776	1.10E-12	3.74E-15	9.85E-15	TRUE	0.535095567	TRUE	0.486286021	TRUE	0.336013779	TRUE	0.036496521	TRUE	0.062691377	TRUE	32.11692156	TRUE	0.001281678
Cal_Batch18_306	733	1.07E-12	3.65E-15	9.62E-15	TRUE	0.428762125	TRUE	0.412604768	TRUE	0.347743768	TRUE	0.035637641	TRUE	0.109130241	TRUE	19.91672623	TRUE	0.001349091
Cal_Batch8_3004	733	1.05E-12	3.55E-15	9.35E-15	TRUE	0.536414872	TRUE	0.551661426	TRUE	0.434288385	TRUE	0.0531778	TRUE	0.062644689	TRUE	20.10047594	TRUE	0.001257697
Cal_Batch22_5426	818	1.03E-12	3.50E-15	9.22E-15	TRUE	0.45337601	TRUE	0.360083907	TRUE	0.440711328	TRUE	0.035207977	TRUE	0.130204686	TRUE	23.86037037	TRUE	0.001571546
Cal_Batch6_5929	593	1.03E-12	3.48E-15	9.17E-15	TRUE	0.480122023	TRUE	0.590135086	TRUE	0.571314108	TRUE	0.049460952	TRUE	0.195880988	TRUE	17.540732	TRUE	0.002364951
Cal_Batch18_7550	676	1.01E-12	3.43E-15	9.04E-15	TRUE	0.633023462	TRUE	0.553548118	TRUE	0.559695865	TRUE	0.02424852	TRUE	0.039143322	TRUE	35.52176039	TRUE	0.000892167
Cal_Batch24_1803	716	1.00E-12	3.41E-15	8.98E-15	TRUE	0.472158533	TRUE	0.444138517	TRUE	0.428316519	TRUE	0.03471501	TRUE	0.097040168	TRUE	21.38649901	TRUE	0.001303037
Cal_Batch5_8217	829	9.89E-13	3.36E-15	8.85E-15	TRUE	0.619868145	TRUE	0.30603317	TRUE	0.549319692	TRUE	0.048380748	TRUE	0.105662926	TRUE	40.48	TRUE	0.001618918
Cal_Batch13_945	746	9.74E-13	3.31E-15	8.72E-15	TRUE	0.419187985	TRUE	0.345167238	TRUE	0.425895249	TRUE	0.036381911	TRUE	0.128393133	TRUE	21.80373832	TRUE	0.001550527
Cal_Batch21_5028	670	9.25E-13	3.14E-15	8.27E-15	TRUE	0.580111187	TRUE	0.549626823	TRUE	0.489373523	TRUE	0.053255214	TRUE	0.099450912	TRUE	27.50947688	TRUE	0.001243241
Cal_Batch11_2941	666	9.06E-13	3.08E-15	8.11E-15	TRUE	0.390029167	TRUE	0.498674938	TRUE	0.369710847	TRUE	0.181221462	TRUE	0.248643137	TRUE	22.44379845	TRUE	0.0039774
Cal_Batch2_2471	618	9.00E-13	3.06E-15	8.06E-15	TRUE	0.531850713	TRUE	0.625815334	TRUE	0.506441323	TRUE	0.095270689	TRUE	0.222939034	TRUE	24.14533853	TRUE	0.002945113
Cal_Batch5_6257	911	8.93E-13	3.03E-15	7.98E-15	TRUE	0.359968087	TRUE	0.336124666	TRUE	0.368218133	TRUE	0.030172524	TRUE	0.107711228	TRUE	15.38506804	TRUE	0.00171323
Cal_Batch23_1274	638	8.85E-13	3.01E-15	7.93E-15	TRUE	0.617544127	TRUE	0.527046482	TRUE	0.481789624	TRUE	0.145239829	TRUE	0.205223005	TRUE	50.96265938	TRUE	0.003479282
Cal_Batch8_3141	741	8.77E-13	2.98E-15	7.85E-15	TRUE	0.524799306	TRUE	0.487840179	TRUE	0.395784998	TRUE	0.042572002	TRUE	0.113347628	TRUE	29.46483342	TRUE	0.001277561
Cal_Batch3_569	720	8.47E-13	2.88E-15	7.59E-15	TRUE	0.42724361	TRUE	0.45230289	TRUE	0.346804271	TRUE	0.025017044	TRUE	0.056990158	TRUE	18.49905482	TRUE	0.001255968
Cal_Batch17_219	805	8.45E-13	2.87E-15	7.56E-15	TRUE	0.387224406	TRUE	0.380000164	TRUE	0.366521589	TRUE	0.024230774	TRUE	0.060952281	TRUE	15.74106583	TRUE	0.001433428
Cal_Batch24_4368	755	8.32E-13	2.83E-15	7.46E-15	TRUE	0.537084795	TRUE	0.521642155	TRUE	0.368831028	TRUE	0.050306507	TRUE	0.0912668	TRUE	25.68858561	TRUE	0.001254189
Cal_Batch15_1541	766	8.28E-13	2.81E-15	7.40E-15	TRUE	0.445009029	TRUE	0.429213389	TRUE	0.363990128	TRUE	0.046025838	TRUE	0.062218634	TRUE	21.35678138	TRUE	0.001331148
Cal_Batch19_6446	598	7.96E-13	2.71E-15	7.14E-15	TRUE	0.619028858	TRUE	0.59688592	TRUE	0.575021927	TRUE	0.073311894	TRUE	0.195195286	TRUE	32.97980998	TRUE	0.002635917
Cal_Batch25_5872	694	7.90E-13	2.68E-15	7.06E-15	TRUE	0.419596481	TRUE	0.467373731	TRUE	0.430092036	TRUE	0.108417308	TRUE	0.230050467	TRUE	21.31056428	TRUE	0.003816572
Cal_Batch11_2218	698	7.80E-13	2.65E-15	6.98E-15	TRUE	0.544248412	TRUE	0.55105987	TRUE	0.480254822	TRUE	0.06786781	TRUE	0.106617301	TRUE	21.51460481	TRUE	0.001331325
Cal_Batch6_3029	633	7.40E-13	2.51E-15	6.61E-15	TRUE	0.507159005	TRUE	0.621954168	TRUE	0.548192324	TRUE	0.068340796	TRUE	0.140592855	TRUE	20.7411853	TRUE	0.002575031
Cal_Batch13_5134	693	7.08E-13	2.41E-15	6.35E-15	TRUE	0.495576176	TRUE	0.574155574	TRUE	0.385714056	TRUE	0.05694532	TRUE	0.100140831	TRUE	15.72888696	TRUE	0.001257288
Cal_Batch5_9837	604	7.04E-13	2.39E-15	6.30E-15	TRUE	0.467292343	TRUE	0.595453291	TRUE	0.479642138	TRUE	0.147209234	TRUE	0.18148279	TRUE	22.57973103	TRUE	0.003366422
Cal_Batch19_9842	661	6.73E-13	2.29E-15	6.03E-15	TRUE	0.561393152	TRUE	0.603180999	TRUE	0.417211756	TRUE	0.042544105	TRUE	0.057060474	TRUE	25.91254125	TRUE	0.001144926
Cal_Batch23_2320	604	6.60E-13	2.24E-15	5.90E-15	TRUE	0.564370042	TRUE	0.64828051	TRUE	0.616656366	TRUE	0.051255336	TRUE	0.194303016	TRUE	21.74829932	TRUE	0.002135397
Cal_Batch13_8531	577	6.53E-13	2.22E-15	5.85E-15	TRUE	0.638265128	TRUE	0.647478392	TRUE	0.621772542	TRUE	0.108878205	TRUE	0.194521997	TRUE	43.1952862	TRUE	0.002541093
Cal_Batch8_5878	771	6.37E-13	2.17E-15	5.72E-15	TRUE	0.430623983	TRUE	0.347088085	TRUE	0.412067093	TRUE	0.025859389	TRUE	0.114130949	TRUE	21.11803459	TRUE	0.001433721
Cal_Batch6_6833	589	6.30E-13	2.14E-15	5.64E-15	TRUE	0.438575687	TRUE	0.645745164	TRUE	0.481882492	TRUE	0.125544975	TRUE	0.207696698	TRUE	16.94298921	TRUE	0.002938661
Cal_Batch23_6662	605	6.27E-13	2.13E-15	5.61E-15	TRUE	0.637271354	TRUE	0.594307199	TRUE	0.492580402	TRUE	0.090263186	TRUE	0.222682686	TRUE	79.46605876	TRUE	0.002996327
Cal_Batch17_9293	714	6.28E-13	2.13E-15	5.61E-15	TRUE	0.625990224	TRUE	0.491659296	TRUE	0.368915361	TRUE	0.043300984	TRUE	0.081266501	TRUE	50.65673176	TRUE	0.001266227
Cal_Batch6_3782	629	6.20E-13	2.11E-15	5.56E-15	TRUE	0.43723936	TRUE	0.588761738	TRUE	0.495183846	TRUE	0.124437788	TRUE	0.236102969	TRUE	19.81171548	TRUE	0.003250735
Cal_Batch24_3136	631	6.11E-13	2.08E-15	5.48E-15	TRUE	0.471884622	TRUE	0.583045206	TRUE	0.523382872	TRUE	0.077933292	TRUE	0.20115765	TRUE	17.4348249	TRUE	0.002832204
Cal_Batch14_5382	746	5.90E-13	2.01E-15	5.29E-15	TRUE	0.474264617	TRUE	0.438998001	TRUE	0.365812166	TRUE	0.033273856	TRUE	0.048306543	TRUE	24.42494899	TRUE	0.001193735
Cal_Batch7_8170	627	5.74E-13	1.95E-15	5.14E-15	TRUE	0.517663312	TRUE	0.542225794	TRUE	0.523846344	TRUE	0.083583577	TRUE	0.185738067	TRUE	24.69541139	TRUE	0.002877471
Cal_Batch20_8455	795	5.72E-13	1.94E-15	5.11E-15	TRUE	0.421885053	TRUE	0.450889212	TRUE	0.396095408	TRUE	0.015594095	TRUE	0.045111103	TRUE	15.5882732	TRUE	0.001249636
Cal_Batch5_7473	704	5.64E-13	1.91E-15	5.03E-15	TRUE	0.602949038	TRUE	0.461576744	TRUE	0.412767411	TRUE	0.056361947	TRUE	0.079640226	TRUE	43.28711256	TRUE	0.001298014
Cal_Batch17_6410	738	5.51E-13	1.87E-15	4.93E-15	TRUE	0.57978356	TRUE	0.48212781	TRUE	0.533154031	TRUE	0.069598748	TRUE	0.087086316	TRUE	26.24491682	TRUE	0.001378304
Cal_Batch5_9149	608	5.06E-13	1.72E-15	4.53E-15	TRUE	0.471770241	TRUE	0.590199558	TRUE	0.516030582	TRUE	0.122357527	TRUE	0.222781764	TRUE	20.4536385	TRUE	0.003080494
Cal_Batch20_325	676	5.05E-13	1.71E-15	4.50E-15	TRUE	0.627189497	TRUE	0.513483793	TRUE	0.315471252	TRUE	0.032610476	TRUE	0.050596619	TRUE	50.3836478	TRUE	0.001066996
Cal_Batch7_2656	746	4.94E-13	1.68E-15	4.43E-15	TRUE	0.475495308	TRUE	0.42749599	TRUE	0.361356351	TRUE	0.046283243	TRUE	0.095799216	TRUE	23.02020906	TRUE	0.001385788
Cal_Batch24_8542	756	4.88E-13	1.66E-15	4.37E-15	TRUE	0.499817481	TRUE	0.336314252	TRUE	0.370952862	TRUE	0.023449841	TRUE	0.074571434	TRUE	33.2754902	TRUE	0.00138272
Cal_Batch6_5490	708	4.75E-13	1.61E-15	4.24E-15	TRUE	0.59529148	TRUE	0.49101342	TRUE	0.456836612	TRUE	0.015557037	TRUE	0.035649637	TRUE	38.47932203	TRUE	0.000990737
Cal_Batch10_3254	788	4.63E-13	1.57E-15	4.14E-15	TRUE	0.37750607	TRUE	0.369182237	TRUE	0.314687104	TRUE	0.075242499	TRUE	0.094290312	TRUE	16.70428719	TRUE	0.001641829
Cal_Batch28_3998	747	4.54E-13	1.54E-15	4.06E-15	TRUE	0.465971899	TRUE	0.440535864	TRUE	0.348539563	TRUE	0.024885419	TRUE	0.065300436	TRUE	22.57983871	TRUE	0.001237566
Cal_Batch24_9405	884	4.52E-13	1.53E-15	4.03E-15	TRUE	0.409718107	TRUE	0.439830225	TRUE	0.381768754	TRUE	0.022412543	TRUE	0.067000138	TRUE	15.95918367	TRUE	0.001252261
Cal_Batch11_4454	686	4.39E-13	1.49E-15	3.93E-15	TRUE	0.40721553	TRUE	0.545970157	TRUE	0.480233989	TRUE	0.147173375	TRUE	0.22869224	TRUE	16.09274495	TRUE	0.003444673
Cal_Batch21_9764	644	4.39E-13	1.49E-15	3.93E-15	TRUE	0.616952971	TRUE	0.600706085	TRUE	0.592011973	TRUE	0.06548757	TRUE	0.087060974	TRUE	22.40412371	TRUE	0.00129378
Cal_Batch21_6880	747	4.37E-13	1.48E-15	3.90E-15	TRUE	0.445377748	TRUE	0.352373994	TRUE	0.346995102	TRUE	0.072867549	TRUE	0.108415338	TRUE	25.66320046	TRUE	0.001626286
Cal_Batch14_1516	900	4.13E-13	1.40E-15	3.69E-15	TRUE	0.53094996	TRUE	0.366475384	TRUE	0.322632612	TRUE	0.067659606	TRUE	0.108352714	TRUE	35.55972696	TRUE	0.001555956
Cal_Batch9_3556	617	4.05E-13	1.38E-15	3.64E-15	TRUE	0.392180297	TRUE	0.528783204	TRUE	0.374297892	TRUE	0.131260588	TRUE	0.249765585	TRUE	18.42126789	TRUE	0.00354965
Cal_Batch8_3823	651	3.98E-13	1.35E-15	3.56E-15	TRUE	0.514600355	TRUE	0.624720181	TRUE	0.520735015	TRUE	0.057271458	TRUE	0.07928055	TRUE	18.25970664	TRUE	0.001143915
Cal_Batch5_5745	736	3.83E-13	1.30E-15	3.42E-15	TRUE	0.547535642	TRUE	0.449416315	TRUE	0.4023336	TRUE	0.062672474	TRUE	0.066435472	TRUE	32.88336614	TRUE	0.001451679
Cal_Batch28_3059	723	3.68E-13	1.25E-15	3.29E-15	TRUE	0.604344834	TRUE	0.462552093	TRUE	0.329683225	TRUE	0.043698929	TRUE	0.088675566	TRUE	44.59472422	TRUE	0.001274748
Cal_Batch4_2732	712	3.63E-13	1.23E-15	3.24E-15	TRUE	0.431083015	TRUE	0.352530498	TRUE	0.302767456	TRUE	0.044398142	TRUE	0.098354974	TRUE	23.27813041	TRUE	0.001448179
Cal_Batch8_2771	667	3.50E-13	1.19E-15	3.13E-15	TRUE	0.477843793	TRUE	0.545212377	TRUE	0.51741076	TRUE	0.015815354	TRUE	0.04989391	TRUE	15.63575168	TRUE	0.000939838
Cal_Batch20_6045	831	3.52E-13	1.19E-15	3.13E-15	TRUE	0.386900332	TRUE	0.430389323	TRUE	0.336755647	TRUE	0.085103501	TRUE	0.109967217	TRUE	15.39164277	TRUE	0.001714973
Cal_Batch17_3093	808	3.33E-13	1.13E-15	2.98E-15	TRUE	0.456940848	TRUE	0.330930027	TRUE	0.364980955	TRUE	0.023748532	TRUE	0.060305635	TRUE	22.21953626	TRUE	0.001448418
Cal_Batch3_2894	597	3.26E-13	1.11E-15	2.92E-15	TRUE	0.590540291	TRUE	0.604270522	TRUE	0.418071378	TRUE	0.177899012	TRUE	0.212646804	TRUE	45.9269103	TRUE	0.003558477
Cal_Batch8_9534	810	3.19E-13	1.08E-15	2.85E-15	TRUE	0.381771587	TRUE	0.349161982	TRUE	0.311766161	TRUE	0.061252888	TRUE	0.103919349	TRUE	16.68393782	TRUE	0.001666888
Cal_Batch19_6369	749	3.16E-13	1.07E-15	2.82E-15	TRUE	0.444134078	TRUE	0.517807285	TRUE	0.337934483	TRUE	0.054155202	TRUE	0.067390127	TRUE	16.82334869	TRUE	0.00138182
Cal_Batch9_6171	714	3.15E-13	1.07E-15	2.82E-15	TRUE	0.513590844	TRUE	0.573058844	TRUE	0.325391743	TRUE	0.060810416	TRUE	0.081488633	TRUE	19.89454094	TRUE	0.001288184
Cal_Batch8_5449	648	3.07E-13	1.04E-15	2.74E-15	TRUE	0.503776361	TRUE	0.597941411	TRUE	0.440557223	TRUE	0.170456281	TRUE	0.218312128	TRUE	26.30347672	TRUE	0.00353242
Cal_Batch6_7403	768	2.82E-13	9.57E-16	2.52E-15	TRUE	0.432742927	TRUE	0.342615341	TRUE	0.331936441	TRUE	0.031348469	TRUE	0.081417109	TRUE	27.93372957	TRUE	0.001349941
Cal_Batch20_7069	769	2.67E-13	9.05E-16	2.38E-15	TRUE	0.47923857	TRUE	0.398670344	TRUE	0.414181553	TRUE	0.018077585	TRUE	0.095914495	TRUE	23.62430466	TRUE	0.001327629
Cal_Batch26_1597	852	2.58E-13	8.76E-16	2.31E-15	TRUE	0.447679482	TRUE	0.500424082	TRUE	0.304880879	TRUE	0.069205197	TRUE	0.08731317	TRUE	16.47433496	TRUE	0.001530006
Cal_Batch23_6646	599	2.55E-13	8.67E-16	2.28E-15	TRUE	0.515696721	TRUE	0.576950257	TRUE	0.507543764	TRUE	0.121571999	TRUE	0.249770447	TRUE	28.30265748	TRUE	0.003237441
Cal_Batch6_7222	718	2.44E-13	8.29E-16	2.18E-15	TRUE	0.482994019	TRUE	0.529391825	TRUE	0.499943794	TRUE	0.045649519	TRUE	0.083661787	TRUE	15.29062958	TRUE	0.001150976
Cal_Batch2_2803	651	2.24E-13	7.60E-16	2.00E-15	TRUE	0.639569635	TRUE	0.553671888	TRUE	0.554272729	TRUE	0.037998564	TRUE	0.082404398	TRUE	42.35625646	TRUE	0.001023071
Cal_Batch7_3351	769	2.23E-13	7.58E-16	2.00E-15	TRUE	0.477847044	TRUE	0.376428223	TRUE	0.433183474	TRUE	0.022101463	TRUE	0.075512134	TRUE	22.01074186	TRUE	0.001294117
Cal_Batch25_1492	721	2.10E-13	7.14E-16	1.88E-15	TRUE	0.453491694	TRUE	0.358778241	TRUE	0.431795937	TRUE	0.023863122	TRUE	0.092166667	TRUE	20.0862069	TRUE	0.001294603
Cal_Batch19_1660	684	2.05E-13	6.95E-16	1.83E-15	TRUE	0.588737618	TRUE	0.498157856	TRUE	0.466258137	TRUE	0.015549356	TRUE	0.051452098	TRUE	34.44926686	TRUE	0.000942309
Cal_Batch18_1172	775	1.98E-13	6.73E-16	1.77E-15	TRUE	0.418416747	TRUE	0.408171568	TRUE	0.322849398	TRUE	0.051682314	TRUE	0.078626439	TRUE	17.23123244	TRUE	0.001589033
Cal_Batch23_2222	637	1.97E-13	6.69E-16	1.76E-15	TRUE	0.484692721	TRUE	0.630409317	TRUE	0.499359852	TRUE	0.155928748	TRUE	0.220276778	TRUE	20.30163043	TRUE	0.003325082
Cal_Batch17_5865	606	1.95E-13	6.63E-16	1.75E-15	TRUE	0.42209604	TRUE	0.496190376	TRUE	0.457475424	TRUE	0.132521596	TRUE	0.217527469	TRUE	24.82616382	TRUE	0.003606939
Cal_Batch10_7549	780	1.91E-13	6.49E-16	1.71E-15	TRUE	0.525855597	TRUE	0.524360975	TRUE	0.368932625	TRUE	0.056049516	TRUE	0.076571325	TRUE	20.37286325	TRUE	0.001307368
Cal_Batch13_119	699	1.89E-13	6.43E-16	1.69E-15	TRUE	0.51840259	TRUE	0.385795194	TRUE	0.385079322	TRUE	0.021595655	TRUE	0.097042495	TRUE	32.06376057	TRUE	0.001325084
Cal_Batch8_5433	729	1.82E-13	6.17E-16	1.63E-15	TRUE	0.529779917	TRUE	0.439701416	TRUE	0.375791307	TRUE	0.031463033	TRUE	0.087661608	TRUE	30.91333333	TRUE	0.001272244
Cal_Batch27_1648	755	1.78E-13	6.04E-16	1.59E-15	TRUE	0.554377379	TRUE	0.373175227	TRUE	0.521867134	TRUE	0.039669239	TRUE	0.10120418	TRUE	33.08578913	TRUE	0.001326174
Cal_Batch13_7677	684	1.75E-13	5.96E-16	1.57E-15	TRUE	0.556934673	TRUE	0.426692885	TRUE	0.348558107	TRUE	0.039200174	TRUE	0.054556734	TRUE	38.11198547	TRUE	0.001302042
Cal_Batch14_3881	899	1.60E-13	5.44E-16	1.43E-15	TRUE	0.410567871	TRUE	0.431219972	TRUE	0.402886825	TRUE	0.030449706	TRUE	0.052416783	TRUE	16.13246648	TRUE	0.001394325
Cal_Batch17_1810	729	1.52E-13	5.15E-16	1.36E-15	TRUE	0.467595628	TRUE	0.488087342	TRUE	0.335420009	TRUE	0.066870022	TRUE	0.106165364	TRUE	20.31498674	TRUE	0.001391849
Cal_Batch6_6993	924	1.51E-13	5.14E-16	1.35E-15	TRUE	0.385409498	TRUE	0.310615292	TRUE	0.333394833	TRUE	0.076771131	TRUE	0.138830594	TRUE	21.47971491	TRUE	0.002523277
Cal_Batch20_4680	599	1.50E-13	5.09E-16	1.34E-15	TRUE	0.525423729	TRUE	0.625566005	TRUE	0.480203463	TRUE	0.14783177	TRUE	0.218152425	TRUE	29.25301837	TRUE	0.003276571
Cal_Batch26_4791	743	1.36E-13	4.61E-16	1.21E-15	TRUE	0.504661694	TRUE	0.378742654	TRUE	0.478476142	TRUE	0.050553378	TRUE	0.123312602	TRUE	24.59903897	TRUE	0.001462902
Cal_Batch7_7192	742	1.34E-13	4.54E-16	1.20E-15	TRUE	0.520929674	TRUE	0.544825149	TRUE	0.438753362	TRUE	0.044783248	TRUE	0.068209795	TRUE	19.71274298	TRUE	0.001166342
Cal_Batch23_3486	839	1.30E-13	4.42E-16	1.16E-15	TRUE	0.489879616	TRUE	0.395474479	TRUE	0.464116602	TRUE	0.046856384	TRUE	0.084941322	TRUE	23.11846946	TRUE	0.001339352
Cal_Batch7_3028	743	1.30E-13	4.42E-16	1.16E-15	TRUE	0.471384323	TRUE	0.388202822	TRUE	0.430743176	TRUE	0.028630533	TRUE	0.071460399	TRUE	19.78717691	TRUE	0.001179364
Cal_Batch25_7266	709	1.29E-13	4.40E-16	1.16E-15	TRUE	0.501572432	TRUE	0.453148205	TRUE	0.513276271	TRUE	0.022695109	TRUE	0.102268458	TRUE	19.49233253	TRUE	0.00105797
Cal_Batch9_1845	860	1.24E-13	4.23E-16	1.11E-15	TRUE	0.511901368	TRUE	0.544386176	TRUE	0.42062371	TRUE	0.076733882	TRUE	0.097871034	TRUE	18.28182995	TRUE	0.001404852
Cal_Batch16_5389	732	1.20E-13	4.07E-16	1.07E-15	TRUE	0.461632839	TRUE	0.48841136	TRUE	0.432610533	TRUE	0.037133885	TRUE	0.088322671	TRUE	16.65499789	TRUE	0.001261343
Cal_Batch17_879	800	1.19E-13	4.06E-16	1.07E-15	TRUE	0.592871714	TRUE	0.500727685	TRUE	0.422685386	TRUE	0.028173085	TRUE	0.088236725	TRUE	35.90521978	TRUE	0.001209299
Cal_Batch7_3230	766	1.14E-13	3.88E-16	1.02E-15	TRUE	0.451099617	TRUE	0.484529913	TRUE	0.402797818	TRUE	0.046684936	TRUE	0.108259586	TRUE	16.57593123	TRUE	0.001289162
Cal_Batch9_4171	681	1.14E-13	3.88E-16	1.02E-15	TRUE	0.510330206	TRUE	0.537057602	TRUE	0.49399803	TRUE	0.02402319	TRUE	0.051197042	TRUE	19.9934462	TRUE	0.000965941
Cal_Batch22_7025	915	1.08E-13	3.67E-16	9.67E-16	TRUE	0.412195663	TRUE	0.37065352	TRUE	0.319285655	TRUE	0.018800219	TRUE	0.081399834	TRUE	20.07612251	TRUE	0.00140159
Cal_Batch11_2617	724	1.07E-13	3.63E-16	9.56E-16	TRUE	0.49478681	TRUE	0.451946194	TRUE	0.368591308	TRUE	0.034496291	TRUE	0.100980917	TRUE	25.76998453	TRUE	0.001300557
Cal_Batch22_2915	653	1.06E-13	3.60E-16	9.48E-16	TRUE	0.585167293	TRUE	0.387735146	TRUE	0.481253509	TRUE	0.039008464	TRUE	0.099431443	TRUE	48.86225597	TRUE	0.001237003
Cal_Batch18_3287	932	1.05E-13	3.57E-16	9.40E-16	TRUE	0.443363821	TRUE	0.425196324	TRUE	0.326548212	TRUE	0.05283443	TRUE	0.110593581	TRUE	18.89214712	TRUE	0.001630349
Cal_Batch20_1284	803	1.03E-13	3.52E-16	9.27E-16	TRUE	0.41568374	TRUE	0.317248203	TRUE	0.317703975	TRUE	0.025517663	TRUE	0.080696113	TRUE	22.44178525	TRUE	0.001627366
Cal_Batch9_2721	619	1.02E-13	3.47E-16	9.14E-16	TRUE	0.498632459	TRUE	0.540679112	TRUE	0.447478891	TRUE	0.082127591	TRUE	0.207410783	TRUE	36.32436195	TRUE	0.003150836
Cal_Batch3_1196	698	9.91E-14	3.37E-16	8.88E-16	TRUE	0.505223137	TRUE	0.415091905	TRUE	0.331290405	TRUE	0.025704346	TRUE	0.078476464	TRUE	27.82595078	TRUE	0.001249637
Cal_Batch21_3058	599	9.78E-14	3.32E-16	8.75E-16	TRUE	0.485837409	TRUE	0.600132963	TRUE	0.485360418	TRUE	0.170476462	TRUE	0.222456719	TRUE	23.41087963	TRUE	0.003445764
Cal_Batch20_1322	704	9.66E-14	3.28E-16	8.64E-16	TRUE	0.442518878	TRUE	0.469465918	TRUE	0.419654013	TRUE	0.01549782	TRUE	0.067878991	TRUE	15.57886266	TRUE	0.001056067
Cal_Batch20_2246	761	9.61E-14	3.27E-16	8.61E-16	TRUE	0.423152349	TRUE	0.434826954	TRUE	0.340084019	TRUE	0.056236872	TRUE	0.098615892	TRUE	16.02639916	TRUE	0.001450198
Cal_Batch6_2334	728	8.96E-14	3.04E-16	8.01E-16	TRUE	0.507438949	TRUE	0.402876902	TRUE	0.403597793	TRUE	0.024184116	TRUE	0.04701616	TRUE	26.85343228	TRUE	0.001191827
Cal_Batch15_2609	588	8.57E-14	2.91E-16	7.67E-16	TRUE	0.5956321	TRUE	0.628391797	TRUE	0.541819036	TRUE	0.098053892	TRUE	0.247070451	TRUE	43.0062383	TRUE	0.002966518
Cal_Batch13_4687	1004	8.42E-14	2.86E-16	7.53E-16	TRUE	0.384577347	TRUE	0.311164421	TRUE	0.337572332	TRUE	0.040297737	TRUE	0.119556107	TRUE	20.05130751	TRUE	0.001760216
Cal_Batch5_1301	702	7.98E-14	2.71E-16	7.14E-16	TRUE	0.488811286	TRUE	0.466430386	TRUE	0.397421218	TRUE	0.017403561	TRUE	0.061127879	TRUE	25.27251344	TRUE	0.001041323
Cal_Batch18_1665	612	7.92E-14	2.69E-16	7.09E-16	TRUE	0.403047551	TRUE	0.520627423	TRUE	0.460560916	TRUE	0.122065064	TRUE	0.235743777	TRUE	16.83170135	TRUE	0.003299796
Cal_Batch7_5049	687	7.80E-14	2.65E-16	6.98E-16	TRUE	0.390987608	TRUE	0.377326281	TRUE	0.41620669	TRUE	0.030238676	TRUE	0.097639088	TRUE	15.45533835	TRUE	0.00129204
Cal_Batch10_5172	772	7.19E-14	2.44E-16	6.43E-16	TRUE	0.533316675	TRUE	0.481115588	TRUE	0.395757117	TRUE	0.069068637	TRUE	0.089391746	TRUE	24.83050847	TRUE	0.001360928
Cal_Batch17_8486	845	7.01E-14	2.38E-16	6.27E-16	TRUE	0.45115954	TRUE	0.501654732	TRUE	0.369752658	TRUE	0.041600713	TRUE	0.061325358	TRUE	17.32566096	TRUE	0.00132519
Cal_Batch11_5996	673	6.88E-14	2.34E-16	6.16E-16	TRUE	0.639183859	TRUE	0.576350243	TRUE	0.464453747	TRUE	0.051651438	TRUE	0.092629973	TRUE	42.34990792	TRUE	0.001178296
Cal_Batch2_4426	786	6.36E-14	2.16E-16	5.69E-16	TRUE	0.536357832	TRUE	0.510740845	TRUE	0.318862607	TRUE	0.02562801	TRUE	0.051659127	TRUE	27.54154111	TRUE	0.001128041
Cal_Batch18_8158	742	6.27E-14	2.13E-16	5.61E-16	TRUE	0.592255657	TRUE	0.518349926	TRUE	0.458149716	TRUE	0.029305143	TRUE	0.071564843	TRUE	39.93696763	TRUE	0.001063405
Cal_Batch12_1254	753	6.17E-14	2.10E-16	5.53E-16	TRUE	0.465392152	TRUE	0.550140115	TRUE	0.457335409	TRUE	0.035186352	TRUE	0.071281395	TRUE	15.12051282	TRUE	0.001004466
Cal_Batch16_3159	727	6.18E-14	2.10E-16	5.53E-16	TRUE	0.51103125	TRUE	0.466359065	TRUE	0.494602847	TRUE	0.027824652	TRUE	0.089561539	TRUE	20.00416667	TRUE	0.001165641
Cal_Batch13_350	575	6.04E-14	2.05E-16	5.40E-16	TRUE	0.582333418	TRUE	0.639799344	TRUE	0.634547735	TRUE	0.121860777	TRUE	0.186153907	TRUE	20.23323013	TRUE	0.00267766
Cal_Batch20_8638	713	6.04E-14	2.05E-16	5.40E-16	TRUE	0.499569101	TRUE	0.411268169	TRUE	0.478438976	TRUE	0.023583472	TRUE	0.095697304	TRUE	25.7654321	TRUE	0.00112548
Cal_Batch15_4571	592	6.04E-14	2.05E-16	5.40E-16	TRUE	0.575282558	TRUE	0.603957764	TRUE	0.536883124	TRUE	0.041265546	TRUE	0.122676403	TRUE	34.82880435	TRUE	0.00219495
Cal_Batch14_968	698	5.48E-14	1.86E-16	4.90E-16	TRUE	0.543181885	TRUE	0.526908765	TRUE	0.522486918	TRUE	0.058571253	TRUE	0.087593321	TRUE	23.1851457	TRUE	0.00119206
Cal_Batch15_2804	718	5.40E-14	1.84E-16	4.85E-16	TRUE	0.505868715	TRUE	0.414531484	TRUE	0.499661877	TRUE	0.022361477	TRUE	0.053435792	TRUE	19.48283886	TRUE	0.001105302
Cal_Batch10_1407	862	4.98E-14	1.69E-16	4.45E-16	TRUE	0.515381609	TRUE	0.315393467	TRUE	0.316132863	TRUE	0.032714577	TRUE	0.046418889	TRUE	29.27041499	TRUE	0.001545932
Cal_Batch25_4232	825	4.99E-14	1.69E-16	4.45E-16	TRUE	0.440810337	TRUE	0.411738555	TRUE	0.366413835	TRUE	0.019009264	TRUE	0.0811297	TRUE	19.53359909	TRUE	0.001236672
Cal_Batch17_1507	591	4.87E-14	1.66E-16	4.37E-16	TRUE	0.472451274	TRUE	0.582206288	TRUE	0.532017603	TRUE	0.060008432	TRUE	0.128366014	TRUE	21.24692737	TRUE	0.002451695
Cal_Batch1_7495	819	4.88E-14	1.66E-16	4.37E-16	TRUE	0.477450773	TRUE	0.375799559	TRUE	0.347923168	TRUE	0.034557547	TRUE	0.100769751	TRUE	25.12563884	TRUE	0.001369061
Cal_Batch13_9236	646	4.78E-14	1.63E-16	4.29E-16	TRUE	0.55536944	TRUE	0.590127468	TRUE	0.575622569	TRUE	0.02046439	TRUE	0.071691948	TRUE	15.8373393	TRUE	0.000893119
Cal_Batch3_6651	769	4.75E-14	1.61E-16	4.24E-16	TRUE	0.55606036	TRUE	0.573092163	TRUE	0.357711551	TRUE	0.051266186	TRUE	0.065364737	TRUE	21.26116838	TRUE	0.001206094
Cal_Batch23_9033	728	4.70E-14	1.60E-16	4.21E-16	TRUE	0.540038031	TRUE	0.509593972	TRUE	0.450937059	TRUE	0.044007026	TRUE	0.083075989	TRUE	25.95053305	TRUE	0.001186994
Cal_Batch3_4213	725	4.67E-14	1.59E-16	4.19E-16	TRUE	0.545689701	TRUE	0.488544114	TRUE	0.389399293	TRUE	0.037240712	TRUE	0.075126698	TRUE	33.70235819	TRUE	0.00117509
Cal_Batch12_1371	702	4.66E-14	1.58E-16	4.16E-16	TRUE	0.569974555	TRUE	0.397219664	TRUE	0.49910095	TRUE	0.029841315	TRUE	0.104007197	TRUE	46.10897875	TRUE	0.001216559
Cal_Batch20_9011	707	4.51E-14	1.53E-16	4.03E-16	TRUE	0.37811006	TRUE	0.460039836	TRUE	0.379365936	TRUE	0.146929324	TRUE	0.242296014	TRUE	18.44106464	TRUE	0.004051408
Cal_Batch20_3580	699	4.43E-14	1.51E-16	3.98E-16	TRUE	0.58557561	TRUE	0.508685174	TRUE	0.499319898	TRUE	0.021349125	TRUE	0.076901706	TRUE	33.47323818	TRUE	0.000998614
Cal_Batch14_1558	739	4.45E-14	1.51E-16	3.98E-16	TRUE	0.463743774	TRUE	0.430017957	TRUE	0.355705302	TRUE	0.027060639	TRUE	0.054289517	TRUE	19.09255393	TRUE	0.001246252
Cal_Batch20_3546	842	4.40E-14	1.50E-16	3.95E-16	TRUE	0.476015377	TRUE	0.385550347	TRUE	0.441513003	TRUE	0.013328871	TRUE	0.092380527	TRUE	20.64362416	TRUE	0.001274246
Cal_Batch8_6944	595	4.06E-14	1.38E-16	3.64E-16	TRUE	0.494038068	TRUE	0.536545475	TRUE	0.524557718	TRUE	0.115322402	TRUE	0.197091421	TRUE	22.14641509	TRUE	0.003013866
Cal_Batch11_5167	692	3.86E-14	1.31E-16	3.45E-16	TRUE	0.576571216	TRUE	0.389923451	TRUE	0.45412245	TRUE	0.052553045	TRUE	0.090720861	TRUE	47.6928636	TRUE	0.001287868
Cal_Batch8_1668	609	3.84E-14	1.30E-16	3.42E-16	TRUE	0.462054841	TRUE	0.615883782	TRUE	0.384016941	TRUE	0.167923124	TRUE	0.236135665	TRUE	22.66939146	TRUE	0.003479101
Cal_Batch18_8389	638	3.73E-14	1.27E-16	3.35E-16	TRUE	0.558547891	TRUE	0.623695554	TRUE	0.494938154	TRUE	0.106627645	TRUE	0.181362855	TRUE	31.0177706	TRUE	0.003149284
Cal_Batch12_8876	670	3.68E-14	1.25E-16	3.29E-16	TRUE	0.472561379	TRUE	0.556710862	TRUE	0.505795186	TRUE	0.106152504	TRUE	0.193238342	TRUE	23.59926082	TRUE	0.00333383
Cal_Batch20_2805	598	3.66E-14	1.24E-16	3.27E-16	TRUE	0.571618625	TRUE	0.582144836	TRUE	0.505839845	TRUE	0.162295979	TRUE	0.2417468	TRUE	35.9026616	TRUE	0.003526831
Cal_Batch9_845	633	3.43E-14	1.17E-16	3.08E-16	TRUE	0.543310219	TRUE	0.518802004	TRUE	0.582896675	TRUE	0.049792263	TRUE	0.246541705	TRUE	24.77724796	TRUE	0.002799538
Cal_Batch9_6969	737	3.45E-14	1.17E-16	3.08E-16	TRUE	0.509900521	TRUE	0.421171224	TRUE	0.342923224	TRUE	0.035086991	TRUE	0.088879863	TRUE	29.31958763	TRUE	0.001295822
Cal_Batch19_2079	714	3.30E-14	1.12E-16	2.95E-16	TRUE	0.60235932	TRUE	0.486508427	TRUE	0.399450464	TRUE	0.024675289	TRUE	0.070330683	TRUE	43.71505376	TRUE	0.001111291
Cal_Batch23_2774	728	3.27E-14	1.11E-16	2.92E-16	TRUE	0.525873261	TRUE	0.414136853	TRUE	0.359315579	TRUE	0.050490319	TRUE	0.079653716	TRUE	35.7976012	TRUE	0.001281623
Cal_Batch21_2158	826	3.20E-14	1.09E-16	2.87E-16	TRUE	0.465980603	TRUE	0.418052257	TRUE	0.413860391	TRUE	0.028570667	TRUE	0.061454186	TRUE	19.56469542	TRUE	0.001278095
Cal_Batch3_6232	622	3.19E-14	1.08E-16	2.85E-16	TRUE	0.529945201	TRUE	0.589846534	TRUE	0.494637168	TRUE	0.151268216	TRUE	0.194660805	TRUE	30.52209302	TRUE	0.00344805
Cal_Batch22_3606	679	3.15E-14	1.07E-16	2.82E-16	TRUE	0.57983683	TRUE	0.550542519	TRUE	0.534597883	TRUE	0.05041165	TRUE	0.108631342	TRUE	27.91581633	TRUE	0.001175056
Cal_Batch15_5178	601	3.11E-14	1.06E-16	2.79E-16	TRUE	0.472327647	TRUE	0.56636468	TRUE	0.516069182	TRUE	0.111489147	TRUE	0.208632186	TRUE	25.07128514	TRUE	0.003212929
Cal_Batch21_2485	722	3.13E-14	1.06E-16	2.79E-16	TRUE	0.414073562	TRUE	0.404849359	TRUE	0.307134836	TRUE	0.032020877	TRUE	0.071450251	TRUE	18.14393339	TRUE	0.001364025
Cal_Batch25_3633	659	3.03E-14	1.03E-16	2.71E-16	TRUE	0.583471211	TRUE	0.541172993	TRUE	0.406869204	TRUE	0.063848275	TRUE	0.103120991	TRUE	40.9778002	TRUE	0.001226999
Cal_Batch11_8070	588	3.04E-14	1.03E-16	2.71E-16	TRUE	0.457312617	TRUE	0.62780873	TRUE	0.565665751	TRUE	0.062593736	TRUE	0.12382105	TRUE	16.16609654	TRUE	0.002422928
Cal_Batch11_5201	689	2.99E-14	1.02E-16	2.69E-16	TRUE	0.496042289	TRUE	0.566258652	TRUE	0.42209319	TRUE	0.027487989	TRUE	0.053914503	TRUE	19.6707438	TRUE	0.00102799
Cal_Batch26_2817	740	3.01E-14	1.02E-16	2.69E-16	TRUE	0.574338451	TRUE	0.42404949	TRUE	0.387714438	TRUE	0.05697038	TRUE	0.084098799	TRUE	36.87106227	TRUE	0.00131847
Cal_Batch16_400	659	2.92E-14	9.93E-17	2.62E-16	TRUE	0.394748048	TRUE	0.485842396	TRUE	0.385888181	TRUE	0.168416954	TRUE	0.234030547	TRUE	21.1434635	TRUE	0.003994053
Cal_Batch21_3515	692	2.76E-14	9.39E-17	2.47E-16	TRUE	0.534627301	TRUE	0.495998906	TRUE	0.49570198	TRUE	0.025871285	TRUE	0.089938622	TRUE	22.37888889	TRUE	0.001037914
Cal_Batch24_9442	655	2.69E-14	9.13E-17	2.41E-16	TRUE	0.607642291	TRUE	0.573963021	TRUE	0.625898533	TRUE	0.12057402	TRUE	0.245572356	TRUE	34.59271168	TRUE	0.003146917
Cal_Batch19_5634	733	2.67E-14	9.07E-17	2.39E-16	TRUE	0.501595623	TRUE	0.378129295	TRUE	0.342744092	TRUE	0.024374218	TRUE	0.05595834	TRUE	34.2111035	TRUE	0.001338376
Cal_Batch1_3441	670	2.65E-14	9.00E-17	2.37E-16	TRUE	0.566036377	TRUE	0.628387331	TRUE	0.526206449	TRUE	0.030191176	TRUE	0.055085423	TRUE	20.10994764	TRUE	0.000913619
Cal_Batch14_362	751	2.55E-14	8.67E-17	2.28E-16	TRUE	0.483463772	TRUE	0.576834621	TRUE	0.45462162	TRUE	0.03462571	TRUE	0.075870262	TRUE	16.88441331	TRUE	0.001092887
Cal_Batch1_3205	698	2.54E-14	8.62E-17	2.27E-16	TRUE	0.535461242	TRUE	0.605188189	TRUE	0.519771127	TRUE	0.046723007	TRUE	0.068686822	TRUE	16.64538101	TRUE	0.001016877
Cal_Batch15_5696	760	2.52E-14	8.55E-17	2.25E-16	TRUE	0.503598541	TRUE	0.498899939	TRUE	0.464103688	TRUE	0.038760625	TRUE	0.105320191	TRUE	19.65652952	TRUE	0.001184122
Cal_Batch4_6900	681	2.50E-14	8.49E-17	2.24E-16	TRUE	0.477314826	TRUE	0.520258716	TRUE	0.473211547	TRUE	0.055867513	TRUE	0.096446795	TRUE	15.53999405	TRUE	0.001219833
Cal_Batch10_3222	737	2.38E-14	8.08E-17	2.13E-16	TRUE	0.506685838	TRUE	0.38721258	TRUE	0.350728878	TRUE	0.032985571	TRUE	0.083265503	TRUE	36.11352762	TRUE	0.001227322
Cal_Batch19_517	774	2.31E-14	7.83E-17	2.06E-16	TRUE	0.471732476	TRUE	0.404659823	TRUE	0.326100225	TRUE	0.024190856	TRUE	0.061764449	TRUE	25.79568885	TRUE	0.001332662
Cal_Batch17_9710	956	2.27E-14	7.70E-17	2.03E-16	TRUE	0.600377932	TRUE	0.525510143	TRUE	0.509317533	TRUE	0.051585773	TRUE	0.068513512	TRUE	24.44079602	TRUE	0.001443806
Cal_Batch5_9177	713	2.25E-14	7.63E-17	2.01E-16	TRUE	0.433409409	TRUE	0.399282192	TRUE	0.410446772	TRUE	0.049453175	TRUE	0.117455969	TRUE	22.38829787	TRUE	0.001351248
Cal_Batch7_6835	676	2.21E-14	7.52E-17	1.98E-16	TRUE	0.584364176	TRUE	0.393285857	TRUE	0.356892453	TRUE	0.014714537	TRUE	0.042604587	TRUE	50.43852107	TRUE	0.001199067
Cal_Batch25_2186	752	2.21E-14	7.51E-17	1.98E-16	TRUE	0.518444427	TRUE	0.471409886	TRUE	0.435823246	TRUE	0.045942152	TRUE	0.083464335	TRUE	24.4228904	TRUE	0.00124579
Cal_Batch25_1962	606	2.20E-14	7.49E-17	1.97E-16	TRUE	0.507544698	TRUE	0.642537617	TRUE	0.544155722	TRUE	0.090738618	TRUE	0.159266708	TRUE	19.48424797	TRUE	0.002721744
Cal_Batch10_2318	670	2.19E-14	7.44E-17	1.96E-16	TRUE	0.588626122	TRUE	0.524971932	TRUE	0.489407665	TRUE	0.019587461	TRUE	0.085821566	TRUE	33.2264226	TRUE	0.000966089
Cal_Batch19_2272	608	2.16E-14	7.33E-17	1.93E-16	TRUE	0.581824279	TRUE	0.595020222	TRUE	0.487737704	TRUE	0.125023862	TRUE	0.197066579	TRUE	41.4304103	TRUE	0.003227267
Cal_Batch25_4063	610	2.11E-14	7.16E-17	1.89E-16	TRUE	0.40569444	TRUE	0.633711984	TRUE	0.440327101	TRUE	0.143222008	TRUE	0.223378086	TRUE	15.05599012	TRUE	0.003277425
Cal_Batch15_4244	711	2.03E-14	6.91E-17	1.82E-16	TRUE	0.432735578	TRUE	0.419210589	TRUE	0.324342212	TRUE	0.028580403	TRUE	0.072523002	TRUE	19.5412343	TRUE	0.001286394
Cal_Batch7_1061	814	2.01E-14	6.81E-17	1.79E-16	TRUE	0.411670031	TRUE	0.41229393	TRUE	0.381918811	TRUE	0.050676082	TRUE	0.087122541	TRUE	15.44473598	TRUE	0.001462825
Cal_Batch19_1970	626	1.92E-14	6.53E-17	1.72E-16	TRUE	0.463576159	TRUE	0.62689556	TRUE	0.471624065	TRUE	0.13444788	TRUE	0.213797932	TRUE	19.51125938	TRUE	0.00323256
Cal_Batch22_2103	720	1.78E-14	6.05E-17	1.59E-16	TRUE	0.51891406	TRUE	0.451554587	TRUE	0.456274462	TRUE	0.035155417	TRUE	0.054783879	TRUE	26.04656223	TRUE	0.001082643
Cal_Batch9_6961	589	1.69E-14	5.74E-17	1.51E-16	TRUE	0.464447719	TRUE	0.644739386	TRUE	0.534129693	TRUE	0.083636601	TRUE	0.13911824	TRUE	18.4	TRUE	0.002757597
Cal_Batch18_7210	603	1.62E-14	5.50E-17	1.45E-16	TRUE	0.604634375	TRUE	0.558634403	TRUE	0.536100552	TRUE	0.096422435	TRUE	0.240816204	TRUE	59.69686411	TRUE	0.002994315
Cal_Batch22_757	644	1.45E-14	4.91E-17	1.29E-16	TRUE	0.424231114	TRUE	0.505413417	TRUE	0.430398969	TRUE	0.147180453	TRUE	0.246450715	TRUE	24.48655914	TRUE	0.003714286
Cal_Batch10_2764	669	1.42E-14	4.83E-17	1.27E-16	TRUE	0.565340682	TRUE	0.520149898	TRUE	0.547190868	TRUE	0.035912821	TRUE	0.086979198	TRUE	22.37071049	TRUE	0.001037478
Cal_Batch25_6731	703	1.41E-14	4.79E-17	1.26E-16	TRUE	0.514360831	TRUE	0.56537995	TRUE	0.42121948	TRUE	0.029542638	TRUE	0.04864736	TRUE	20.60851319	TRUE	0.001044019
Cal_Batch25_3216	716	1.38E-14	4.70E-17	1.24E-16	TRUE	0.502616574	TRUE	0.466443471	TRUE	0.563726178	TRUE	0.02167786	TRUE	0.081195455	TRUE	17.62381853	TRUE	0.000948208
Cal_Batch21_3394	587	1.38E-14	4.69E-17	1.24E-16	TRUE	0.525718071	TRUE	0.62200389	TRUE	0.536397158	TRUE	0.048952708	TRUE	0.144751881	TRUE	28.21875	TRUE	0.00234015
Cal_Batch12_1285	770	1.37E-14	4.65E-17	1.22E-16	TRUE	0.505884508	TRUE	0.414046139	TRUE	0.358171647	TRUE	0.030873713	TRUE	0.071672043	TRUE	23.97013274	TRUE	0.001283781
Cal_Batch24_6014	603	1.37E-14	4.65E-17	1.22E-16	TRUE	0.501209381	TRUE	0.575012945	TRUE	0.457695332	TRUE	0.174737097	TRUE	0.235499864	TRUE	29.0464455	TRUE	0.003573329
Cal_Batch24_5834	759	1.34E-14	4.56E-17	1.20E-16	TRUE	0.555882493	TRUE	0.447680293	TRUE	0.449238226	TRUE	0.046427589	TRUE	0.084761163	TRUE	36.48064702	TRUE	0.001179559
Cal_Batch17_8900	682	1.31E-14	4.47E-17	1.18E-16	TRUE	0.61413485	TRUE	0.451443207	TRUE	0.526615012	TRUE	0.028042387	TRUE	0.107888614	TRUE	41.81461287	TRUE	0.001131929
Cal_Batch24_5431	678	1.32E-14	4.47E-17	1.18E-16	TRUE	0.422593081	TRUE	0.460327088	TRUE	0.438855849	TRUE	0.033783589	TRUE	0.055210172	TRUE	15.27903423	TRUE	0.001136296
Cal_Batch26_3164	682	1.29E-14	4.39E-17	1.16E-16	TRUE	0.571341711	TRUE	0.503094514	TRUE	0.428636494	TRUE	0.057330095	TRUE	0.10011377	TRUE	30.54084967	TRUE	0.001260499
Cal_Batch16_4388	628	1.23E-14	4.19E-17	1.10E-16	TRUE	0.510539135	TRUE	0.611154029	TRUE	0.491019834	TRUE	0.143976314	TRUE	0.223699405	TRUE	24.38098668	TRUE	0.003343832
Cal_Batch12_512	617	1.16E-14	3.93E-17	1.04E-16	TRUE	0.568211347	TRUE	0.5919966	TRUE	0.514950534	TRUE	0.116041392	TRUE	0.16517813	TRUE	41.64409722	TRUE	0.003058927
Cal_Batch2_5698	718	1.15E-14	3.90E-17	1.03E-16	TRUE	0.609152108	TRUE	0.402452954	TRUE	0.452530333	TRUE	0.010184119	TRUE	0.054790121	TRUE	31.37218413	TRUE	0.001071226
Cal_Batch15_7238	604	1.14E-14	3.87E-17	1.02E-16	TRUE	0.445776367	TRUE	0.536751639	TRUE	0.476613284	TRUE	0.104553824	TRUE	0.223610138	TRUE	20.01959064	TRUE	0.003175322
Cal_Batch9_6840	710	1.14E-14	3.87E-17	1.02E-16	TRUE	0.487135871	TRUE	0.360076951	TRUE	0.434923875	TRUE	0.038432174	TRUE	0.082061168	TRUE	26.89487179	TRUE	0.001295606
Cal_Batch8_3403	620	1.11E-14	3.77E-17	9.93E-17	TRUE	0.422589168	TRUE	0.472047892	TRUE	0.406859422	TRUE	0.134529478	TRUE	0.225159122	TRUE	28.94024326	TRUE	0.00388214
Cal_Batch8_6962	660	1.11E-14	3.77E-17	9.93E-17	TRUE	0.410520156	TRUE	0.458435871	TRUE	0.352222087	TRUE	0.151245486	TRUE	0.228628249	TRUE	26.33297472	TRUE	0.003962322
Cal_Batch12_4632	744	1.10E-14	3.73E-17	9.83E-17	TRUE	0.558774834	TRUE	0.364449373	TRUE	0.372396496	TRUE	0.009508497	TRUE	0.061254165	TRUE	48.35682327	TRUE	0.00114044
Cal_Batch15_2103	773	1.08E-14	3.67E-17	9.67E-17	TRUE	0.421390779	TRUE	0.365893035	TRUE	0.432736163	TRUE	0.06994257	TRUE	0.094305466	TRUE	17.36174071	TRUE	0.001392616
Cal_Batch14_3959	807	1.08E-14	3.66E-17	9.64E-17	TRUE	0.499249794	TRUE	0.477866916	TRUE	0.390637339	TRUE	0.06545332	TRUE	0.08580001	TRUE	21.14452896	TRUE	0.001377664
Cal_Batch21_9366	692	1.03E-14	3.51E-17	9.25E-17	TRUE	0.488225042	TRUE	0.588408537	TRUE	0.459321144	TRUE	0.040722816	TRUE	0.060946904	TRUE	17.54015671	TRUE	0.001035347
Cal_Batch8_8902	628	1.00E-14	3.40E-17	8.96E-17	TRUE	0.478840815	TRUE	0.492303297	TRUE	0.40463957	TRUE	0.201043037	TRUE	0.225310012	TRUE	31.06779661	TRUE	0.004020863
Cal_Batch12_325	646	9.97E-15	3.39E-17	8.93E-17	TRUE	0.36370067	TRUE	0.539388323	TRUE	0.359801626	TRUE	0.191533972	TRUE	0.247620769	TRUE	15.33974933	TRUE	0.004079952
Cal_Batch18_7420	722	9.96E-15	3.38E-17	8.90E-17	TRUE	0.614679504	TRUE	0.391690056	TRUE	0.417302656	TRUE	0.016483926	TRUE	0.078492389	TRUE	50.9116242	TRUE	0.00116602
Cal_Batch23_7510	719	9.91E-15	3.37E-17	8.88E-17	TRUE	0.587494018	TRUE	0.597602041	TRUE	0.505966403	TRUE	0.02036723	TRUE	0.045195731	TRUE	21.82080925	TRUE	0.000851511
Cal_Batch28_2422	832	9.63E-15	3.27E-17	8.61E-17	TRUE	0.480654463	TRUE	0.515213982	TRUE	0.402414665	TRUE	0.035418081	TRUE	0.064472241	TRUE	16.62124899	TRUE	0.00114556
Cal_Batch27_478	844	9.56E-15	3.25E-17	8.56E-17	TRUE	0.600051958	TRUE	0.428921331	TRUE	0.388151029	TRUE	0.014288317	TRUE	0.041369315	TRUE	35.80142405	TRUE	0.00109098
Cal_Batch7_1555	631	9.46E-15	3.21E-17	8.46E-17	TRUE	0.484252625	TRUE	0.468790041	TRUE	0.406499929	TRUE	0.110573727	TRUE	0.225874546	TRUE	36.49400799	TRUE	0.003842202
Cal_Batch14_3722	621	9.14E-15	3.10E-17	8.17E-17	TRUE	0.432405663	TRUE	0.633117282	TRUE	0.479362595	TRUE	0.178004959	TRUE	0.240384654	TRUE	15.77825961	TRUE	0.003451968
Cal_Batch5_6349	686	8.92E-15	3.03E-17	7.98E-17	TRUE	0.635480674	TRUE	0.524476295	TRUE	0.333103709	TRUE	0.041966758	TRUE	0.076301252	TRUE	51.90898058	TRUE	0.001126899
Cal_Batch11_4410	616	8.80E-15	2.99E-17	7.88E-17	TRUE	0.609418524	TRUE	0.649247625	TRUE	0.459339324	TRUE	0.130561955	TRUE	0.240091401	TRUE	45.51317176	TRUE	0.003194939
Cal_Batch16_1716	663	8.60E-15	2.92E-17	7.69E-17	TRUE	0.596323012	TRUE	0.402292936	TRUE	0.393795279	TRUE	0.032316739	TRUE	0.085665716	TRUE	61.61397849	TRUE	0.001218863
Cal_Batch10_7203	736	7.89E-15	2.68E-17	7.06E-17	TRUE	0.574985806	TRUE	0.524433052	TRUE	0.426184605	TRUE	0.065863032	TRUE	0.088975351	TRUE	26.79627816	TRUE	0.001284922
Cal_Batch15_1865	589	7.61E-15	2.59E-17	6.82E-17	TRUE	0.619311952	TRUE	0.604001061	TRUE	0.614529386	TRUE	0.090855772	TRUE	0.214776677	TRUE	34.08738664	TRUE	0.002592394
Cal_Batch2_7923	772	7.51E-15	2.55E-17	6.72E-17	TRUE	0.549813379	TRUE	0.398492596	TRUE	0.385855749	TRUE	0.03836191	TRUE	0.103641982	TRUE	37.54387489	TRUE	0.001303387
Cal_Batch6_1161	728	7.43E-15	2.52E-17	6.64E-17	TRUE	0.575561847	TRUE	0.369325001	TRUE	0.388086405	TRUE	0.007920176	TRUE	0.047112332	TRUE	41.12996778	TRUE	0.001078247
Cal_Batch3_3327	817	7.20E-15	2.45E-17	6.45E-17	TRUE	0.456980961	TRUE	0.416307278	TRUE	0.36976756	TRUE	0.060934227	TRUE	0.072423687	TRUE	17.69579465	TRUE	0.001584111
Cal_Batch16_9815	813	7.21E-15	2.45E-17	6.45E-17	TRUE	0.471733205	TRUE	0.431538582	TRUE	0.363644667	TRUE	0.059046018	TRUE	0.1101997	TRUE	21.54425466	TRUE	0.001424676
Cal_Batch7_9950	741	7.16E-15	2.43E-17	6.40E-17	TRUE	0.52054073	TRUE	0.372145859	TRUE	0.316244621	TRUE	0.026093333	TRUE	0.077649842	TRUE	34.09695683	TRUE	0.001349265
Cal_Batch21_5836	677	6.97E-15	2.37E-17	6.24E-17	TRUE	0.628579997	TRUE	0.53441374	TRUE	0.325297435	TRUE	0.053211167	TRUE	0.06010275	TRUE	39.60418562	TRUE	0.001243225
Cal_Batch26_9929	722	6.46E-15	2.19E-17	5.77E-17	TRUE	0.44376908	TRUE	0.485269645	TRUE	0.337570102	TRUE	0.033830357	TRUE	0.068498531	TRUE	18.02954695	TRUE	0.001142992
Cal_Batch10_5708	739	6.43E-15	2.18E-17	5.74E-17	TRUE	0.490988362	TRUE	0.403538667	TRUE	0.422058775	TRUE	0.021150652	TRUE	0.053510617	TRUE	27.50600414	TRUE	0.001097418
Cal_Batch26_8698	836	6.39E-15	2.17E-17	5.72E-17	TRUE	0.454708892	TRUE	0.399561345	TRUE	0.375305575	TRUE	0.014227059	TRUE	0.045550115	TRUE	23.0537694	TRUE	0.00113234
Cal_Batch18_2989	721	6.19E-15	2.10E-17	5.53E-17	TRUE	0.58233956	TRUE	0.508776991	TRUE	0.541883678	TRUE	0.014924576	TRUE	0.065091719	TRUE	22.48030176	TRUE	0.000899591
Cal_Batch8_4472	783	5.88E-15	2.00E-17	5.27E-17	TRUE	0.539601309	TRUE	0.330868302	TRUE	0.327932647	TRUE	0.016039209	TRUE	0.032908502	TRUE	46.36657102	TRUE	0.001181541
Cal_Batch18_4090	608	5.81E-15	1.97E-17	5.19E-17	TRUE	0.615447927	TRUE	0.599388711	TRUE	0.605569306	TRUE	0.052096156	TRUE	0.220524106	TRUE	30.60030395	TRUE	0.002532479
Cal_Batch15_2584	598	5.71E-15	1.94E-17	5.11E-17	TRUE	0.466340402	TRUE	0.617323565	TRUE	0.543367079	TRUE	0.090199329	TRUE	0.183988946	TRUE	17.53892734	TRUE	0.002783629
Cal_Batch4_758	579	5.67E-15	1.92E-17	5.06E-17	TRUE	0.627449234	TRUE	0.628241876	TRUE	0.481877367	TRUE	0.142720983	TRUE	0.200309647	TRUE	57.2483871	TRUE	0.00332623
Cal_Batch13_8625	578	5.63E-15	1.91E-17	5.03E-17	TRUE	0.641447822	TRUE	0.585502518	TRUE	0.5736273	TRUE	0.119691468	TRUE	0.232642553	TRUE	48.75124104	TRUE	0.003098237
Cal_Batch5_3706	635	5.63E-15	1.91E-17	5.03E-17	TRUE	0.592941552	TRUE	0.621629492	TRUE	0.541954265	TRUE	0.097358527	TRUE	0.189036106	TRUE	37.93371758	TRUE	0.003014239
Cal_Batch3_1005	651	5.38E-15	1.83E-17	4.82E-17	TRUE	0.522603729	TRUE	0.514185501	TRUE	0.344815938	TRUE	0.183586353	TRUE	0.244032633	TRUE	42.05481728	TRUE	0.003915698
Cal_Batch10_7416	789	5.24E-15	1.78E-17	4.69E-17	TRUE	0.407820186	TRUE	0.331634637	TRUE	0.355414824	TRUE	0.054822254	TRUE	0.104866509	TRUE	20.73400673	TRUE	0.001456455
Cal_Batch24_9761	791	5.19E-15	1.76E-17	4.64E-17	TRUE	0.405402926	TRUE	0.425839158	TRUE	0.425303771	TRUE	0.043776157	TRUE	0.108873748	TRUE	16.02654867	TRUE	0.001359123
Cal_Batch2_3048	765	4.47E-15	1.52E-17	4.00E-17	TRUE	0.554849885	TRUE	0.45116097	TRUE	0.364513942	TRUE	0.032853753	TRUE	0.069558722	TRUE	31.96781116	TRUE	0.001228067
Cal_Batch10_8875	730	4.36E-15	1.48E-17	3.90E-17	TRUE	0.473012148	TRUE	0.502063218	TRUE	0.443438885	TRUE	0.060982845	TRUE	0.087339929	TRUE	17.38	TRUE	0.001379158
Cal_Batch19_213	731	4.23E-15	1.44E-17	3.79E-17	TRUE	0.510751278	TRUE	0.535246886	TRUE	0.358258227	TRUE	0.041243792	TRUE	0.061300772	TRUE	19.86719368	TRUE	0.00119405
Cal_Batch5_4515	670	3.97E-15	1.35E-17	3.56E-17	TRUE	0.560883554	TRUE	0.604755105	TRUE	0.544953321	TRUE	0.028666432	TRUE	0.072026045	TRUE	19.30373134	TRUE	0.00088917
Cal_Batch8_5835	767	3.91E-15	1.33E-17	3.50E-17	TRUE	0.614631443	TRUE	0.54936347	TRUE	0.40428545	TRUE	0.041309165	TRUE	0.056651836	TRUE	33.01462317	TRUE	0.001089531
Cal_Batch10_1002	764	3.91E-15	1.33E-17	3.50E-17	TRUE	0.451050555	TRUE	0.366101684	TRUE	0.311174815	TRUE	0.029740166	TRUE	0.064027432	TRUE	23.63742365	TRUE	0.00132316
Cal_Batch7_1970	755	3.82E-15	1.30E-17	3.42E-17	TRUE	0.402873539	TRUE	0.356949493	TRUE	0.427158144	TRUE	0.020871978	TRUE	0.065804974	TRUE	17.34295669	TRUE	0.001202409
Cal_Batch26_5717	729	3.69E-15	1.25E-17	3.29E-17	TRUE	0.496726469	TRUE	0.531018379	TRUE	0.475166345	TRUE	0.029685999	TRUE	0.055531246	TRUE	18.25512295	TRUE	0.001023667
Cal_Batch5_1566	612	3.65E-15	1.24E-17	3.27E-17	TRUE	0.461270634	TRUE	0.642600354	TRUE	0.451024766	TRUE	0.173661535	TRUE	0.2293431	TRUE	19.60955194	TRUE	0.00342526
Cal_Batch11_007	680	3.62E-15	1.23E-17	3.24E-17	TRUE	0.627321277	TRUE	0.439070673	TRUE	0.333429593	TRUE	0.02128	TRUE	0.065028842	TRUE	66.25699558	TRUE	0.00104834
Cal_Batch26_3533	756	3.30E-15	1.12E-17	2.95E-17	TRUE	0.467611687	TRUE	0.359463184	TRUE	0.395056436	TRUE	0.014953796	TRUE	0.083871683	TRUE	21.17656904	TRUE	0.001213178
Cal_Batch15_025	858	3.31E-15	1.12E-17	2.95E-17	TRUE	0.349466614	TRUE	0.320330147	TRUE	0.337991777	TRUE	0.020974627	TRUE	0.100792329	TRUE	15.53779528	TRUE	0.001724055
Cal_Batch8_2033	633	3.09E-15	1.05E-17	2.77E-17	TRUE	0.51460978	TRUE	0.568233247	TRUE	0.502746459	TRUE	0.068221307	TRUE	0.180534309	TRUE	27.71711712	TRUE	0.002956861
Cal_Batch18_7251	704	3.03E-15	1.03E-17	2.71E-17	TRUE	0.498236795	TRUE	0.439087863	TRUE	0.458691258	TRUE	0.017760759	TRUE	0.079469439	TRUE	19.01491188	TRUE	0.001019487
Cal_Batch7_4482	855	2.99E-15	1.01E-17	2.66E-17	TRUE	0.538942355	TRUE	0.456561101	TRUE	0.374505204	TRUE	0.015784451	TRUE	0.050551809	TRUE	30.12815378	TRUE	0.001113539
Cal_Batch5_4776	603	2.85E-15	9.70E-18	2.56E-17	TRUE	0.63433619	TRUE	0.634307187	TRUE	0.390214035	TRUE	0.200700891	TRUE	0.243776784	TRUE	46.23915344	TRUE	0.003753664
Cal_Batch13_2136	745	2.83E-15	9.63E-18	2.54E-17	TRUE	0.481648463	TRUE	0.412211745	TRUE	0.336604064	TRUE	0.044106608	TRUE	0.074825435	TRUE	25.4221374	TRUE	0.001386874
Cal_Batch14_1996	823	2.79E-15	9.49E-18	2.50E-17	TRUE	0.519131833	TRUE	0.349955569	TRUE	0.341688765	TRUE	0.023119423	TRUE	0.055982259	TRUE	29.26082772	TRUE	0.001544511
Cal_Batch4_6874	731	2.71E-15	9.20E-18	2.42E-17	TRUE	0.442441729	TRUE	0.361671653	TRUE	0.311588581	TRUE	0.031323123	TRUE	0.065708615	TRUE	23.82479468	TRUE	0.001354386
Cal_Batch12_2035	736	2.66E-15	9.03E-18	2.38E-17	TRUE	0.494815786	TRUE	0.590673377	TRUE	0.480317745	TRUE	0.054833089	TRUE	0.088657775	TRUE	15.38751239	TRUE	0.001115065
Cal_Batch14_5691	611	2.64E-15	8.96E-18	2.36E-17	TRUE	0.479482683	TRUE	0.603059347	TRUE	0.429631677	TRUE	0.13652114	TRUE	0.247219445	TRUE	20.00998948	TRUE	0.003391821
Cal_Batch25_2955	595	2.45E-15	8.33E-18	2.19E-17	TRUE	0.519082522	TRUE	0.56741432	TRUE	0.517595567	TRUE	0.148408941	TRUE	0.22660871	TRUE	32.1505295	TRUE	0.003446673
Cal_Batch6_8770	732	2.27E-15	7.72E-18	2.03E-17	TRUE	0.545143075	TRUE	0.549671264	TRUE	0.499016629	TRUE	0.027626644	TRUE	0.054716607	TRUE	20.94320798	TRUE	0.000965261
Cal_Batch9_6569	661	2.23E-15	7.57E-18	1.99E-17	TRUE	0.584229015	TRUE	0.445991463	TRUE	0.3944548	TRUE	0.015229758	TRUE	0.06073848	TRUE	42.2972802	TRUE	0.001091521
Cal_Batch11_1735	793	2.13E-15	7.24E-18	1.91E-17	TRUE	0.5619792	TRUE	0.323960587	TRUE	0.410765921	TRUE	0.020971928	TRUE	0.08530531	TRUE	58.50813323	TRUE	0.001212047
Cal_Batch22_5323	594	2.00E-15	6.81E-18	1.79E-17	TRUE	0.582678765	TRUE	0.623543494	TRUE	0.624864969	TRUE	0.045990576	TRUE	0.226559072	TRUE	24.35203252	TRUE	0.002291412
Cal_Batch23_2450	677	1.97E-15	6.69E-18	1.76E-17	TRUE	0.549347368	TRUE	0.544362094	TRUE	0.487194928	TRUE	0.061504631	TRUE	0.064426691	TRUE	27.64928425	TRUE	0.001313049
Cal_Batch10_7747	824	1.96E-15	6.65E-18	1.75E-17	TRUE	0.537173168	TRUE	0.402215019	TRUE	0.432964623	TRUE	0.023691606	TRUE	0.063300394	TRUE	33.35054417	TRUE	0.001119716
Cal_Batch27_683	630	1.93E-15	6.55E-18	1.73E-17	TRUE	0.46260151	TRUE	0.598097992	TRUE	0.431090396	TRUE	0.128091169	TRUE	0.242581263	TRUE	23.21917808	TRUE	0.003378629
Cal_Batch8_6483	606	1.88E-15	6.37E-18	1.68E-17	TRUE	0.458075983	TRUE	0.60776125	TRUE	0.544718306	TRUE	0.108502836	TRUE	0.14791576	TRUE	19.61262707	TRUE	0.002971795
Cal_Batch16_9238	831	1.86E-15	6.32E-18	1.66E-17	TRUE	0.402888806	TRUE	0.302840326	TRUE	0.304364218	TRUE	0.037385857	TRUE	0.078083933	TRUE	21.51567632	TRUE	0.001448625
Cal_Batch28_3735	626	1.79E-15	6.10E-18	1.61E-17	TRUE	0.444634378	TRUE	0.545840547	TRUE	0.428660107	TRUE	0.146067697	TRUE	0.24756924	TRUE	22.8292868	TRUE	0.003645922
Cal_Batch15_1584	782	1.63E-15	5.55E-18	1.46E-17	TRUE	0.548204028	TRUE	0.471751838	TRUE	0.437338538	TRUE	0.016147684	TRUE	0.061310983	TRUE	33.32470785	TRUE	0.001027347
Cal_Batch21_6472	706	1.50E-15	5.10E-18	1.34E-17	TRUE	0.397998871	TRUE	0.432239788	TRUE	0.301746885	TRUE	0.059846767	TRUE	0.100074009	TRUE	15.75066013	TRUE	0.001454851
Cal_Batch5_7015	597	1.48E-15	5.02E-18	1.32E-17	TRUE	0.591676276	TRUE	0.603039093	TRUE	0.492034271	TRUE	0.096318992	TRUE	0.214728001	TRUE	47.18445989	TRUE	0.003069166
Cal_Batch11_827	629	1.43E-15	4.86E-18	1.28E-17	TRUE	0.647869561	TRUE	0.54824285	TRUE	0.510934054	TRUE	0.042079841	TRUE	0.080012633	TRUE	49.83810573	TRUE	0.001007773
Cal_Batch13_7025	699	1.42E-15	4.82E-18	1.27E-17	TRUE	0.565620542	TRUE	0.496194521	TRUE	0.408876104	TRUE	0.060296046	TRUE	0.082354287	TRUE	26.14150198	TRUE	0.001337327
Cal_Batch5_8646	762	1.38E-15	4.70E-18	1.24E-17	TRUE	0.545020703	TRUE	0.399215543	TRUE	0.501931917	TRUE	0.011590631	TRUE	0.070997273	TRUE	25.7446989	TRUE	0.001035021
Cal_Batch8_845	670	1.31E-15	4.46E-18	1.17E-17	TRUE	0.542886387	TRUE	0.568693068	TRUE	0.346095677	TRUE	0.043648246	TRUE	0.054745515	TRUE	24.91811414	TRUE	0.001061277
Cal_Batch26_7943	688	1.28E-15	4.35E-18	1.15E-17	TRUE	0.546828523	TRUE	0.454980851	TRUE	0.452286701	TRUE	0.011686757	TRUE	0.055962937	TRUE	24.62415131	TRUE	0.000951479
Cal_Batch3_1479	656	1.27E-15	4.33E-18	1.14E-17	TRUE	0.36480529	TRUE	0.539802768	TRUE	0.496563574	TRUE	0.088151181	TRUE	0.161812951	TRUE	16.40724479	TRUE	0.003227677
Cal_Batch1_7389	810	1.22E-15	4.15E-18	1.09E-17	TRUE	0.433616233	TRUE	0.321074905	TRUE	0.304019802	TRUE	0.056701582	TRUE	0.083696204	TRUE	25.22588235	TRUE	0.001527078
Cal_Batch15_9671	719	1.21E-15	4.10E-18	1.08E-17	TRUE	0.413184707	TRUE	0.455973447	TRUE	0.338341393	TRUE	0.019118049	TRUE	0.042489569	TRUE	16.75859155	TRUE	0.001199031
Cal_Batch8_9892	763	1.17E-15	3.97E-18	1.05E-17	TRUE	0.451819661	TRUE	0.417828298	TRUE	0.455987476	TRUE	0.037587818	TRUE	0.097766106	TRUE	18.09976663	TRUE	0.00124496
Cal_Batch1_3646	699	1.16E-15	3.95E-18	1.04E-17	TRUE	0.530223464	TRUE	0.505204224	TRUE	0.513585236	TRUE	0.060802687	TRUE	0.113555329	TRUE	19.49898717	TRUE	0.00123725
Cal_Batch8_3944	678	1.10E-15	3.74E-18	9.85E-18	TRUE	0.568695836	TRUE	0.601800497	TRUE	0.522486272	TRUE	0.052580815	TRUE	0.064669686	TRUE	20.23420549	TRUE	0.001120385
Cal_Batch21_2242	773	1.10E-15	3.74E-18	9.85E-18	TRUE	0.474106631	TRUE	0.33444032	TRUE	0.342018354	TRUE	0.022987031	TRUE	0.062086385	TRUE	25.88888889	TRUE	0.001337717
Cal_Batch7_9213	804	1.05E-15	3.58E-18	9.43E-18	TRUE	0.495229382	TRUE	0.494027643	TRUE	0.435502465	TRUE	0.031112487	TRUE	0.050319607	TRUE	19.44849445	TRUE	0.001079695
Cal_Batch16_1174	665	1.05E-15	3.58E-18	9.43E-18	TRUE	0.574008499	TRUE	0.579413739	TRUE	0.466301684	TRUE	0.044985313	TRUE	0.069159993	TRUE	27.66351931	TRUE	0.001062791
Cal_Batch11_2754	763	1.03E-15	3.50E-18	9.22E-18	TRUE	0.58712297	TRUE	0.455284038	TRUE	0.324540332	TRUE	0.029721318	TRUE	0.060790037	TRUE	45.06324666	TRUE	0.001111448
Cal_Batch13_634	690	1.02E-15	3.47E-18	9.14E-18	TRUE	0.46222501	TRUE	0.526082558	TRUE	0.414360637	TRUE	0.055337879	TRUE	0.07526401	TRUE	16.38831019	TRUE	0.001273228
Cal_Batch20_8803	842	1.00E-15	3.41E-18	8.98E-18	TRUE	0.413343738	TRUE	0.342652497	TRUE	0.392289746	TRUE	0.050213058	TRUE	0.088209331	TRUE	18.54088346	TRUE	0.001514859
Cal_Batch23_7749	822	9.52E-16	3.23E-18	8.51E-18	TRUE	0.497648318	TRUE	0.382415297	TRUE	0.426272517	TRUE	0.009888767	TRUE	0.065529486	TRUE	22.68988327	TRUE	0.001150423
Cal_Batch8_7326	765	9.13E-16	3.10E-18	8.17E-18	TRUE	0.51757262	TRUE	0.50800007	TRUE	0.47803311	TRUE	0.053241769	TRUE	0.103081898	TRUE	22.31626298	TRUE	0.001205256
Cal_Batch7_5723	735	8.76E-16	2.98E-18	7.85E-18	TRUE	0.571944069	TRUE	0.408995689	TRUE	0.359784731	TRUE	0.055710859	TRUE	0.10726297	TRUE	39.85930736	TRUE	0.0013077
Cal_Batch17_1920	752	8.59E-16	2.92E-18	7.69E-18	TRUE	0.457006294	TRUE	0.513059321	TRUE	0.324081921	TRUE	0.056399153	TRUE	0.08620715	TRUE	15.5630348	TRUE	0.001323178
Cal_Batch12_4887	589	8.53E-16	2.90E-18	7.64E-18	TRUE	0.522079702	TRUE	0.634595078	TRUE	0.528472412	TRUE	0.150262145	TRUE	0.229190125	TRUE	29.49706917	TRUE	0.003235027
Cal_Batch17_3661	660	7.83E-16	2.66E-18	7.01E-18	TRUE	0.644534899	TRUE	0.425319474	TRUE	0.368410384	TRUE	0.027332259	TRUE	0.043176575	TRUE	69.0242915	TRUE	0.001071758
Cal_Batch3_2452	686	7.66E-16	2.60E-18	6.85E-18	TRUE	0.546185041	TRUE	0.605319458	TRUE	0.53229681	TRUE	0.044507391	TRUE	0.085602811	TRUE	17.08991826	TRUE	0.000993804
Cal_Batch9_5102	973	7.30E-16	2.48E-18	6.53E-18	TRUE	0.379928315	TRUE	0.348289925	TRUE	0.310928604	TRUE	0.065752267	TRUE	0.108458679	TRUE	17.8601362	TRUE	0.001539763
Cal_Batch20_8614	611	7.27E-16	2.47E-18	6.51E-18	TRUE	0.467872857	TRUE	0.59791791	TRUE	0.389662718	TRUE	0.177021275	TRUE	0.242043988	TRUE	23.8857533	TRUE	0.003702033
Cal_Batch12_2301	716	7.17E-16	2.44E-18	6.43E-18	TRUE	0.538832678	TRUE	0.447832551	TRUE	0.432528463	TRUE	0.041837383	TRUE	0.060159238	TRUE	29.85383747	TRUE	0.001175944
Cal_Batch1_7716	913	7.15E-16	2.43E-18	6.40E-18	TRUE	0.380120153	TRUE	0.328749263	TRUE	0.31478091	TRUE	0.011750957	TRUE	0.063799072	TRUE	17.79818594	TRUE	0.001359507
Cal_Batch23_4826	604	6.50E-16	2.21E-18	5.82E-18	TRUE	0.392714026	TRUE	0.587332857	TRUE	0.455933907	TRUE	0.125311395	TRUE	0.243029465	TRUE	15.94971578	TRUE	0.0034111
Cal_Batch24_7160	641	6.36E-16	2.16E-18	5.69E-18	TRUE	0.542308251	TRUE	0.566964085	TRUE	0.561924815	TRUE	0.065578349	TRUE	0.204126798	TRUE	22.9124183	TRUE	0.002749992
Cal_Batch24_7802	741	6.23E-16	2.12E-18	5.58E-18	TRUE	0.549997864	TRUE	0.418765143	TRUE	0.435815719	TRUE	0.016781084	TRUE	0.081431018	TRUE	30.87889813	TRUE	0.001051864
Cal_Batch9_6085	739	5.79E-16	1.97E-18	5.19E-18	TRUE	0.497873676	TRUE	0.479593254	TRUE	0.32860965	TRUE	0.045781859	TRUE	0.059239448	TRUE	21.10602911	TRUE	0.001205637
Cal_Batch7_888	632	5.77E-16	1.96E-18	5.16E-18	TRUE	0.615462394	TRUE	0.558251898	TRUE	0.48990138	TRUE	0.094214754	TRUE	0.164482328	TRUE	47.00649954	TRUE	0.003105996
Cal_Batch9_1619	728	5.60E-16	1.90E-18	5.01E-18	TRUE	0.610772621	TRUE	0.551080538	TRUE	0.32135084	TRUE	0.056572393	TRUE	0.075722086	TRUE	32.89486166	TRUE	0.001207527
Cal_Batch23_9304	663	5.22E-16	1.77E-18	4.66E-18	TRUE	0.614138177	TRUE	0.579906031	TRUE	0.603464796	TRUE	0.063802909	TRUE	0.0770344	TRUE	23.75757576	TRUE	0.001227164
Cal_Batch8_483	616	5.10E-16	1.73E-18	4.56E-18	TRUE	0.374658363	TRUE	0.489130297	TRUE	0.471256152	TRUE	0.094877109	TRUE	0.235428284	TRUE	16.8566058	TRUE	0.003334011
Cal_Batch17_3207	741	4.98E-16	1.69E-18	4.45E-18	TRUE	0.57409891	TRUE	0.333581303	TRUE	0.532305724	TRUE	0.028978423	TRUE	0.106395195	TRUE	43.29483283	TRUE	0.001269723
Cal_Batch16_3526	613	4.58E-16	1.56E-18	4.11E-18	TRUE	0.495379433	TRUE	0.593210582	TRUE	0.49668529	TRUE	0.093500513	TRUE	0.21909502	TRUE	23.83242059	TRUE	0.003178741
Cal_Batch14_1124	736	4.59E-16	1.56E-18	4.11E-18	TRUE	0.452830189	TRUE	0.38762577	TRUE	0.384361396	TRUE	0.057210866	TRUE	0.083823305	TRUE	21.5996732	TRUE	0.001338492
Cal_Batch7_8400	776	4.60E-16	1.56E-18	4.11E-18	TRUE	0.421810774	TRUE	0.412396789	TRUE	0.377075367	TRUE	0.031020051	TRUE	0.097807804	TRUE	16.79947461	TRUE	0.001339833
Cal_Batch5_835	817	4.24E-16	1.44E-18	3.79E-18	TRUE	0.375800137	TRUE	0.370861883	TRUE	0.326132985	TRUE	0.032868091	TRUE	0.095929283	TRUE	16.60392839	TRUE	0.001384531
Cal_Batch7_6759	598	4.18E-16	1.42E-18	3.74E-18	TRUE	0.518045935	TRUE	0.647790618	TRUE	0.573755562	TRUE	0.119898694	TRUE	0.225120333	TRUE	24.41671218	TRUE	0.003072395
Cal_Batch21_840	801	4.10E-16	1.39E-18	3.66E-18	TRUE	0.438670412	TRUE	0.352727442	TRUE	0.444382183	TRUE	0.036668158	TRUE	0.08324709	TRUE	18.5563331	TRUE	0.001228019
Cal_Batch6_5681	945	3.89E-16	1.32E-18	3.48E-18	TRUE	0.453908204	TRUE	0.394360443	TRUE	0.337053683	TRUE	0.048309125	TRUE	0.081437412	TRUE	20.6949297	TRUE	0.001410798
Cal_Batch13_1013	809	3.76E-16	1.28E-18	3.37E-18	TRUE	0.493698547	TRUE	0.424969955	TRUE	0.421944006	TRUE	0.025004096	TRUE	0.049673289	TRUE	22.28615196	TRUE	0.001165595
Cal_Batch3_6559	631	3.63E-16	1.23E-18	3.24E-18	TRUE	0.491891109	TRUE	0.480539392	TRUE	0.421159587	TRUE	0.182708426	TRUE	0.208091555	TRUE	45.06678281	TRUE	0.004086297
Cal_Batch11_084	621	3.48E-16	1.18E-18	3.11E-18	TRUE	0.487330518	TRUE	0.564069767	TRUE	0.537514469	TRUE	0.08049548	TRUE	0.160356302	TRUE	21.80093834	TRUE	0.002817474
Cal_Batch18_9036	664	3.26E-16	1.11E-18	2.92E-18	TRUE	0.536387273	TRUE	0.484842219	TRUE	0.313899388	TRUE	0.041850922	TRUE	0.047298398	TRUE	26.36467144	TRUE	0.0011297
Cal_Batch23_7410	847	3.18E-16	1.08E-18	2.85E-18	TRUE	0.401078888	TRUE	0.337933297	TRUE	0.384946265	TRUE	0.053483321	TRUE	0.105692589	TRUE	18.1281909	TRUE	0.001502371
Cal_Batch15_2975	672	2.89E-16	9.83E-19	2.59E-18	TRUE	0.544533294	TRUE	0.509588016	TRUE	0.446247357	TRUE	0.033121595	TRUE	0.056194324	TRUE	27.09830206	TRUE	0.001043534
Cal_Batch16_4042	724	2.84E-16	9.65E-19	2.54E-18	TRUE	0.429884026	TRUE	0.399001139	TRUE	0.316857648	TRUE	0.027427843	TRUE	0.091214356	TRUE	21.08509423	TRUE	0.001232633
Cal_Batch9_9571	574	2.84E-16	9.64E-19	2.54E-18	TRUE	0.60483906	TRUE	0.611933181	TRUE	0.560509185	TRUE	0.064339263	TRUE	0.196690837	TRUE	32.01876955	TRUE	0.002482042
Cal_Batch7_6367	751	2.83E-16	9.61E-19	2.53E-18	TRUE	0.511691389	TRUE	0.547488254	TRUE	0.486615474	TRUE	0.06437293	TRUE	0.106212249	TRUE	19.40012523	TRUE	0.001284507
Cal_Batch20_6617	655	2.77E-16	9.40E-19	2.48E-18	TRUE	0.567907075	TRUE	0.642163253	TRUE	0.546996527	TRUE	0.045429865	TRUE	0.073472881	TRUE	20.24839949	TRUE	0.000965753
Cal_Batch17_6795	601	2.60E-16	8.85E-19	2.33E-18	TRUE	0.51681664	TRUE	0.633106134	TRUE	0.624808157	TRUE	0.121937893	TRUE	0.231887395	TRUE	18.24531668	TRUE	0.002898666
Cal_Batch21_5473	748	2.59E-16	8.81E-19	2.32E-18	TRUE	0.499033762	TRUE	0.390710166	TRUE	0.400836374	TRUE	0.014225015	TRUE	0.05761728	TRUE	26.71513489	TRUE	0.001080492
Cal_Batch5_2277	608	2.45E-16	8.31E-19	2.19E-18	TRUE	0.599375488	TRUE	0.531519658	TRUE	0.367276444	TRUE	0.158468586	TRUE	0.243136636	TRUE	68.10486891	TRUE	0.003681196
Cal_Batch22_9525	686	2.43E-16	8.27E-19	2.18E-18	TRUE	0.545616159	TRUE	0.533728756	TRUE	0.466349662	TRUE	0.046243323	TRUE	0.0639547	TRUE	26.00228938	TRUE	0.001107372
Cal_Batch8_9687	678	2.41E-16	8.18E-19	2.15E-18	TRUE	0.624246205	TRUE	0.56788179	TRUE	0.514982976	TRUE	0.041195715	TRUE	0.049608607	TRUE	46.32073887	TRUE	0.000994992
Cal_Batch15_4250	606	2.30E-16	7.81E-19	2.06E-18	TRUE	0.641105187	TRUE	0.567275808	TRUE	0.556606404	TRUE	0.084091131	TRUE	0.242594424	TRUE	58.03747073	TRUE	0.003012633
Cal_Batch15_6887	613	2.30E-16	7.81E-19	2.06E-18	TRUE	0.420774995	TRUE	0.622255419	TRUE	0.512135872	TRUE	0.112376665	TRUE	0.18154016	TRUE	15.99821958	TRUE	0.003166624
Cal_Batch3_8329	881	2.24E-16	7.62E-19	2.01E-18	TRUE	0.480403994	TRUE	0.411586878	TRUE	0.431549953	TRUE	0.041709583	TRUE	0.058433677	TRUE	22.16313364	TRUE	0.001169613
Cal_Batch9_7098	678	2.23E-16	7.57E-19	1.99E-18	TRUE	0.516670589	TRUE	0.552839698	TRUE	0.512817974	TRUE	0.022396888	TRUE	0.073712465	TRUE	18.3657845	TRUE	0.000869758
Cal_Batch11_3429	757	2.15E-16	7.31E-19	1.93E-18	TRUE	0.469328001	TRUE	0.432737832	TRUE	0.44022849	TRUE	0.021836486	TRUE	0.100425657	TRUE	22.09239598	TRUE	0.001087158
Cal_Batch20_8255	787	2.11E-16	7.18E-19	1.89E-18	TRUE	0.538209235	TRUE	0.49324894	TRUE	0.376950546	TRUE	0.02530981	TRUE	0.041261724	TRUE	26.48572911	TRUE	0.001049938
Cal_Batch14_4937	1003	2.09E-16	7.09E-19	1.87E-18	TRUE	0.499748229	TRUE	0.507928971	TRUE	0.404037616	TRUE	0.034233474	TRUE	0.052160959	TRUE	18.13586737	TRUE	0.001216064
Cal_Batch16_9898	664	2.08E-16	7.05E-19	1.86E-18	TRUE	0.491097324	TRUE	0.572798394	TRUE	0.516729017	TRUE	0.099303444	TRUE	0.196777361	TRUE	26.48306203	TRUE	0.003248334
Cal_Batch24_8701	761	1.97E-16	6.70E-19	1.76E-18	TRUE	0.433009835	TRUE	0.394907251	TRUE	0.352731619	TRUE	0.05874619	TRUE	0.111763219	TRUE	17.62168487	TRUE	0.001427927
Cal_Batch19_2322	596	1.93E-16	6.56E-19	1.73E-18	TRUE	0.375029165	TRUE	0.506285897	TRUE	0.450694422	TRUE	0.097618295	TRUE	0.243160788	TRUE	15.318507	TRUE	0.003301256
Cal_Batch25_1898	779	1.84E-16	6.27E-19	1.65E-18	TRUE	0.449571548	TRUE	0.441663135	TRUE	0.322501707	TRUE	0.072509348	TRUE	0.103264177	TRUE	18.27418615	TRUE	0.001432724
Cal_Batch12_4314	607	1.84E-16	6.24E-19	1.64E-18	TRUE	0.559751539	TRUE	0.588046811	TRUE	0.441773919	TRUE	0.128699044	TRUE	0.237025409	TRUE	47.68007916	TRUE	0.003444873
Cal_Batch6_3877	713	1.83E-16	6.22E-19	1.64E-18	TRUE	0.55129674	TRUE	0.474772241	TRUE	0.32638622	TRUE	0.020161338	TRUE	0.046171575	TRUE	31.44353312	TRUE	0.001056078
Cal_Batch12_3168	845	1.79E-16	6.06E-19	1.60E-18	TRUE	0.436250058	TRUE	0.424796638	TRUE	0.461810805	TRUE	0.022035407	TRUE	0.077504992	TRUE	16.20225035	TRUE	0.001084472
Cal_Batch17_4762	835	1.74E-16	5.92E-19	1.56E-18	TRUE	0.446126059	TRUE	0.453350833	TRUE	0.408977486	TRUE	0.037029865	TRUE	0.053711537	TRUE	16.25668583	TRUE	0.001237865
Cal_Batch25_4448	743	1.74E-16	5.92E-19	1.56E-18	TRUE	0.482197295	TRUE	0.548967854	TRUE	0.410310622	TRUE	0.027821855	TRUE	0.063023916	TRUE	17.3172043	TRUE	0.001045635
Cal_Batch9_5844	770	1.73E-16	5.87E-19	1.55E-18	TRUE	0.455128205	TRUE	0.372591058	TRUE	0.370046967	TRUE	0.028758042	TRUE	0.081264658	TRUE	24.17377182	TRUE	0.001193781
Cal_Batch11_3402	712	1.67E-16	5.67E-19	1.49E-18	TRUE	0.522338366	TRUE	0.595168463	TRUE	0.455564387	TRUE	0.035463326	TRUE	0.055418178	TRUE	19.35507922	TRUE	0.000924324
Cal_Batch9_4815	695	1.62E-16	5.49E-19	1.45E-18	TRUE	0.616934229	TRUE	0.555112109	TRUE	0.464926691	TRUE	0.040835348	TRUE	0.055899561	TRUE	35.81684783	TRUE	0.001040721
Cal_Batch6_1867	702	1.59E-16	5.39E-19	1.42E-18	TRUE	0.483273431	TRUE	0.429515992	TRUE	0.445147796	TRUE	0.032091396	TRUE	0.057053893	TRUE	21.23623624	TRUE	0.001081156
Cal_Batch26_996	735	1.54E-16	5.22E-19	1.38E-18	TRUE	0.484909379	TRUE	0.470838314	TRUE	0.485199846	TRUE	0.04818602	TRUE	0.090856519	TRUE	16.37698043	TRUE	0.001144158
Cal_Batch24_2007	731	1.52E-16	5.15E-19	1.36E-18	TRUE	0.543402778	TRUE	0.574829251	TRUE	0.514718039	TRUE	0.033485567	TRUE	0.064581662	TRUE	20.07919747	TRUE	0.000992818
Cal_Batch5_6539	720	1.49E-16	5.06E-19	1.33E-18	TRUE	0.595466736	TRUE	0.509161315	TRUE	0.564612943	TRUE	0.026495577	TRUE	0.091507939	TRUE	22.33855799	TRUE	0.000913547
Cal_Batch11_4969	739	1.48E-16	5.02E-19	1.32E-18	TRUE	0.433962744	TRUE	0.426105478	TRUE	0.389396955	TRUE	0.044518667	TRUE	0.062463262	TRUE	18.27368096	TRUE	0.001294282
Cal_Batch20_081	608	1.47E-16	4.98E-19	1.31E-18	TRUE	0.448626403	TRUE	0.529183073	TRUE	0.448371281	TRUE	0.141929083	TRUE	0.208770433	TRUE	22.96104996	TRUE	0.003757161
Cal_Batch19_8476	674	1.46E-16	4.97E-19	1.31E-18	TRUE	0.536047203	TRUE	0.441444115	TRUE	0.312390351	TRUE	0.029358454	TRUE	0.047972811	TRUE	36.34093637	TRUE	0.001155889
Cal_Batch8_5496	651	1.36E-16	4.63E-19	1.22E-18	TRUE	0.624069821	TRUE	0.567171185	TRUE	0.59327287	TRUE	0.030533955	TRUE	0.059282669	TRUE	25.09616454	TRUE	0.000896924
Cal_Batch13_5758	704	1.35E-16	4.60E-19	1.21E-18	TRUE	0.528247036	TRUE	0.490989039	TRUE	0.373241277	TRUE	0.024431395	TRUE	0.036027501	TRUE	28.24530516	TRUE	0.001001611
Cal_Batch11_7149	780	1.35E-16	4.57E-19	1.20E-18	TRUE	0.526249701	TRUE	0.399577031	TRUE	0.448880814	TRUE	0.054612375	TRUE	0.096518589	TRUE	26.37015782	TRUE	0.001260836
Cal_Batch15_7308	741	1.31E-16	4.46E-19	1.17E-18	TRUE	0.545123603	TRUE	0.343664314	TRUE	0.303052185	TRUE	0.0161671	TRUE	0.037365644	TRUE	47.40631365	TRUE	0.001184926
Cal_Batch25_6651	719	1.31E-16	4.45E-19	1.17E-18	TRUE	0.563066328	TRUE	0.498466674	TRUE	0.546069198	TRUE	0.029247335	TRUE	0.096037563	TRUE	26.65679825	TRUE	0.000967215
Cal_Batch13_6626	684	1.29E-16	4.37E-19	1.15E-18	TRUE	0.533727501	TRUE	0.486251462	TRUE	0.48619004	TRUE	0.04100873	TRUE	0.068987034	TRUE	25.5390099	TRUE	0.00107416
Cal_Batch26_8283	712	1.28E-16	4.35E-19	1.15E-18	TRUE	0.607435923	TRUE	0.398113167	TRUE	0.355431581	TRUE	0.015241858	TRUE	0.06531367	TRUE	70.28233831	TRUE	0.001177304
Cal_Batch23_3247	587	1.28E-16	4.34E-19	1.14E-18	TRUE	0.521073589	TRUE	0.62510375	TRUE	0.550939115	TRUE	0.160808049	TRUE	0.245990189	TRUE	21.9683819	TRUE	0.003367954
Cal_Batch24_6430	731	1.27E-16	4.33E-19	1.14E-18	TRUE	0.497615976	TRUE	0.437815101	TRUE	0.357649618	TRUE	0.036601842	TRUE	0.068449784	TRUE	24.30884354	TRUE	0.001197864
Cal_Batch11_7017	699	1.22E-16	4.14E-19	1.09E-18	TRUE	0.561106492	TRUE	0.365029873	TRUE	0.380471233	TRUE	0.024011568	TRUE	0.048051169	TRUE	56.08225508	TRUE	0.001116209
Cal_Batch18_1012	755	1.15E-16	3.92E-19	1.03E-18	TRUE	0.43737413	TRUE	0.391892916	TRUE	0.433326877	TRUE	0.023335551	TRUE	0.09740409	TRUE	18.73890785	TRUE	0.001207369
Cal_Batch25_7229	639	1.15E-16	3.92E-19	1.03E-18	TRUE	0.500352671	TRUE	0.620587889	TRUE	0.447343514	TRUE	0.164098782	TRUE	0.228599968	TRUE	25.30830249	TRUE	0.003699808
Cal_Batch5_5167	641	1.15E-16	3.90E-19	1.03E-18	TRUE	0.507503207	TRUE	0.581606875	TRUE	0.556576993	TRUE	0.051148654	TRUE	0.224642214	TRUE	19.90579453	TRUE	0.002687714
Cal_Batch10_5644	792	1.03E-16	3.50E-19	9.22E-19	TRUE	0.464402281	TRUE	0.386955013	TRUE	0.360411751	TRUE	0.024550526	TRUE	0.051977584	TRUE	23.79533679	TRUE	0.001149529
Cal_Batch23_9615	600	1.02E-16	3.48E-19	9.17E-19	TRUE	0.565692275	TRUE	0.560768408	TRUE	0.483074957	TRUE	0.166958898	TRUE	0.226867515	TRUE	46.97783407	TRUE	0.003589302
Cal_Batch7_8646	722	9.75E-17	3.31E-19	8.72E-19	TRUE	0.499950075	TRUE	0.539867032	TRUE	0.37787214	TRUE	0.021697173	TRUE	0.043118926	TRUE	19.89906769	TRUE	0.001026338
Cal_Batch12_381	795	9.62E-17	3.27E-19	8.61E-19	TRUE	0.476369821	TRUE	0.517459502	TRUE	0.355841458	TRUE	0.046415699	TRUE	0.06909177	TRUE	17.35047759	TRUE	0.001265623
Cal_Batch20_1668	798	9.56E-17	3.25E-19	8.56E-19	TRUE	0.395150372	TRUE	0.329702472	TRUE	0.352007401	TRUE	0.02473565	TRUE	0.094143111	TRUE	18.08123006	TRUE	0.001298757
Cal_Batch14_9582	765	9.42E-17	3.20E-19	8.43E-19	TRUE	0.416040567	TRUE	0.342699206	TRUE	0.384260422	TRUE	0.019890745	TRUE	0.098397522	TRUE	20.21175478	TRUE	0.001286195
Cal_Batch23_5085	822	9.13E-17	3.10E-19	8.17E-19	TRUE	0.538090056	TRUE	0.479296857	TRUE	0.413106362	TRUE	0.060032498	TRUE	0.108413677	TRUE	26.06733167	TRUE	0.001288259
Cal_Batch22_5703	585	8.96E-17	3.04E-19	8.01E-19	TRUE	0.412325788	TRUE	0.591791732	TRUE	0.518823174	TRUE	0.129715347	TRUE	0.243268321	TRUE	15.61791045	TRUE	0.003301723
Cal_Batch4_3689	792	8.59E-17	2.92E-19	7.69E-19	TRUE	0.395020429	TRUE	0.390541202	TRUE	0.336396188	TRUE	0.041591277	TRUE	0.115414829	TRUE	15.65495995	TRUE	0.001422151
Cal_Batch10_2622	755	7.80E-17	2.65E-19	6.98E-19	TRUE	0.511637029	TRUE	0.480748534	TRUE	0.489429411	TRUE	0.017812683	TRUE	0.04193204	TRUE	20.83412073	TRUE	0.000895869
Cal_Batch20_8487	786	7.54E-17	2.56E-19	6.74E-19	TRUE	0.406290957	TRUE	0.38436698	TRUE	0.345366751	TRUE	0.06192638	TRUE	0.090401336	TRUE	17.88574829	TRUE	0.001421724
Cal_Batch15_6088	598	7.47E-17	2.54E-19	6.69E-19	TRUE	0.488791088	TRUE	0.584621031	TRUE	0.509929675	TRUE	0.070256169	TRUE	0.212596124	TRUE	27.10323998	TRUE	0.003098584
Cal_Batch17_5859	786	7.45E-17	2.53E-19	6.66E-19	TRUE	0.546849225	TRUE	0.382795537	TRUE	0.358157438	TRUE	0.00905897	TRUE	0.040913647	TRUE	37.36339345	TRUE	0.001070833
Cal_Batch7_6265	770	6.90E-17	2.34E-19	6.16E-19	TRUE	0.388124107	TRUE	0.360789401	TRUE	0.347747585	TRUE	0.029859937	TRUE	0.070975863	TRUE	17.14791819	TRUE	0.001318191
Cal_Batch17_7884	704	6.15E-17	2.09E-19	5.51E-19	TRUE	0.607488171	TRUE	0.438446286	TRUE	0.351699362	TRUE	0.034600498	TRUE	0.069900034	TRUE	45.18813131	TRUE	0.001180968
Cal_Batch2_135	576	6.05E-17	2.06E-19	5.43E-19	TRUE	0.641439081	TRUE	0.628273668	TRUE	0.557444927	TRUE	0.098823562	TRUE	0.205847398	TRUE	57.15647922	TRUE	0.002850439
Cal_Batch19_9246	634	5.92E-17	2.01E-19	5.29E-19	TRUE	0.632215934	TRUE	0.526143096	TRUE	0.426784874	TRUE	0.018191013	TRUE	0.036481815	TRUE	49.44116095	TRUE	0.000887976
Cal_Batch18_5018	575	5.45E-17	1.85E-19	4.87E-19	TRUE	0.497574142	TRUE	0.582487839	TRUE	0.56187892	TRUE	0.071818244	TRUE	0.230240171	TRUE	19.81268012	TRUE	0.00287742
Cal_Batch6_4604	752	5.30E-17	1.80E-19	4.74E-19	TRUE	0.458596352	TRUE	0.436662004	TRUE	0.360691959	TRUE	0.032383845	TRUE	0.066617202	TRUE	22.27226387	TRUE	0.001135238
Cal_Batch11_2953	716	5.25E-17	1.79E-19	4.72E-19	TRUE	0.487391066	TRUE	0.432496823	TRUE	0.509091527	TRUE	0.027080484	TRUE	0.091727885	TRUE	18.42200909	TRUE	0.001035221
Cal_Batch16_5720	699	5.28E-17	1.79E-19	4.72E-19	TRUE	0.573143057	TRUE	0.472627377	TRUE	0.361068738	TRUE	0.020365791	TRUE	0.066310674	TRUE	34.49026828	TRUE	0.001081549
Cal_Batch16_5287	736	4.80E-17	1.63E-19	4.29E-19	TRUE	0.470453114	TRUE	0.412173996	TRUE	0.3523107	TRUE	0.04157619	TRUE	0.089920449	TRUE	24.12917595	TRUE	0.001223361
Cal_Batch21_8050	596	4.59E-17	1.56E-19	4.11E-19	TRUE	0.482955292	TRUE	0.613941088	TRUE	0.560487384	TRUE	0.099666289	TRUE	0.131580808	TRUE	17.44360428	TRUE	0.002736283
Cal_Batch8_534	609	4.50E-17	1.53E-19	4.03E-19	TRUE	0.426802218	TRUE	0.545908547	TRUE	0.466252012	TRUE	0.083612196	TRUE	0.202756099	TRUE	19.13965245	TRUE	0.003362426
Cal_Batch22_8786	771	4.51E-17	1.53E-19	4.03E-19	TRUE	0.478886348	TRUE	0.450225863	TRUE	0.358558093	TRUE	0.047184652	TRUE	0.062812548	TRUE	20.96099291	TRUE	0.001202809
Cal_Batch10_8748	699	4.45E-17	1.51E-19	3.98E-19	TRUE	0.490873254	TRUE	0.576103954	TRUE	0.50960645	TRUE	0.039936821	TRUE	0.089523369	TRUE	16.15854922	TRUE	0.00098201
Cal_Batch18_3098	791	4.40E-17	1.49E-19	3.93E-19	TRUE	0.46826805	TRUE	0.344284997	TRUE	0.470410918	TRUE	0.025434211	TRUE	0.113502807	TRUE	21.44218062	TRUE	0.001473461
Cal_Batch9_7925	804	4.40E-17	1.49E-19	3.93E-19	TRUE	0.547178386	TRUE	0.43672764	TRUE	0.489528559	TRUE	0.06043733	TRUE	0.08135656	TRUE	26.8776329	TRUE	0.001316171
Cal_Batch6_3785	608	4.05E-17	1.38E-19	3.64E-19	TRUE	0.37245514	TRUE	0.600800718	TRUE	0.444315065	TRUE	0.177720585	TRUE	0.217222019	TRUE	15.67330677	TRUE	0.003645638
Cal_Batch18_1876	751	3.70E-17	1.26E-19	3.32E-19	TRUE	0.551152629	TRUE	0.451065163	TRUE	0.405778217	TRUE	0.038365574	TRUE	0.048094982	TRUE	29.46216216	TRUE	0.00120818
Cal_Batch21_050	912	3.58E-17	1.22E-19	3.21E-19	TRUE	0.467004431	TRUE	0.409970379	TRUE	0.379954559	TRUE	0.010789538	TRUE	0.039452451	TRUE	21.74632434	TRUE	0.001064147
Cal_Batch3_8106	848	3.53E-17	1.20E-19	3.16E-19	TRUE	0.446193935	TRUE	0.316383569	TRUE	0.307024521	TRUE	0.076225846	TRUE	0.101423013	TRUE	26.07171582	TRUE	0.001609735
Cal_Batch12_1340	711	3.49E-17	1.18E-19	3.11E-19	TRUE	0.565254264	TRUE	0.521630482	TRUE	0.524245182	TRUE	0.028250875	TRUE	0.08520024	TRUE	25.00038124	TRUE	0.000984339
Cal_Batch10_8293	707	3.43E-17	1.16E-19	3.06E-19	TRUE	0.558595491	TRUE	0.555486284	TRUE	0.391764327	TRUE	0.027309418	TRUE	0.047783482	TRUE	31.504329	TRUE	0.000949334
Cal_Batch20_1509	741	3.36E-17	1.14E-19	3.00E-19	TRUE	0.4953294	TRUE	0.42019058	TRUE	0.4601343	TRUE	0.029143335	TRUE	0.074238429	TRUE	21.44283893	TRUE	0.001077094
Cal_Batch16_5079	619	3.20E-17	1.09E-19	2.87E-19	TRUE	0.441865717	TRUE	0.569212523	TRUE	0.415457283	TRUE	0.114229532	TRUE	0.241393178	TRUE	22.32076601	TRUE	0.00358065
Cal_Batch13_2465	757	3.08E-17	1.05E-19	2.77E-19	TRUE	0.389330031	TRUE	0.353972586	TRUE	0.332452929	TRUE	0.018507467	TRUE	0.046725783	TRUE	18.64411248	TRUE	0.001198779
Cal_Batch2_7155	593	3.05E-17	1.04E-19	2.74E-19	TRUE	0.577492596	TRUE	0.62554265	TRUE	0.49942455	TRUE	0.145839953	TRUE	0.229525555	TRUE	40.64160543	TRUE	0.003447083
Cal_Batch12_1796	660	2.92E-17	9.92E-20	2.61E-19	TRUE	0.509489051	TRUE	0.580955893	TRUE	0.517139371	TRUE	0.055046965	TRUE	0.098417033	TRUE	15.99070161	TRUE	0.00105885
Cal_Batch21_1143	777	2.89E-17	9.82E-20	2.59E-19	TRUE	0.421495027	TRUE	0.310270537	TRUE	0.359935095	TRUE	0.046793611	TRUE	0.082260674	TRUE	24.12945736	TRUE	0.001372259
Cal_Batch20_9495	614	2.86E-17	9.72E-20	2.56E-19	TRUE	0.536188786	TRUE	0.546004728	TRUE	0.477206855	TRUE	0.069802284	TRUE	0.19310151	TRUE	34.5362069	TRUE	0.003141827
Cal_Batch25_1761	702	2.85E-17	9.69E-20	2.55E-19	TRUE	0.575335846	TRUE	0.567893205	TRUE	0.537512171	TRUE	0.024516204	TRUE	0.070573716	TRUE	23.61430246	TRUE	0.000925553
Cal_Batch15_1171	754	2.78E-17	9.45E-20	2.49E-19	TRUE	0.543637806	TRUE	0.476130184	TRUE	0.496008854	TRUE	0.064833378	TRUE	0.096878191	TRUE	26.230908	TRUE	0.001231428
Cal_Batch7_3829	896	2.61E-17	8.87E-20	2.34E-19	TRUE	0.5874505	TRUE	0.616427108	TRUE	0.474432702	TRUE	0.023953899	TRUE	0.042380049	TRUE	22.00287356	TRUE	0.000994151
Cal_Batch18_3795	745	2.48E-17	8.42E-20	2.22E-19	TRUE	0.509237764	TRUE	0.525307666	TRUE	0.445353428	TRUE	0.03900635	TRUE	0.077229761	TRUE	20.80023296	TRUE	0.001039327
Cal_Batch7_3151	697	2.46E-17	8.37E-20	2.20E-19	TRUE	0.61076191	TRUE	0.483584869	TRUE	0.41369875	TRUE	0.01895943	TRUE	0.053455569	TRUE	51.26733381	TRUE	0.000991612
Cal_Batch4_9905	725	2.37E-17	8.07E-20	2.13E-19	TRUE	0.599784599	TRUE	0.471306326	TRUE	0.443123808	TRUE	0.059643439	TRUE	0.09270217	TRUE	46.91828794	TRUE	0.001197445
Cal_Batch21_3421	704	2.32E-17	7.88E-20	2.08E-19	TRUE	0.45199241	TRUE	0.465579975	TRUE	0.403306031	TRUE	0.045834257	TRUE	0.060353991	TRUE	18.83562062	TRUE	0.001195887
Cal_Batch20_5018	704	2.30E-17	7.82E-20	2.06E-19	TRUE	0.629475121	TRUE	0.527063427	TRUE	0.420555878	TRUE	0.018906954	TRUE	0.039092849	TRUE	43.48748842	TRUE	0.00086123
Cal_Batch7_8622	751	2.27E-17	7.72E-20	2.03E-19	TRUE	0.62890735	TRUE	0.411319352	TRUE	0.497044364	TRUE	0.019935334	TRUE	0.080358609	TRUE	62.45790378	TRUE	0.001001507
Cal_Batch19_4626	638	2.20E-17	7.47E-20	1.97E-19	TRUE	0.612226854	TRUE	0.607753608	TRUE	0.614661707	TRUE	0.044928976	TRUE	0.08661962	TRUE	20.90888383	TRUE	0.000907388
Cal_Batch20_017	782	2.01E-17	6.82E-20	1.80E-19	TRUE	0.428314056	TRUE	0.389927722	TRUE	0.396345317	TRUE	0.022378222	TRUE	0.053422651	TRUE	17.26724512	TRUE	0.001103209
Cal_Batch4_5783	711	1.97E-17	6.68E-20	1.76E-19	TRUE	0.631223227	TRUE	0.601571786	TRUE	0.494989822	TRUE	0.049715227	TRUE	0.063828248	TRUE	32.8900463	TRUE	0.001036507
Cal_Batch15_8828	660	1.76E-17	5.98E-20	1.58E-19	TRUE	0.637682094	TRUE	0.594620442	TRUE	0.461533968	TRUE	0.052751638	TRUE	0.065341445	TRUE	33.80889236	TRUE	0.001085616
Cal_Batch1_8943	724	1.74E-17	5.92E-20	1.56E-19	TRUE	0.503789974	TRUE	0.529035945	TRUE	0.433803879	TRUE	0.039111147	TRUE	0.06941761	TRUE	21.42631371	TRUE	0.001022529
Cal_Batch16_8580	732	1.69E-17	5.76E-20	1.52E-19	TRUE	0.512256388	TRUE	0.587098668	TRUE	0.527380024	TRUE	0.03866585	TRUE	0.072557803	TRUE	15.1987513	TRUE	0.000967326
Cal_Batch24_8311	743	1.65E-17	5.62E-20	1.48E-19	TRUE	0.420932931	TRUE	0.391189969	TRUE	0.361582317	TRUE	0.026452644	TRUE	0.047458837	TRUE	20.15303283	TRUE	0.0011571
Cal_Batch19_4631	712	1.56E-17	5.31E-20	1.40E-19	TRUE	0.547058824	TRUE	0.401715485	TRUE	0.442029592	TRUE	0.025147324	TRUE	0.049273901	TRUE	33.98351648	TRUE	0.000997211
Cal_Batch13_8802	800	1.51E-17	5.15E-20	1.36E-19	TRUE	0.391153082	TRUE	0.322564562	TRUE	0.349557782	TRUE	0.023440464	TRUE	0.086765741	TRUE	17.02683135	TRUE	0.001258679
Cal_Batch7_9233	699	1.50E-17	5.09E-20	1.34E-19	TRUE	0.541517517	TRUE	0.407529973	TRUE	0.370071237	TRUE	0.013955064	TRUE	0.059730464	TRUE	34.14536517	TRUE	0.001105335
Cal_Batch5_9931	675	1.40E-17	4.76E-20	1.25E-19	TRUE	0.575012689	TRUE	0.503326383	TRUE	0.441253136	TRUE	0.019463413	TRUE	0.051428629	TRUE	36.37631579	TRUE	0.00093658
Cal_Batch15_6106	571	1.11E-17	3.76E-20	9.91E-20	TRUE	0.576343151	TRUE	0.632144816	TRUE	0.595960266	TRUE	0.060432327	TRUE	0.131299482	TRUE	22.93569132	TRUE	0.002210128
Cal_Batch5_2042	591	1.09E-17	3.69E-20	9.72E-20	TRUE	0.631924151	TRUE	0.621700861	TRUE	0.64881723	TRUE	0.078030386	TRUE	0.203353611	TRUE	32.53582555	TRUE	0.002605594
Cal_Batch24_7062	712	1.08E-17	3.65E-20	9.62E-20	TRUE	0.435854856	TRUE	0.438858204	TRUE	0.393981375	TRUE	0.027124157	TRUE	0.078136178	TRUE	17.34980827	TRUE	0.001120807
Cal_Batch26_4482	781	1.07E-17	3.64E-20	9.59E-20	TRUE	0.401678229	TRUE	0.403605445	TRUE	0.301759492	TRUE	0.032218321	TRUE	0.085215839	TRUE	16.75729647	TRUE	0.00128703
Cal_Batch24_8666	579	1.04E-17	3.54E-20	9.33E-20	TRUE	0.495564917	TRUE	0.632011827	TRUE	0.560275457	TRUE	0.05212924	TRUE	0.130551977	TRUE	18.48829569	TRUE	0.00236757
Cal_Batch11_2653	684	1.03E-17	3.48E-20	9.17E-20	TRUE	0.507101926	TRUE	0.492329583	TRUE	0.486418539	TRUE	0.018009166	TRUE	0.088551226	TRUE	20.57111193	TRUE	0.001023282
Cal_Batch2_7503	650	1.01E-17	3.44E-20	9.06E-20	TRUE	0.458140188	TRUE	0.452169976	TRUE	0.463107447	TRUE	0.023477254	TRUE	0.087363283	TRUE	17.05677966	TRUE	0.00099682
Cal_Batch22_9726	704	9.83E-18	3.34E-20	8.80E-20	TRUE	0.62357189	TRUE	0.453212338	TRUE	0.476702812	TRUE	0.009914764	TRUE	0.062715737	TRUE	43.06880734	TRUE	0.000899865
Cal_Batch7_136	776	9.24E-18	3.14E-20	8.27E-20	TRUE	0.56280012	TRUE	0.364186674	TRUE	0.538316847	TRUE	0.04353517	TRUE	0.094948292	TRUE	31.1868823	TRUE	0.001267451
Cal_Batch16_8022	807	9.22E-18	3.13E-20	8.25E-20	TRUE	0.593926987	TRUE	0.343643563	TRUE	0.407786999	TRUE	0.015938934	TRUE	0.071801235	TRUE	48.70166667	TRUE	0.001108288
Cal_Batch23_3913	591	9.23E-18	3.13E-20	8.25E-20	TRUE	0.448229004	TRUE	0.630841899	TRUE	0.513062258	TRUE	0.132823967	TRUE	0.249497851	TRUE	16.29620433	TRUE	0.00334815
Cal_Batch11_9304	723	9.19E-18	3.12E-20	8.22E-20	TRUE	0.449706104	TRUE	0.504791909	TRUE	0.393447746	TRUE	0.023583806	TRUE	0.045877614	TRUE	17.52733236	TRUE	0.000977668
Cal_Batch28_2910	884	9.20E-18	3.12E-20	8.22E-20	TRUE	0.386885952	TRUE	0.333772024	TRUE	0.324440747	TRUE	0.015003044	TRUE	0.080104349	TRUE	17.3908776	TRUE	0.001248075
Cal_Batch20_4771	587	9.07E-18	3.08E-20	8.11E-20	TRUE	0.546229533	TRUE	0.616476867	TRUE	0.542132506	TRUE	0.064593615	TRUE	0.169311091	TRUE	29.01086957	TRUE	0.002679006
Cal_Batch21_6862	646	8.40E-18	2.86E-20	7.53E-20	TRUE	0.64538734	TRUE	0.491124875	TRUE	0.491737841	TRUE	0.020672101	TRUE	0.086463691	TRUE	55.12314815	TRUE	0.000942347
Cal_Batch15_1774	721	8.17E-18	2.78E-20	7.32E-20	TRUE	0.489291389	TRUE	0.526201168	TRUE	0.409611978	TRUE	0.030130656	TRUE	0.060296276	TRUE	18.95788668	TRUE	0.001003454
Cal_Batch25_9711	584	7.82E-18	2.66E-20	7.01E-20	TRUE	0.489517215	TRUE	0.649232336	TRUE	0.539002415	TRUE	0.09531325	TRUE	0.237056541	TRUE	21.42750716	TRUE	0.002942071
Cal_Batch10_8593	583	7.84E-18	2.66E-20	7.01E-20	TRUE	0.549427057	TRUE	0.604946907	TRUE	0.525600987	TRUE	0.101699802	TRUE	0.174656553	TRUE	29.91861648	TRUE	0.002997322
Cal_Batch19_5291	898	7.27E-18	2.47E-20	6.51E-20	TRUE	0.381073888	TRUE	0.377035495	TRUE	0.311767356	TRUE	0.070603098	TRUE	0.103166853	TRUE	15.75264201	TRUE	0.001532027
Cal_Batch25_7670	725	7.24E-18	2.46E-20	6.48E-20	TRUE	0.629922497	TRUE	0.498393697	TRUE	0.461938325	TRUE	0.0299084	TRUE	0.042261652	TRUE	51.47670708	TRUE	0.000991802
Cal_Batch26_5105	697	7.25E-18	2.46E-20	6.48E-20	TRUE	0.513819563	TRUE	0.584507512	TRUE	0.464930433	TRUE	0.029678526	TRUE	0.057689302	TRUE	18.15874439	TRUE	0.000929368
Cal_Batch13_4851	596	7.07E-18	2.40E-20	6.32E-20	TRUE	0.456037319	TRUE	0.624204804	TRUE	0.546381008	TRUE	0.089248523	TRUE	0.23381618	TRUE	16.63986014	TRUE	0.002909659
Cal_Batch23_8251	766	6.99E-18	2.37E-20	6.24E-20	TRUE	0.435066035	TRUE	0.453998399	TRUE	0.332168903	TRUE	0.032853939	TRUE	0.046669422	TRUE	16.8112532	TRUE	0.001245096
Cal_Batch20_259	774	6.91E-18	2.35E-20	6.19E-20	TRUE	0.40945035	TRUE	0.328877051	TRUE	0.365143485	TRUE	0.011527027	TRUE	0.064018321	TRUE	17.52241715	TRUE	0.0012086
Cal_Batch19_4244	846	6.82E-18	2.32E-20	6.11E-20	TRUE	0.450611915	TRUE	0.421726241	TRUE	0.409246597	TRUE	0.029750081	TRUE	0.09151342	TRUE	17.32473842	TRUE	0.001153729
Cal_Batch13_6030	603	6.70E-18	2.28E-20	6.01E-20	TRUE	0.613179074	TRUE	0.6315414	TRUE	0.559528791	TRUE	0.109256854	TRUE	0.19441107	TRUE	42.50360577	TRUE	0.002883791
Cal_Batch16_5935	783	6.72E-18	2.28E-20	6.01E-20	TRUE	0.543889845	TRUE	0.407948994	TRUE	0.346194763	TRUE	0.037229955	TRUE	0.074789186	TRUE	29.93833333	TRUE	0.001224523
Cal_Batch11_7557	612	6.69E-18	2.27E-20	5.98E-20	TRUE	0.489224652	TRUE	0.612391846	TRUE	0.447312717	TRUE	0.143735675	TRUE	0.233057356	TRUE	30.20248329	TRUE	0.003483499
Cal_Batch22_6790	588	6.16E-18	2.09E-20	5.51E-20	TRUE	0.586740654	TRUE	0.569214476	TRUE	0.489859499	TRUE	0.12140965	TRUE	0.240176727	TRUE	48.65104895	TRUE	0.003417595
Cal_Batch8_9107	600	6.13E-18	2.08E-20	5.48E-20	TRUE	0.436937316	TRUE	0.637324658	TRUE	0.520774395	TRUE	0.099843882	TRUE	0.189214622	TRUE	17.07002519	TRUE	0.00303298
Cal_Batch20_8994	787	6.07E-18	2.06E-20	5.43E-20	TRUE	0.453794121	TRUE	0.464086438	TRUE	0.333014886	TRUE	0.036226657	TRUE	0.094057141	TRUE	18.00674847	TRUE	0.001145588
Cal_Batch6_4568	805	5.95E-18	2.02E-20	5.32E-20	TRUE	0.371442821	TRUE	0.357780446	TRUE	0.32230633	TRUE	0.054469636	TRUE	0.071318419	TRUE	15.85170835	TRUE	0.0014315
Cal_Batch25_6106	724	5.92E-18	2.01E-20	5.29E-20	TRUE	0.482458642	TRUE	0.374278785	TRUE	0.324015857	TRUE	0.031797402	TRUE	0.063115033	TRUE	30.28559103	TRUE	0.00125276
Cal_Batch14_8784	590	5.70E-18	1.94E-20	5.11E-20	TRUE	0.569219163	TRUE	0.533955765	TRUE	0.507950136	TRUE	0.064258629	TRUE	0.243494027	TRUE	40.04988662	TRUE	0.00325911
Cal_Batch26_4893	610	5.37E-18	1.82E-20	4.79E-20	TRUE	0.575428348	TRUE	0.547579263	TRUE	0.542815982	TRUE	0.163096606	TRUE	0.240377714	TRUE	42.05076792	TRUE	0.003656013
Cal_Batch9_3182	708	5.37E-18	1.82E-20	4.79E-20	TRUE	0.58129034	TRUE	0.4952206	TRUE	0.491932407	TRUE	0.017218415	TRUE	0.066233916	TRUE	29.63493654	TRUE	0.000880608
Cal_Batch22_830	750	5.18E-18	1.76E-20	4.64E-20	TRUE	0.479958852	TRUE	0.380468263	TRUE	0.33985265	TRUE	0.026757445	TRUE	0.058805892	TRUE	28.03016859	TRUE	0.001118874
Cal_Batch20_7023	681	5.12E-18	1.74E-20	4.58E-20	TRUE	0.486672148	TRUE	0.454154856	TRUE	0.417646752	TRUE	0.031848347	TRUE	0.060009784	TRUE	24.73395081	TRUE	0.001032578
Cal_Batch2_5990	801	4.35E-18	1.48E-20	3.90E-20	TRUE	0.444007859	TRUE	0.477077556	TRUE	0.325508483	TRUE	0.05966804	TRUE	0.109621454	TRUE	15.01105845	TRUE	0.001308819
Cal_Batch13_3264	705	4.30E-18	1.46E-20	3.85E-20	TRUE	0.459056555	TRUE	0.35562337	TRUE	0.406543524	TRUE	0.032231698	TRUE	0.081076336	TRUE	22.94858934	TRUE	0.001173261
Cal_Batch17_4009	748	4.17E-18	1.42E-20	3.74E-20	TRUE	0.473698537	TRUE	0.390136363	TRUE	0.404407807	TRUE	0.020256791	TRUE	0.043015902	TRUE	24.99343186	TRUE	0.000989136
Cal_Batch25_231	668	4.10E-18	1.39E-20	3.66E-20	TRUE	0.589028052	TRUE	0.543841618	TRUE	0.553505969	TRUE	0.046198016	TRUE	0.070572472	TRUE	26.45695364	TRUE	0.000988229
Cal_Batch10_9210	602	3.97E-18	1.35E-20	3.56E-20	TRUE	0.464177183	TRUE	0.643465641	TRUE	0.489509349	TRUE	0.196601004	TRUE	0.222288342	TRUE	20.168	TRUE	0.003900057
Cal_Batch12_5502	608	3.97E-18	1.35E-20	3.56E-20	TRUE	0.560476036	TRUE	0.590365541	TRUE	0.509063332	TRUE	0.082731911	TRUE	0.174758379	TRUE	36.76676385	TRUE	0.003041239
Cal_Batch12_5635	687	3.94E-18	1.34E-20	3.53E-20	TRUE	0.529584437	TRUE	0.539117796	TRUE	0.422997822	TRUE	0.036276412	TRUE	0.066592627	TRUE	21.64072272	TRUE	0.000948737
Cal_Batch28_861	722	3.91E-18	1.33E-20	3.50E-20	TRUE	0.571595558	TRUE	0.375606078	TRUE	0.302408344	TRUE	0.036708749	TRUE	0.04827228	TRUE	51.43141436	TRUE	0.001199422
Cal_Batch4_9537	595	3.84E-18	1.30E-20	3.42E-20	TRUE	0.455041133	TRUE	0.579471061	TRUE	0.513883251	TRUE	0.068335852	TRUE	0.183529851	TRUE	20.99424626	TRUE	0.002895265
Cal_Batch24_5034	746	3.70E-18	1.26E-20	3.32E-20	TRUE	0.592581655	TRUE	0.527586391	TRUE	0.37701805	TRUE	0.055813723	TRUE	0.081302087	TRUE	29.65857143	TRUE	0.00113225
Cal_Batch20_4295	700	3.62E-18	1.23E-20	3.24E-20	TRUE	0.531806151	TRUE	0.585506951	TRUE	0.52121361	TRUE	0.05148034	TRUE	0.088210761	TRUE	18.89723757	TRUE	0.00101137
Cal_Batch20_2514	600	3.60E-18	1.22E-20	3.21E-20	TRUE	0.487660696	TRUE	0.62262404	TRUE	0.533229407	TRUE	0.056073816	TRUE	0.192593288	TRUE	22.71404183	TRUE	0.002748231
Cal_Batch24_6268	735	3.49E-18	1.19E-20	3.13E-20	TRUE	0.445196145	TRUE	0.4699073	TRUE	0.417516428	TRUE	0.019800627	TRUE	0.047170476	TRUE	16.99532437	TRUE	0.000993529
Cal_Batch1_3895	574	3.43E-18	1.17E-20	3.08E-20	TRUE	0.639727075	TRUE	0.632531291	TRUE	0.596920032	TRUE	0.088279199	TRUE	0.180456617	TRUE	38.83745583	TRUE	0.002631117
Cal_Batch10_6130	780	3.36E-18	1.14E-20	3.00E-20	TRUE	0.41208148	TRUE	0.37261792	TRUE	0.356399265	TRUE	0.045492289	TRUE	0.056748425	TRUE	17.67512929	TRUE	0.001358747
Cal_Batch18_2020	704	3.28E-18	1.12E-20	2.95E-20	TRUE	0.489963616	TRUE	0.444592589	TRUE	0.509478536	TRUE	0.024386465	TRUE	0.097179863	TRUE	18.54115328	TRUE	0.001022787
Cal_Batch15_5856	609	2.96E-18	1.00E-20	2.63E-20	TRUE	0.504433613	TRUE	0.580139799	TRUE	0.463319028	TRUE	0.120833938	TRUE	0.23096487	TRUE	29.20147939	TRUE	0.00354824
Cal_Batch22_7128	804	2.79E-18	9.46E-21	2.49E-20	TRUE	0.508880697	TRUE	0.303885147	TRUE	0.327677374	TRUE	0.023473504	TRUE	0.047035531	TRUE	33.16565041	TRUE	0.001220762
Cal_Batch21_9820	661	2.73E-18	9.29E-21	2.45E-20	TRUE	0.596566524	TRUE	0.428061416	TRUE	0.303228766	TRUE	0.037006026	TRUE	0.090884214	TRUE	53.06834171	TRUE	0.001137932
Cal_Batch11_8294	739	2.71E-18	9.20E-21	2.42E-20	TRUE	0.454519781	TRUE	0.430090722	TRUE	0.408102741	TRUE	0.029306294	TRUE	0.065181496	TRUE	19.01888545	TRUE	0.001101192
Cal_Batch25_3620	867	2.65E-18	9.01E-21	2.37E-20	TRUE	0.473131067	TRUE	0.387446995	TRUE	0.37404095	TRUE	0.020207995	TRUE	0.06499293	TRUE	24.17384051	TRUE	0.001124493
Cal_Batch4_2305	674	2.63E-18	8.93E-21	2.35E-20	TRUE	0.567968863	TRUE	0.502077648	TRUE	0.518871857	TRUE	0.028742017	TRUE	0.056664318	TRUE	25.32194557	TRUE	0.000867473
Cal_Batch5_6338	840	2.54E-18	8.64E-21	2.28E-20	TRUE	0.539714059	TRUE	0.482270767	TRUE	0.423250819	TRUE	0.022373604	TRUE	0.053418938	TRUE	25.70661553	TRUE	0.001037644
Cal_Batch1_8600	603	2.45E-18	8.31E-21	2.19E-20	TRUE	0.417625184	TRUE	0.5793809	TRUE	0.483930686	TRUE	0.154536763	TRUE	0.228800248	TRUE	19.11954262	TRUE	0.003649391
Cal_Batch23_3250	721	2.22E-18	7.55E-21	1.99E-20	TRUE	0.515613446	TRUE	0.487558893	TRUE	0.418662548	TRUE	0.056789166	TRUE	0.075164438	TRUE	21.5369357	TRUE	0.001226013
Cal_Batch10_6358	689	2.21E-18	7.51E-21	1.98E-20	TRUE	0.592280533	TRUE	0.584867764	TRUE	0.509644355	TRUE	0.029413349	TRUE	0.08053026	TRUE	29.68011811	TRUE	0.00088459
Cal_Batch15_4201	686	2.13E-18	7.23E-21	1.90E-20	TRUE	0.579087049	TRUE	0.553850724	TRUE	0.409697563	TRUE	0.03957599	TRUE	0.089736422	TRUE	31.67488584	TRUE	0.000983994
Cal_Batch3_025	696	2.13E-18	7.23E-21	1.90E-20	TRUE	0.538274323	TRUE	0.40213976	TRUE	0.402053053	TRUE	0.019421079	TRUE	0.054937551	TRUE	31.88749126	TRUE	0.001107558
Cal_Batch24_4677	756	2.08E-18	7.06E-21	1.86E-20	TRUE	0.461908914	TRUE	0.410721012	TRUE	0.309082848	TRUE	0.034715971	TRUE	0.080242228	TRUE	23.55165496	TRUE	0.001247657
Cal_Batch25_4457	790	2.04E-18	6.94E-21	1.83E-20	TRUE	0.424192128	TRUE	0.401231928	TRUE	0.448370906	TRUE	0.025491753	TRUE	0.091060778	TRUE	15.18711781	TRUE	0.001111828
Cal_Batch20_9046	698	2.00E-18	6.80E-21	1.79E-20	TRUE	0.510396206	TRUE	0.532521696	TRUE	0.397191189	TRUE	0.037377736	TRUE	0.047717038	TRUE	18.9026778	TRUE	0.001026381
Cal_Batch23_7571	757	2.00E-18	6.80E-21	1.79E-20	TRUE	0.519789818	TRUE	0.386898025	TRUE	0.370095484	TRUE	0.025267598	TRUE	0.054571186	TRUE	35.5342692	TRUE	0.001117666
Cal_Batch16_3002	599	1.85E-18	6.28E-21	1.65E-20	TRUE	0.465044098	TRUE	0.624466031	TRUE	0.524797115	TRUE	0.12528047	TRUE	0.202337959	TRUE	18.04695525	TRUE	0.003226288
Cal_Batch25_071	814	1.83E-18	6.23E-21	1.64E-20	TRUE	0.459057818	TRUE	0.372592076	TRUE	0.361541902	TRUE	0.083191862	TRUE	0.093687012	TRUE	20.09051412	TRUE	0.001592587
Cal_Batch20_6464	732	1.74E-18	5.90E-21	1.55E-20	TRUE	0.437336059	TRUE	0.421928	TRUE	0.410849083	TRUE	0.022839215	TRUE	0.057797744	TRUE	17.30602212	TRUE	0.001050088
Cal_Batch9_2900	673	1.69E-18	5.76E-21	1.52E-20	TRUE	0.57356236	TRUE	0.501489201	TRUE	0.355220908	TRUE	0.029952118	TRUE	0.039442627	TRUE	46.43163097	TRUE	0.001025644
Cal_Batch8_1885	622	1.67E-18	5.69E-21	1.50E-20	TRUE	0.484057971	TRUE	0.586759657	TRUE	0.476114757	TRUE	0.178034046	TRUE	0.230874193	TRUE	23.48714653	TRUE	0.003890584
Cal_Batch24_9047	737	1.66E-18	5.63E-21	1.48E-20	TRUE	0.487428641	TRUE	0.417290237	TRUE	0.434448686	TRUE	0.015966878	TRUE	0.073918775	TRUE	23.48218876	TRUE	0.001069872
Cal_Batch8_9987	596	1.65E-18	5.61E-21	1.48E-20	TRUE	0.4657674	TRUE	0.639052385	TRUE	0.514278741	TRUE	0.173444121	TRUE	0.202292501	TRUE	19.016661	TRUE	0.003589393
Cal_Batch23_5556	715	1.54E-18	5.24E-21	1.38E-20	TRUE	0.465635851	TRUE	0.515525608	TRUE	0.425263881	TRUE	0.048134855	TRUE	0.061651957	TRUE	16.46671949	TRUE	0.001088537
Cal_Batch17_3771	763	1.28E-18	4.36E-21	1.15E-20	TRUE	0.416653365	TRUE	0.398240484	TRUE	0.354280498	TRUE	0.045723218	TRUE	0.100034459	TRUE	15.88639281	TRUE	0.001292373
Cal_Batch1_730	827	1.26E-18	4.29E-21	1.13E-20	TRUE	0.387638011	TRUE	0.350758445	TRUE	0.303572822	TRUE	0.023896219	TRUE	0.052673751	TRUE	17.28182437	TRUE	0.001278567
Cal_Batch9_736	751	1.26E-18	4.28E-21	1.13E-20	TRUE	0.423284522	TRUE	0.466244253	TRUE	0.303638338	TRUE	0.049775328	TRUE	0.095458157	TRUE	15.84399517	TRUE	0.001157575
Cal_Batch4_9471	754	1.18E-18	4.02E-21	1.06E-20	TRUE	0.580855639	TRUE	0.377623941	TRUE	0.37332718	TRUE	0.042354657	TRUE	0.068441832	TRUE	44.95340502	TRUE	0.001166056
Cal_Batch19_792	720	1.17E-18	3.98E-21	1.05E-20	TRUE	0.514149098	TRUE	0.466370869	TRUE	0.440564469	TRUE	0.065517056	TRUE	0.081913251	TRUE	21.67997898	TRUE	0.001299004
Cal_Batch6_197	750	1.06E-18	3.59E-21	9.46E-21	TRUE	0.434967275	TRUE	0.460626144	TRUE	0.362799748	TRUE	0.023237499	TRUE	0.058442171	TRUE	16.39372385	TRUE	0.001065795
Cal_Batch13_2619	770	1.03E-18	3.51E-21	9.25E-21	TRUE	0.491955298	TRUE	0.499728573	TRUE	0.314307804	TRUE	0.035853408	TRUE	0.046844547	TRUE	19.8654493	TRUE	0.001103595
Cal_Batch20_3360	704	1.02E-18	3.46E-21	9.11E-21	TRUE	0.57777323	TRUE	0.474178318	TRUE	0.395544211	TRUE	0.029458501	TRUE	0.04939998	TRUE	33.01408451	TRUE	0.001017835
Cal_Batch18_1306	709	9.83E-19	3.34E-21	8.80E-21	TRUE	0.507110679	TRUE	0.462847934	TRUE	0.307806502	TRUE	0.030321292	TRUE	0.062491047	TRUE	27.43299519	TRUE	0.001107515
Cal_Batch16_5216	717	9.31E-19	3.16E-21	8.32E-21	TRUE	0.469494575	TRUE	0.540244537	TRUE	0.391351346	TRUE	0.036957462	TRUE	0.068789199	TRUE	15.49950804	TRUE	0.000994329
Cal_Batch8_1068	665	9.30E-19	3.16E-21	8.32E-21	TRUE	0.559466339	TRUE	0.522283827	TRUE	0.485811784	TRUE	0.022306521	TRUE	0.05456503	TRUE	24.75760756	TRUE	0.000893984
Cal_Batch22_7614	851	8.86E-19	3.01E-21	7.93E-21	TRUE	0.478171953	TRUE	0.345341105	TRUE	0.444782385	TRUE	0.012754916	TRUE	0.099754812	TRUE	24.68649194	TRUE	0.001191859
Cal_Batch15_1081	734	8.50E-19	2.89E-21	7.61E-21	TRUE	0.591419927	TRUE	0.414837775	TRUE	0.494117878	TRUE	0.027639371	TRUE	0.06959208	TRUE	46.83377309	TRUE	0.001026446
Cal_Batch14_3435	742	8.37E-19	2.84E-21	7.48E-21	TRUE	0.566565901	TRUE	0.400776308	TRUE	0.307188295	TRUE	0.022836045	TRUE	0.071875457	TRUE	53.72959184	TRUE	0.001016742
Cal_Batch16_274	800	8.33E-19	2.83E-21	7.46E-21	TRUE	0.572777531	TRUE	0.462284253	TRUE	0.499415919	TRUE	0.028588637	TRUE	0.044909918	TRUE	25.04443359	TRUE	0.001014227
Cal_Batch10_1098	696	8.18E-19	2.78E-21	7.32E-21	TRUE	0.493950411	TRUE	0.42098922	TRUE	0.397208471	TRUE	0.031602042	TRUE	0.053277537	TRUE	26.40172786	TRUE	0.000980421
Cal_Batch3_8875	697	7.87E-19	2.68E-21	7.06E-21	TRUE	0.588116729	TRUE	0.472768439	TRUE	0.570165669	TRUE	0.045080264	TRUE	0.099691977	TRUE	23.05844846	TRUE	0.001035973
Cal_Batch13_5471	726	7.86E-19	2.67E-21	7.03E-21	TRUE	0.500154445	TRUE	0.506220725	TRUE	0.377024392	TRUE	0.03984341	TRUE	0.059332058	TRUE	21.46283784	TRUE	0.001057007
Cal_Batch14_7470	737	7.75E-19	2.63E-21	6.93E-21	TRUE	0.450864855	TRUE	0.346147378	TRUE	0.325283583	TRUE	0.018539376	TRUE	0.086764097	TRUE	28.14410681	TRUE	0.001162055
Cal_Batch2_2156	909	7.15E-19	2.43E-21	6.40E-21	TRUE	0.457213827	TRUE	0.392630347	TRUE	0.365980547	TRUE	0.061122422	TRUE	0.078917281	TRUE	18.60735586	TRUE	0.001576297
Cal_Batch11_4841	798	6.91E-19	2.35E-21	6.19E-21	TRUE	0.583798564	TRUE	0.406273825	TRUE	0.374327131	TRUE	0.021404775	TRUE	0.036813734	TRUE	43.60194175	TRUE	0.001042125
Cal_Batch10_3040	728	6.43E-19	2.18E-21	5.74E-21	TRUE	0.535813701	TRUE	0.513710788	TRUE	0.409353283	TRUE	0.022947565	TRUE	0.05006318	TRUE	23.01148482	TRUE	0.000926942
Cal_Batch17_6097	765	5.96E-19	2.02E-21	5.32E-21	TRUE	0.490019791	TRUE	0.334262918	TRUE	0.334678291	TRUE	0.035671269	TRUE	0.084738363	TRUE	30.85040984	TRUE	0.001307247
Cal_Batch4_8868	717	5.68E-19	1.93E-21	5.08E-21	TRUE	0.470788634	TRUE	0.555251998	TRUE	0.496356929	TRUE	0.054453882	TRUE	0.078370158	TRUE	15.28082492	TRUE	0.001006273
Cal_Batch15_5499	703	5.69E-19	1.93E-21	5.08E-21	TRUE	0.490421969	TRUE	0.490481393	TRUE	0.53366435	TRUE	0.032167487	TRUE	0.09030349	TRUE	15.66594944	TRUE	0.000936571
Cal_Batch25_5144	576	5.53E-19	1.88E-21	4.95E-21	TRUE	0.420494879	TRUE	0.642766159	TRUE	0.552470031	TRUE	0.106297606	TRUE	0.20568698	TRUE	15.76381299	TRUE	0.002934895
Cal_Batch25_8770	764	5.47E-19	1.86E-21	4.90E-21	TRUE	0.419240998	TRUE	0.323662658	TRUE	0.441526746	TRUE	0.031551903	TRUE	0.100716121	TRUE	19.66666667	TRUE	0.001208606
Cal_Batch3_3552	606	5.39E-19	1.83E-21	4.82E-21	TRUE	0.419919246	TRUE	0.538157175	TRUE	0.431164289	TRUE	0.151996083	TRUE	0.239084787	TRUE	27.7073663	TRUE	0.003963773
Cal_Batch7_6823	602	5.36E-19	1.82E-21	4.79E-21	TRUE	0.482674059	TRUE	0.578167422	TRUE	0.498349968	TRUE	0.113967236	TRUE	0.191973849	TRUE	26.59122695	TRUE	0.003335747
Cal_Batch8_5862	597	5.24E-19	1.78E-21	4.69E-21	TRUE	0.508486449	TRUE	0.625220593	TRUE	0.5864702	TRUE	0.064456956	TRUE	0.163651458	TRUE	20.24240465	TRUE	0.002472696
Cal_Batch8_5936	772	4.82E-19	1.64E-21	4.32E-21	TRUE	0.614351658	TRUE	0.445051239	TRUE	0.412331923	TRUE	0.0197448	TRUE	0.039515497	TRUE	39.07510288	TRUE	0.000932203
Cal_Batch9_3310	850	4.80E-19	1.63E-21	4.29E-21	TRUE	0.582236381	TRUE	0.451921465	TRUE	0.388760403	TRUE	0.029461565	TRUE	0.043266639	TRUE	35.47913118	TRUE	0.001037032
Cal_Batch20_673	733	4.75E-19	1.61E-21	4.24E-21	TRUE	0.541847669	TRUE	0.445482981	TRUE	0.518656093	TRUE	0.020256514	TRUE	0.082760082	TRUE	20.80262009	TRUE	0.000955164
Cal_Batch20_8226	638	4.69E-19	1.59E-21	4.19E-21	TRUE	0.508149246	TRUE	0.5561032	TRUE	0.475208627	TRUE	0.068891452	TRUE	0.214599325	TRUE	33.93558776	TRUE	0.003257649
Cal_Batch4_3429	603	4.43E-19	1.51E-21	3.98E-21	TRUE	0.550619927	TRUE	0.585418386	TRUE	0.380650177	TRUE	0.186693813	TRUE	0.249061411	TRUE	43.65695793	TRUE	0.004033009
Cal_Batch14_7367	738	3.99E-19	1.35E-21	3.56E-21	TRUE	0.50242182	TRUE	0.329019168	TRUE	0.408005735	TRUE	0.026386807	TRUE	0.07593718	TRUE	34.85884354	TRUE	0.001137403
Cal_Batch12_4829	835	3.80E-19	1.29E-21	3.40E-21	TRUE	0.421474918	TRUE	0.313986521	TRUE	0.410049976	TRUE	0.027511086	TRUE	0.098071113	TRUE	21.60897616	TRUE	0.001310523
Cal_Batch22_4426	672	3.79E-19	1.29E-21	3.40E-21	TRUE	0.617423111	TRUE	0.604304909	TRUE	0.575619023	TRUE	0.043045851	TRUE	0.076698583	TRUE	19.8280543	TRUE	0.000956276
Cal_Batch16_8444	756	3.66E-19	1.24E-21	3.27E-21	TRUE	0.642634882	TRUE	0.530822408	TRUE	0.324348691	TRUE	0.044258409	TRUE	0.061789267	TRUE	43.92537313	TRUE	0.000968572
Cal_Batch15_7912	614	3.63E-19	1.23E-21	3.24E-21	TRUE	0.48699923	TRUE	0.487932898	TRUE	0.36996973	TRUE	0.162564247	TRUE	0.244821464	TRUE	42.13003452	TRUE	0.004237769
Cal_Batch5_6998	800	3.47E-19	1.18E-21	3.11E-21	TRUE	0.473550293	TRUE	0.398845281	TRUE	0.301080286	TRUE	0.043545108	TRUE	0.084360555	TRUE	27.05257937	TRUE	0.001215222
Cal_Batch25_6743	579	3.29E-19	1.12E-21	2.95E-21	TRUE	0.628333085	TRUE	0.646829201	TRUE	0.583181078	TRUE	0.069965199	TRUE	0.136997694	TRUE	45.44384546	TRUE	0.002490525
Cal_Batch4_7870	802	3.20E-19	1.09E-21	2.87E-21	TRUE	0.500747771	TRUE	0.444313344	TRUE	0.366081421	TRUE	0.043105662	TRUE	0.052837123	TRUE	25.09729917	TRUE	0.001156788
Cal_Batch17_1084	705	2.57E-19	8.75E-22	2.31E-21	TRUE	0.590780466	TRUE	0.503234499	TRUE	0.431146717	TRUE	0.0221063	TRUE	0.030779506	TRUE	43.2865075	TRUE	0.000880214
Cal_Batch21_3736	728	2.56E-19	8.68E-22	2.29E-21	TRUE	0.543594244	TRUE	0.566073626	TRUE	0.540007169	TRUE	0.028686089	TRUE	0.09410529	TRUE	17.17696867	TRUE	0.000857177
Cal_Batch25_3573	809	2.52E-19	8.57E-22	2.26E-21	TRUE	0.422570875	TRUE	0.402698732	TRUE	0.303568608	TRUE	0.040013283	TRUE	0.051365569	TRUE	17.21146953	TRUE	0.001336555
Cal_Batch10_1602	764	2.43E-19	8.26E-22	2.18E-21	TRUE	0.40707698	TRUE	0.360935466	TRUE	0.403741662	TRUE	0.025967525	TRUE	0.070140562	TRUE	17.29338154	TRUE	0.001131797
Cal_Batch18_4642	774	2.39E-19	8.11E-22	2.14E-21	TRUE	0.549426651	TRUE	0.398773583	TRUE	0.302411708	TRUE	0.03490348	TRUE	0.068157938	TRUE	37.21468476	TRUE	0.001178538
Cal_Batch4_1601	785	2.23E-19	7.57E-22	1.99E-21	TRUE	0.480699263	TRUE	0.384483268	TRUE	0.465288703	TRUE	0.05122633	TRUE	0.08472882	TRUE	22.04986595	TRUE	0.00117303
Cal_Batch22_2150	748	2.22E-19	7.55E-22	1.99E-21	TRUE	0.484455177	TRUE	0.451090587	TRUE	0.331502735	TRUE	0.02959612	TRUE	0.061141748	TRUE	20.12888889	TRUE	0.001061335
Cal_Batch19_173	624	2.21E-19	7.51E-22	1.98E-21	TRUE	0.54254062	TRUE	0.533705147	TRUE	0.434240912	TRUE	0.158711606	TRUE	0.213828396	TRUE	43.22173145	TRUE	0.003882942
Cal_Batch26_3955	624	2.19E-19	7.43E-22	1.96E-21	TRUE	0.49030628	TRUE	0.645361498	TRUE	0.544561747	TRUE	0.121419752	TRUE	0.228537259	TRUE	20.94632943	TRUE	0.00317236
Cal_Batch11_9627	586	2.12E-19	7.20E-22	1.90E-21	TRUE	0.610958904	TRUE	0.629389404	TRUE	0.591371319	TRUE	0.152408002	TRUE	0.241682846	TRUE	32.80606618	TRUE	0.003343956
Cal_Batch6_1180	600	2.10E-19	7.14E-22	1.88E-21	TRUE	0.595793746	TRUE	0.598681657	TRUE	0.593438313	TRUE	0.123512297	TRUE	0.233479308	TRUE	32.74421169	TRUE	0.003167551
Cal_Batch22_3712	641	2.09E-19	7.09E-22	1.87E-21	TRUE	0.631250661	TRUE	0.465297268	TRUE	0.467617807	TRUE	0.020450168	TRUE	0.052471518	TRUE	64.51744186	TRUE	0.000891664
Cal_Batch8_1024	797	2.06E-19	7.01E-22	1.85E-21	TRUE	0.457640734	TRUE	0.459374463	TRUE	0.301286349	TRUE	0.059175509	TRUE	0.104523807	TRUE	18.17998506	TRUE	0.001311419
Cal_Batch16_5644	768	2.06E-19	6.98E-22	1.84E-21	TRUE	0.460980767	TRUE	0.324392039	TRUE	0.454588615	TRUE	0.021287227	TRUE	0.111196912	TRUE	25.0145808	TRUE	0.001237236
Cal_Batch12_8109	814	1.95E-19	6.61E-22	1.74E-21	TRUE	0.526110621	TRUE	0.33656172	TRUE	0.317793086	TRUE	0.032225634	TRUE	0.066840856	TRUE	36.50715564	TRUE	0.001260767
Cal_Batch21_9331	599	1.84E-19	6.26E-22	1.65E-21	TRUE	0.501920861	TRUE	0.583473093	TRUE	0.478145625	TRUE	0.124344795	TRUE	0.21419365	TRUE	32.73210162	TRUE	0.003488114
Cal_Batch9_8321	903	1.82E-19	6.18E-22	1.63E-21	TRUE	0.460525462	TRUE	0.332910011	TRUE	0.300027276	TRUE	0.034500486	TRUE	0.05536481	TRUE	25.14774495	TRUE	0.001517303
Cal_Batch12_6569	777	1.77E-19	6.00E-22	1.58E-21	TRUE	0.506848496	TRUE	0.469712572	TRUE	0.350957784	TRUE	0.030236487	TRUE	0.058926166	TRUE	22.57431457	TRUE	0.001121212
Cal_Batch22_4649	775	1.72E-19	5.83E-22	1.54E-21	TRUE	0.545815458	TRUE	0.346760933	TRUE	0.343414506	TRUE	0.066651821	TRUE	0.088896536	TRUE	37.65011637	TRUE	0.001357651
Cal_Batch3_5472	713	1.53E-19	5.21E-22	1.37E-21	TRUE	0.514626029	TRUE	0.607337033	TRUE	0.510269163	TRUE	0.03743165	TRUE	0.065442079	TRUE	15.00947368	TRUE	0.000893371
Cal_Batch5_9189	807	1.53E-19	5.20E-22	1.37E-21	TRUE	0.558069612	TRUE	0.341977652	TRUE	0.474542224	TRUE	0.022862562	TRUE	0.095914865	TRUE	43.31013052	TRUE	0.001070295
Cal_Batch9_089	599	1.42E-19	4.83E-22	1.27E-21	TRUE	0.511457233	TRUE	0.57905655	TRUE	0.526475381	TRUE	0.116439436	TRUE	0.199230464	TRUE	26.57052498	TRUE	0.003032754
Cal_Batch20_5766	771	1.40E-19	4.76E-22	1.25E-21	TRUE	0.345994554	TRUE	0.339984626	TRUE	0.310017149	TRUE	0.074903717	TRUE	0.098347746	TRUE	15.84151329	TRUE	0.001458372
Cal_Batch3_8877	778	1.37E-19	4.66E-22	1.23E-21	TRUE	0.449983825	TRUE	0.415656289	TRUE	0.305272317	TRUE	0.019113697	TRUE	0.042284314	TRUE	19.27147173	TRUE	0.001056229
Cal_Batch19_1840	696	1.36E-19	4.61E-22	1.21E-21	TRUE	0.549160894	TRUE	0.600745163	TRUE	0.54005781	TRUE	0.032195027	TRUE	0.04601253	TRUE	19.69018059	TRUE	0.000849503
Cal_Batch18_2439	673	1.33E-19	4.51E-22	1.19E-21	TRUE	0.642864378	TRUE	0.556279868	TRUE	0.330629267	TRUE	0.027545308	TRUE	0.052448375	TRUE	45.88286067	TRUE	0.000888721
Cal_Batch6_3761	762	1.30E-19	4.43E-22	1.17E-21	TRUE	0.441699737	TRUE	0.418140608	TRUE	0.375525637	TRUE	0.054537006	TRUE	0.094356981	TRUE	18.45096983	TRUE	0.001251525
Cal_Batch23_9627	678	1.30E-19	4.42E-22	1.16E-21	TRUE	0.605698315	TRUE	0.361755323	TRUE	0.306431376	TRUE	0.019483072	TRUE	0.048468332	TRUE	67.76755218	TRUE	0.000996814
Cal_Batch4_5315	770	1.26E-19	4.28E-22	1.13E-21	TRUE	0.610939908	TRUE	0.347650084	TRUE	0.411951769	TRUE	0.014727776	TRUE	0.051338639	TRUE	43.3119171	TRUE	0.0010187
Cal_Batch16_7032	715	1.25E-19	4.23E-22	1.11E-21	TRUE	0.543918919	TRUE	0.488741078	TRUE	0.438551899	TRUE	0.028279294	TRUE	0.071212429	TRUE	31.42162162	TRUE	0.000899695
Cal_Batch4_1373	717	1.10E-19	3.75E-22	9.88E-22	TRUE	0.54051944	TRUE	0.413070331	TRUE	0.44747587	TRUE	0.033716483	TRUE	0.076892374	TRUE	28.37303088	TRUE	0.001062305
Cal_Batch19_505	751	1.08E-19	3.68E-22	9.69E-22	TRUE	0.580396377	TRUE	0.364322875	TRUE	0.348230527	TRUE	0.015213818	TRUE	0.039028959	TRUE	36.67424242	TRUE	0.001079098
Cal_Batch5_3642	579	9.71E-20	3.30E-22	8.69E-22	TRUE	0.561674877	TRUE	0.61693952	TRUE	0.567579176	TRUE	0.11166076	TRUE	0.222985857	TRUE	38.62840237	TRUE	0.003061896
Cal_Batch22_9035	825	9.40E-20	3.19E-22	8.40E-22	TRUE	0.467503917	TRUE	0.384382193	TRUE	0.30799031	TRUE	0.025728264	TRUE	0.063957142	TRUE	22.43603053	TRUE	0.001142492
Cal_Batch20_6420	796	9.06E-20	3.08E-22	8.11E-22	TRUE	0.500589336	TRUE	0.443176438	TRUE	0.381094215	TRUE	0.055150175	TRUE	0.096507371	TRUE	19.51913478	TRUE	0.001169792
Cal_Batch22_1806	956	8.85E-20	3.00E-22	7.90E-22	TRUE	0.548141176	TRUE	0.475603417	TRUE	0.37792537	TRUE	0.033571261	TRUE	0.050067085	TRUE	27.13615561	TRUE	0.001146741
Cal_Batch4_1469	600	8.73E-20	2.96E-22	7.80E-22	TRUE	0.48218719	TRUE	0.563512565	TRUE	0.539157098	TRUE	0.087035063	TRUE	0.206545555	TRUE	18.95746269	TRUE	0.002974458
Cal_Batch23_3498	815	8.69E-20	2.95E-22	7.77E-22	TRUE	0.476468138	TRUE	0.493769398	TRUE	0.313570388	TRUE	0.050133305	TRUE	0.077161618	TRUE	19.51677852	TRUE	0.001192021
Cal_Batch25_4988	712	8.47E-20	2.88E-22	7.59E-22	TRUE	0.5996228	TRUE	0.56223835	TRUE	0.443698665	TRUE	0.033160203	TRUE	0.05639729	TRUE	28.7989899	TRUE	0.000899472
Cal_Batch12_7874	682	8.25E-20	2.80E-22	7.38E-22	TRUE	0.626342866	TRUE	0.496945023	TRUE	0.381081124	TRUE	0.033842748	TRUE	0.041988295	TRUE	56.18669131	TRUE	0.000991762
Cal_Batch22_7536	785	8.08E-20	2.74E-22	7.22E-22	TRUE	0.464076501	TRUE	0.410431494	TRUE	0.344850137	TRUE	0.024702347	TRUE	0.057889892	TRUE	22.12957275	TRUE	0.00107392
Cal_Batch10_3037	626	7.87E-20	2.67E-22	7.03E-22	TRUE	0.418307111	TRUE	0.598749254	TRUE	0.441056043	TRUE	0.185140658	TRUE	0.220528078	TRUE	17.47959787	TRUE	0.004017212
Cal_Batch24_278	775	7.25E-20	2.46E-22	6.48E-22	TRUE	0.512854484	TRUE	0.435065869	TRUE	0.340100176	TRUE	0.029847663	TRUE	0.058197571	TRUE	27.40705251	TRUE	0.001008853
Cal_Batch18_5944	640	7.14E-20	2.42E-22	6.38E-22	TRUE	0.626670273	TRUE	0.443730302	TRUE	0.416597277	TRUE	0.015465821	TRUE	0.047638082	TRUE	59.00659196	TRUE	0.000875601
Cal_Batch9_7550	659	6.78E-20	2.30E-22	6.06E-22	TRUE	0.639481865	TRUE	0.473103463	TRUE	0.443381032	TRUE	0.017812103	TRUE	0.050770613	TRUE	73.92025316	TRUE	0.000843009
Cal_Batch13_6032	652	6.06E-20	2.06E-22	5.43E-22	TRUE	0.351312649	TRUE	0.50220153	TRUE	0.399049036	TRUE	0.102429501	TRUE	0.246121864	TRUE	18.15810502	TRUE	0.003876597
Cal_Batch24_3937	821	6.07E-20	2.06E-22	5.43E-22	TRUE	0.521533346	TRUE	0.42993699	TRUE	0.336863785	TRUE	0.028904814	TRUE	0.086062306	TRUE	28.71042654	TRUE	0.001032228
Cal_Batch12_7032	721	5.93E-20	2.01E-22	5.29E-22	TRUE	0.54516671	TRUE	0.549563021	TRUE	0.402922669	TRUE	0.03187095	TRUE	0.05760939	TRUE	22.32165109	TRUE	0.001016496
Cal_Batch16_8991	607	5.88E-20	2.00E-22	5.27E-22	TRUE	0.404050302	TRUE	0.569373126	TRUE	0.515545632	TRUE	0.103429688	TRUE	0.190940992	TRUE	18.87463271	TRUE	0.003367405
Cal_Batch16_2392	709	5.89E-20	2.00E-22	5.27E-22	TRUE	0.478061898	TRUE	0.484493156	TRUE	0.396078037	TRUE	0.015555605	TRUE	0.037464035	TRUE	18.74771167	TRUE	0.000918097
Cal_Batch7_9847	671	5.83E-20	1.98E-22	5.22E-22	TRUE	0.609349984	TRUE	0.345831822	TRUE	0.458671038	TRUE	0.029621107	TRUE	0.08853689	TRUE	68.93237971	TRUE	0.001104795
Cal_Batch12_5578	722	5.64E-20	1.92E-22	5.06E-22	TRUE	0.412663584	TRUE	0.372045108	TRUE	0.415372702	TRUE	0.014977148	TRUE	0.081658781	TRUE	17.17188984	TRUE	0.001099016
Cal_Batch13_6198	796	5.62E-20	1.91E-22	5.03E-22	TRUE	0.553235381	TRUE	0.428866658	TRUE	0.322511913	TRUE	0.044649562	TRUE	0.071480682	TRUE	32.90122825	TRUE	0.001104755
Cal_Batch11_6029	699	5.01E-20	1.70E-22	4.48E-22	TRUE	0.622555781	TRUE	0.436832462	TRUE	0.489928551	TRUE	0.036231676	TRUE	0.056073605	TRUE	41.13676908	TRUE	0.000985464
Cal_Batch28_626	599	4.78E-20	1.62E-22	4.27E-22	TRUE	0.482047998	TRUE	0.591686586	TRUE	0.479013202	TRUE	0.108260071	TRUE	0.239220284	TRUE	29.12308386	TRUE	0.003357635
Cal_Batch23_8453	701	4.74E-20	1.61E-22	4.24E-22	TRUE	0.590068525	TRUE	0.541617411	TRUE	0.417665743	TRUE	0.042689941	TRUE	0.067964391	TRUE	29.97482838	TRUE	0.001014438
Cal_Batch13_9059	818	4.56E-20	1.55E-22	4.08E-22	TRUE	0.439697867	TRUE	0.300638236	TRUE	0.32019551	TRUE	0.024447825	TRUE	0.046726907	TRUE	28.54144385	TRUE	0.001173654
Cal_Batch17_1717	711	4.36E-20	1.48E-22	3.90E-22	TRUE	0.510230489	TRUE	0.575385655	TRUE	0.424330599	TRUE	0.037530928	TRUE	0.04648496	TRUE	16.81617647	TRUE	0.001015716
Cal_Batch6_4732	719	3.97E-20	1.35E-22	3.56E-22	TRUE	0.547335568	TRUE	0.468838012	TRUE	0.360453514	TRUE	0.039394896	TRUE	0.053642035	TRUE	29.29297147	TRUE	0.001109482
Cal_Batch25_1678	725	3.77E-20	1.28E-22	3.37E-22	TRUE	0.440075549	TRUE	0.438996215	TRUE	0.352480711	TRUE	0.036662571	TRUE	0.046082515	TRUE	17.7107608	TRUE	0.001088885
Cal_Batch24_5310	795	3.72E-20	1.27E-22	3.35E-22	TRUE	0.465197878	TRUE	0.370131623	TRUE	0.337969028	TRUE	0.024009346	TRUE	0.044769304	TRUE	23.618083	TRUE	0.001191128
Cal_Batch6_2252	579	3.70E-20	1.26E-22	3.32E-22	TRUE	0.460549814	TRUE	0.632546914	TRUE	0.538888889	TRUE	0.126176011	TRUE	0.228773957	TRUE	15.66444132	TRUE	0.003089237
Cal_Batch7_8737	611	3.72E-20	1.26E-22	3.32E-22	TRUE	0.527334369	TRUE	0.585341034	TRUE	0.472723195	TRUE	0.112940892	TRUE	0.225316676	TRUE	36.19591141	TRUE	0.003422952
Cal_Batch13_4702	823	3.54E-20	1.20E-22	3.16E-22	TRUE	0.427577207	TRUE	0.438581872	TRUE	0.357774455	TRUE	0.030957109	TRUE	0.078862806	TRUE	16.74225599	TRUE	0.001211634
Cal_Batch25_9821	949	3.36E-20	1.14E-22	3.00E-22	TRUE	0.512093372	TRUE	0.335570199	TRUE	0.349342783	TRUE	0.015810611	TRUE	0.047568218	TRUE	35.33314415	TRUE	0.001176542
Cal_Batch26_3376	910	3.22E-20	1.10E-22	2.90E-22	TRUE	0.5278139	TRUE	0.507854191	TRUE	0.308469453	TRUE	0.041764877	TRUE	0.063429464	TRUE	27.6167979	TRUE	0.001085242
Cal_Batch19_3483	736	3.20E-20	1.09E-22	2.87E-22	TRUE	0.570655166	TRUE	0.470162039	TRUE	0.476264366	TRUE	0.034050493	TRUE	0.059294314	TRUE	27.99553571	TRUE	0.000981722
Cal_Batch9_573	748	3.22E-20	1.09E-22	2.87E-22	TRUE	0.536152595	TRUE	0.43364812	TRUE	0.382273998	TRUE	0.038207498	TRUE	0.097221286	TRUE	29.87769784	TRUE	0.001039716
Cal_Batch18_2573	837	3.17E-20	1.08E-22	2.85E-22	TRUE	0.519878997	TRUE	0.438722001	TRUE	0.341341789	TRUE	0.039896099	TRUE	0.068611197	TRUE	24.0284006	TRUE	0.001158057
Cal_Batch12_7986	655	3.03E-20	1.03E-22	2.71E-22	TRUE	0.606396181	TRUE	0.581045574	TRUE	0.326999786	TRUE	0.033886703	TRUE	0.047494223	TRUE	29.39487478	TRUE	0.000957183
Cal_Batch12_016	740	2.95E-20	1.00E-22	2.63E-22	TRUE	0.570483919	TRUE	0.532518119	TRUE	0.579663836	TRUE	0.022104305	TRUE	0.090892079	TRUE	20.08127854	TRUE	0.000868301
Cal_Batch28_113	681	2.75E-20	9.34E-23	2.46E-22	TRUE	0.565744847	TRUE	0.529102764	TRUE	0.399611753	TRUE	0.01977367	TRUE	0.045300858	TRUE	28.75460769	TRUE	0.000853421
Cal_Batch2_2476	725	2.70E-20	9.19E-23	2.42E-22	TRUE	0.524342534	TRUE	0.377510589	TRUE	0.438572058	TRUE	0.015843527	TRUE	0.050317983	TRUE	28.53468586	TRUE	0.000989631
Cal_Batch25_8105	606	2.43E-20	8.24E-23	2.17E-22	TRUE	0.463260588	TRUE	0.591167208	TRUE	0.524989173	TRUE	0.090998409	TRUE	0.23438851	TRUE	16.0801488	TRUE	0.003022065
Cal_Batch24_5103	728	2.34E-20	7.94E-23	2.09E-22	TRUE	0.522947445	TRUE	0.553957822	TRUE	0.456653055	TRUE	0.032692989	TRUE	0.065687833	TRUE	20.3565664	TRUE	0.00091481
Cal_Batch17_9753	853	2.20E-20	7.49E-23	1.97E-22	TRUE	0.504712407	TRUE	0.307128434	TRUE	0.321050874	TRUE	0.021675738	TRUE	0.0514957	TRUE	41.28237494	TRUE	0.001060481
Cal_Batch23_4017	784	2.03E-20	6.89E-23	1.82E-22	TRUE	0.482437486	TRUE	0.376114746	TRUE	0.434243809	TRUE	0.00862635	TRUE	0.052370909	TRUE	18.93115622	TRUE	0.000922223
Cal_Batch28_1853	788	1.92E-20	6.54E-23	1.72E-22	TRUE	0.496915257	TRUE	0.494502063	TRUE	0.340110525	TRUE	0.036983898	TRUE	0.077344854	TRUE	20.37287481	TRUE	0.001018502
Cal_Batch24_1603	805	1.87E-20	6.37E-23	1.68E-22	TRUE	0.432574149	TRUE	0.420151417	TRUE	0.303899752	TRUE	0.052896005	TRUE	0.093655535	TRUE	17.04760062	TRUE	0.001247866
Cal_Batch24_2315	749	1.87E-20	6.34E-23	1.67E-22	TRUE	0.571658408	TRUE	0.465120555	TRUE	0.348409678	TRUE	0.025363427	TRUE	0.070670941	TRUE	36.54821151	TRUE	0.001000165
Cal_Batch27_1896	616	1.86E-20	6.30E-23	1.66E-22	TRUE	0.538408779	TRUE	0.630843494	TRUE	0.585853921	TRUE	0.100995213	TRUE	0.220238616	TRUE	22.44567901	TRUE	0.002870938
Cal_Batch15_2809	601	1.83E-20	6.21E-23	1.64E-22	TRUE	0.503319472	TRUE	0.557793841	TRUE	0.565497871	TRUE	0.142081363	TRUE	0.229705651	TRUE	25.39683933	TRUE	0.003423763
Cal_Batch23_9202	713	1.65E-20	5.60E-23	1.48E-22	TRUE	0.490150271	TRUE	0.530466376	TRUE	0.455915437	TRUE	0.041010489	TRUE	0.081107226	TRUE	17.99160946	TRUE	0.00098965
Cal_Batch12_3795	595	1.58E-20	5.37E-23	1.41E-22	TRUE	0.550354925	TRUE	0.595347671	TRUE	0.500699008	TRUE	0.098698072	TRUE	0.23448966	TRUE	39.34245661	TRUE	0.003337366
Cal_Batch26_6833	579	1.55E-20	5.26E-23	1.39E-22	TRUE	0.392480692	TRUE	0.624751981	TRUE	0.533610819	TRUE	0.088782799	TRUE	0.211734893	TRUE	15.48981966	TRUE	0.003011776
Cal_Batch24_7315	882	1.48E-20	5.03E-23	1.33E-22	TRUE	0.43571961	TRUE	0.42806806	TRUE	0.427763902	TRUE	0.016988267	TRUE	0.067202419	TRUE	15.26653697	TRUE	0.001007555
Cal_Batch19_2153	601	1.47E-20	4.99E-23	1.31E-22	TRUE	0.427696983	TRUE	0.642231682	TRUE	0.526908353	TRUE	0.11118242	TRUE	0.193455342	TRUE	16.95430945	TRUE	0.003037711
Cal_Batch25_8139	633	1.33E-20	4.53E-23	1.19E-22	TRUE	0.442981312	TRUE	0.558698644	TRUE	0.519876944	TRUE	0.075668116	TRUE	0.229967838	TRUE	19.36656282	TRUE	0.003200694
Cal_Batch18_2983	835	1.32E-20	4.49E-23	1.18E-22	TRUE	0.432845147	TRUE	0.368448034	TRUE	0.359099794	TRUE	0.034693736	TRUE	0.076599599	TRUE	19.73847601	TRUE	0.001154885
Cal_Batch4_6540	716	1.32E-20	4.48E-23	1.18E-22	TRUE	0.602296125	TRUE	0.451380511	TRUE	0.345401419	TRUE	0.035654358	TRUE	0.055424022	TRUE	42.65815177	TRUE	0.001029144
Cal_Batch25_7668	770	1.27E-20	4.31E-23	1.14E-22	TRUE	0.634873763	TRUE	0.588861303	TRUE	0.377080242	TRUE	0.046958236	TRUE	0.054078038	TRUE	35.24476797	TRUE	0.000964726
Cal_Batch3_3818	825	1.25E-20	4.26E-23	1.12E-22	TRUE	0.46408079	TRUE	0.45640932	TRUE	0.364739946	TRUE	0.022622092	TRUE	0.035878946	TRUE	18.70776819	TRUE	0.001030252
Cal_Batch14_2893	772	1.18E-20	3.99E-23	1.05E-22	TRUE	0.555066319	TRUE	0.40328882	TRUE	0.431421685	TRUE	0.008410113	TRUE	0.042197509	TRUE	24.64397906	TRUE	0.000874851
Cal_Batch26_3354	746	1.16E-20	3.94E-23	1.04E-22	TRUE	0.510955177	TRUE	0.506992112	TRUE	0.42797665	TRUE	0.050923583	TRUE	0.090765137	TRUE	19.16104651	TRUE	0.001070005
Cal_Batch23_7537	771	1.15E-20	3.90E-23	1.03E-22	TRUE	0.541353383	TRUE	0.386200994	TRUE	0.390983184	TRUE	0.026247895	TRUE	0.057015025	TRUE	38.78830964	TRUE	0.001047344
Cal_Batch7_4322	743	1.14E-20	3.86E-23	1.02E-22	TRUE	0.508417508	TRUE	0.452444697	TRUE	0.423135422	TRUE	0.024761843	TRUE	0.041051142	TRUE	23.66601942	TRUE	0.000949126
Cal_Batch23_7959	708	1.12E-20	3.80E-23	1.00E-22	TRUE	0.488418638	TRUE	0.435470963	TRUE	0.444632246	TRUE	0.015104909	TRUE	0.033812343	TRUE	21.03938859	TRUE	0.000868197
Cal_Batch15_1953	598	1.09E-20	3.70E-23	9.75E-23	TRUE	0.475412033	TRUE	0.629097127	TRUE	0.469606641	TRUE	0.125540918	TRUE	0.230383183	TRUE	23.45524543	TRUE	0.003436234
Cal_Batch17_5498	727	1.03E-20	3.50E-23	9.22E-23	TRUE	0.499322058	TRUE	0.577873824	TRUE	0.455427385	TRUE	0.033594877	TRUE	0.047120057	TRUE	17.59122203	TRUE	0.0009043
Cal_Batch5_8805	794	9.44E-21	3.21E-23	8.46E-23	TRUE	0.43527114	TRUE	0.392871032	TRUE	0.302482978	TRUE	0.016947906	TRUE	0.029278503	TRUE	18.72158933	TRUE	0.001085013
Cal_Batch5_4983	687	8.79E-21	2.99E-23	7.88E-23	TRUE	0.556243027	TRUE	0.328558923	TRUE	0.354674995	TRUE	0.022233386	TRUE	0.088283791	TRUE	54.15479115	TRUE	0.001014969
Cal_Batch4_8690	743	8.12E-21	2.76E-23	7.27E-23	TRUE	0.477174242	TRUE	0.449833625	TRUE	0.365595724	TRUE	0.021135878	TRUE	0.059555104	TRUE	19.3365814	TRUE	0.00098924
Cal_Batch19_2914	682	8.08E-21	2.74E-23	7.22E-23	TRUE	0.643874941	TRUE	0.512091552	TRUE	0.309120303	TRUE	0.040230512	TRUE	0.05175398	TRUE	44.90166028	TRUE	0.000950672
Cal_Batch26_450	745	7.85E-21	2.67E-23	7.03E-23	TRUE	0.514422529	TRUE	0.519148287	TRUE	0.490786954	TRUE	0.054114886	TRUE	0.065286426	TRUE	18.45521024	TRUE	0.001156135
Cal_Batch6_8001	655	7.07E-21	2.40E-23	6.32E-23	TRUE	0.610118521	TRUE	0.425979373	TRUE	0.437703567	TRUE	0.013141651	TRUE	0.0517073	TRUE	54.53104925	TRUE	0.000894807
Cal_Batch5_2983	732	6.62E-21	2.25E-23	5.93E-23	TRUE	0.475483871	TRUE	0.353560881	TRUE	0.423353616	TRUE	0.019278875	TRUE	0.045087918	TRUE	22.02197802	TRUE	0.000929847
Cal_Batch4_8827	767	6.45E-21	2.19E-23	5.77E-23	TRUE	0.430695847	TRUE	0.379327879	TRUE	0.37758806	TRUE	0.020849402	TRUE	0.079631339	TRUE	17.86067961	TRUE	0.001072237
Cal_Batch4_7895	765	6.29E-21	2.14E-23	5.64E-23	TRUE	0.547129895	TRUE	0.43723243	TRUE	0.497647804	TRUE	0.026853853	TRUE	0.09341717	TRUE	30.02738163	TRUE	0.000985052
Cal_Batch18_1074	663	5.74E-21	1.95E-23	5.14E-23	TRUE	0.546792503	TRUE	0.6009704	TRUE	0.454291196	TRUE	0.031969428	TRUE	0.056901268	TRUE	20.43221691	TRUE	0.000839928
Cal_Batch6_4726	651	5.49E-21	1.87E-23	4.93E-23	TRUE	0.569795337	TRUE	0.456490842	TRUE	0.304903717	TRUE	0.032797778	TRUE	0.056846861	TRUE	41.89186733	TRUE	0.00093487
Cal_Batch9_588	737	5.14E-21	1.75E-23	4.61E-23	TRUE	0.481929877	TRUE	0.456661424	TRUE	0.419863184	TRUE	0.048687379	TRUE	0.081339643	TRUE	18.93956835	TRUE	0.001108054
Cal_Batch20_6583	588	5.04E-21	1.71E-23	4.50E-23	TRUE	0.496767198	TRUE	0.558740031	TRUE	0.467792564	TRUE	0.161777421	TRUE	0.249017337	TRUE	36.35474593	TRUE	0.003849543
Cal_Batch18_7937	781	4.48E-21	1.52E-23	4.00E-23	TRUE	0.484440486	TRUE	0.328135575	TRUE	0.373015109	TRUE	0.024896567	TRUE	0.08136858	TRUE	36.41276865	TRUE	0.001100119
Cal_Batch6_3394	819	4.43E-21	1.51E-23	3.98E-23	TRUE	0.40444795	TRUE	0.403979522	TRUE	0.399750701	TRUE	0.025836299	TRUE	0.055854058	TRUE	15.5259962	TRUE	0.001135379
Cal_Batch8_6337	771	4.36E-21	1.48E-23	3.90E-23	TRUE	0.426385754	TRUE	0.377271761	TRUE	0.313055219	TRUE	0.034110766	TRUE	0.055873867	TRUE	22.1368461	TRUE	0.001145969
Cal_Batch7_5918	706	3.90E-21	1.33E-23	3.50E-23	TRUE	0.532957802	TRUE	0.356610991	TRUE	0.330424251	TRUE	0.018268254	TRUE	0.047803512	TRUE	42.60154854	TRUE	0.001033649
Cal_Batch6_5961	724	3.67E-21	1.25E-23	3.29E-23	TRUE	0.640099543	TRUE	0.413919451	TRUE	0.51154504	TRUE	0.018744631	TRUE	0.088397301	TRUE	45.95090016	TRUE	0.000913811
Cal_Batch8_1118	756	3.57E-21	1.21E-23	3.19E-23	TRUE	0.530269693	TRUE	0.313969045	TRUE	0.446561723	TRUE	0.031741423	TRUE	0.068065365	TRUE	53.99084668	TRUE	0.001070953
Cal_Batch14_3978	674	3.52E-21	1.19E-23	3.13E-23	TRUE	0.644825919	TRUE	0.498168653	TRUE	0.454966098	TRUE	0.022438656	TRUE	0.053453867	TRUE	59.09901961	TRUE	0.000849449
Cal_Batch10_5968	627	3.33E-21	1.13E-23	2.98E-23	TRUE	0.479173676	TRUE	0.556962062	TRUE	0.511474017	TRUE	0.109917657	TRUE	0.201375296	TRUE	26.23157051	TRUE	0.00351777
Cal_Batch10_8702	636	2.79E-21	9.49E-24	2.50E-23	TRUE	0.491784143	TRUE	0.48735269	TRUE	0.427356017	TRUE	0.151279897	TRUE	0.220811586	TRUE	34.40962567	TRUE	0.004220575
Cal_Batch4_7025	750	2.50E-21	8.49E-24	2.24E-23	TRUE	0.46931993	TRUE	0.45472072	TRUE	0.331190299	TRUE	0.022565615	TRUE	0.055630697	TRUE	19.10491368	TRUE	0.00098728
Cal_Batch1_354	711	2.42E-21	8.22E-24	2.17E-23	TRUE	0.577596486	TRUE	0.466465117	TRUE	0.325511481	TRUE	0.020547932	TRUE	0.049716691	TRUE	41.95509893	TRUE	0.000892238
Cal_Batch26_9852	744	2.12E-21	7.20E-24	1.90E-23	TRUE	0.476173913	TRUE	0.454680614	TRUE	0.366554615	TRUE	0.022756295	TRUE	0.054235562	TRUE	21.51640212	TRUE	0.000990746
Cal_Batch27_586	623	2.03E-21	6.91E-24	1.82E-23	TRUE	0.476337823	TRUE	0.519314719	TRUE	0.46745909	TRUE	0.095741631	TRUE	0.246436953	TRUE	29.63735465	TRUE	0.003774801
Cal_Batch10_3439	732	1.76E-21	5.97E-24	1.57E-23	TRUE	0.540823155	TRUE	0.30858998	TRUE	0.345591326	TRUE	0.035348295	TRUE	0.083833966	TRUE	50.69160768	TRUE	0.001133594
Cal_Batch15_7612	807	1.67E-21	5.68E-24	1.50E-23	TRUE	0.419888058	TRUE	0.302427707	TRUE	0.334970905	TRUE	0.022155212	TRUE	0.089597623	TRUE	22.05608066	TRUE	0.001202008
Cal_Batch8_4811	581	1.59E-21	5.39E-24	1.42E-23	TRUE	0.421309126	TRUE	0.588458095	TRUE	0.539975911	TRUE	0.126179651	TRUE	0.229856626	TRUE	16.11933448	TRUE	0.003173009
Cal_Batch9_8087	813	1.58E-21	5.36E-24	1.41E-23	TRUE	0.567319261	TRUE	0.371003036	TRUE	0.33565271	TRUE	0.033180296	TRUE	0.058139809	TRUE	37.79881657	TRUE	0.001087947
Cal_Batch11_9400	773	1.39E-21	4.73E-24	1.25E-23	TRUE	0.498938087	TRUE	0.339037082	TRUE	0.380681432	TRUE	0.011723774	TRUE	0.060234328	TRUE	35.98909657	TRUE	0.001061037
Cal_Batch23_1853	712	1.37E-21	4.66E-24	1.23E-23	TRUE	0.496741359	TRUE	0.507444899	TRUE	0.51094424	TRUE	0.022096116	TRUE	0.074459923	TRUE	15.81746032	TRUE	0.000877545
Cal_Batch13_6588	677	1.31E-21	4.46E-24	1.17E-23	TRUE	0.549705703	TRUE	0.56125205	TRUE	0.528822699	TRUE	0.043609001	TRUE	0.087157531	TRUE	19.06735497	TRUE	0.000917797
Cal_Batch19_2422	823	1.24E-21	4.22E-24	1.11E-23	TRUE	0.567911341	TRUE	0.314442913	TRUE	0.398972543	TRUE	0.014277679	TRUE	0.08265556	TRUE	57.96625767	TRUE	0.001075815
Cal_Batch18_6608	783	1.19E-21	4.05E-24	1.07E-23	TRUE	0.423893495	TRUE	0.385514648	TRUE	0.434538018	TRUE	0.042848236	TRUE	0.078004725	TRUE	15.91563555	TRUE	0.001101919
Cal_Batch3_7284	775	1.15E-21	3.91E-24	1.03E-23	TRUE	0.44279139	TRUE	0.462014858	TRUE	0.445404041	TRUE	0.024474576	TRUE	0.042928892	TRUE	16.2079374	TRUE	0.000954249
Cal_Batch14_5843	600	1.13E-21	3.83E-24	1.01E-23	TRUE	0.441486787	TRUE	0.573178478	TRUE	0.531754568	TRUE	0.095244183	TRUE	0.219302529	TRUE	18.65800116	TRUE	0.003136795
Cal_Batch17_8277	803	1.10E-21	3.74E-24	9.85E-24	TRUE	0.456116863	TRUE	0.419077729	TRUE	0.445817621	TRUE	0.016788404	TRUE	0.071298691	TRUE	15.95673936	TRUE	0.000960335
Cal_Batch28_3457	738	1.02E-21	3.47E-24	9.14E-24	TRUE	0.563930206	TRUE	0.406998224	TRUE	0.451537479	TRUE	0.021093882	TRUE	0.046531396	TRUE	33.42193848	TRUE	0.00091506
Cal_Batch9_5989	573	1.00E-21	3.40E-24	8.96E-24	TRUE	0.562027306	TRUE	0.648291261	TRUE	0.495499041	TRUE	0.136086096	TRUE	0.218791775	TRUE	33.29159318	TRUE	0.003533622
Cal_Batch12_5170	778	9.28E-22	3.15E-24	8.30E-24	TRUE	0.490587312	TRUE	0.474084708	TRUE	0.347354771	TRUE	0.040104984	TRUE	0.05990976	TRUE	19.40130024	TRUE	0.001062449
Cal_Batch17_8287	813	9.28E-22	3.15E-24	8.30E-24	TRUE	0.450957254	TRUE	0.40906801	TRUE	0.369865639	TRUE	0.020151415	TRUE	0.036165628	TRUE	20.06478528	TRUE	0.000986709
Cal_Batch3_599	704	8.84E-22	3.00E-24	7.90E-24	TRUE	0.524571702	TRUE	0.409429435	TRUE	0.342659405	TRUE	0.020060533	TRUE	0.035682156	TRUE	35.50247117	TRUE	0.000900414
Cal_Batch18_7204	956	8.79E-22	2.99E-24	7.88E-24	TRUE	0.418222056	TRUE	0.43490572	TRUE	0.336381355	TRUE	0.036794785	TRUE	0.059528669	TRUE	15.3827476	TRUE	0.001129166
Cal_Batch15_9524	714	8.34E-22	2.83E-24	7.46E-24	TRUE	0.558167898	TRUE	0.357005241	TRUE	0.329695365	TRUE	0.024828115	TRUE	0.066677036	TRUE	41.45802161	TRUE	0.001019338
Cal_Batch13_3202	758	8.27E-22	2.81E-24	7.40E-24	TRUE	0.550703104	TRUE	0.522136584	TRUE	0.351628613	TRUE	0.048245464	TRUE	0.063906469	TRUE	28.18673535	TRUE	0.001020386
Cal_Batch26_4471	716	7.94E-22	2.70E-24	7.11E-24	TRUE	0.539179269	TRUE	0.471634992	TRUE	0.494991933	TRUE	0.03453076	TRUE	0.07601346	TRUE	27.04130901	TRUE	0.000951634
Cal_Batch3_9801	732	7.30E-22	2.48E-24	6.53E-24	TRUE	0.433360208	TRUE	0.357873433	TRUE	0.336279173	TRUE	0.009748915	TRUE	0.027038324	TRUE	20.9354959	TRUE	0.001019922
Cal_Batch11_7981	832	7.19E-22	2.44E-24	6.43E-24	TRUE	0.409593663	TRUE	0.37165444	TRUE	0.407791989	TRUE	0.01858366	TRUE	0.063743874	TRUE	15.75725407	TRUE	0.001023537
Cal_Batch7_2917	715	6.91E-22	2.35E-24	6.19E-24	TRUE	0.599591002	TRUE	0.572769772	TRUE	0.512909797	TRUE	0.045797143	TRUE	0.077506297	TRUE	25.96274834	TRUE	0.000940794
Cal_Batch27_988	715	6.18E-22	2.10E-24	5.53E-24	TRUE	0.540128488	TRUE	0.546845666	TRUE	0.340263937	TRUE	0.02666226	TRUE	0.055001253	TRUE	27.0952381	TRUE	0.000938883
Cal_Batch3_7983	867	6.02E-22	2.04E-24	5.37E-24	TRUE	0.478588679	TRUE	0.413800003	TRUE	0.450637412	TRUE	0.047847086	TRUE	0.055025974	TRUE	20.48366477	TRUE	0.001422416
Cal_Batch28_108	765	5.80E-22	1.97E-24	5.19E-24	TRUE	0.476685303	TRUE	0.481735061	TRUE	0.373323725	TRUE	0.028590585	TRUE	0.076559673	TRUE	19.2644774	TRUE	0.000968784
Cal_Batch6_1560	828	5.70E-22	1.94E-24	5.11E-24	TRUE	0.605306799	TRUE	0.391436703	TRUE	0.361403555	TRUE	0.028339627	TRUE	0.069483604	TRUE	51.99194361	TRUE	0.001036424
Cal_Batch2_1233	588	5.68E-22	1.93E-24	5.08E-24	TRUE	0.490972289	TRUE	0.538988349	TRUE	0.580007828	TRUE	0.158529918	TRUE	0.218668903	TRUE	23.76300578	TRUE	0.003611912
Cal_Batch15_1813	752	5.66E-22	1.92E-24	5.06E-24	TRUE	0.563685376	TRUE	0.387341484	TRUE	0.312197517	TRUE	0.022204614	TRUE	0.060302597	TRUE	48.92209302	TRUE	0.001056226
Cal_Batch8_8949	691	5.20E-22	1.77E-24	4.66E-24	TRUE	0.480174848	TRUE	0.484316726	TRUE	0.471363941	TRUE	0.028512898	TRUE	0.086824222	TRUE	16.21635514	TRUE	0.000919919
Cal_Batch19_5413	767	3.91E-22	1.33E-24	3.50E-24	TRUE	0.542402198	TRUE	0.375376238	TRUE	0.464757622	TRUE	0.01565273	TRUE	0.075699817	TRUE	28.28808354	TRUE	0.001000085
Cal_Batch18_3631	732	3.71E-22	1.26E-24	3.32E-24	TRUE	0.463822945	TRUE	0.416181115	TRUE	0.455656983	TRUE	0.037558764	TRUE	0.074948655	TRUE	19.95670338	TRUE	0.001011184
Cal_Batch2_2835	870	3.28E-22	1.11E-24	2.92E-24	TRUE	0.500622355	TRUE	0.457347233	TRUE	0.3011501	TRUE	0.015082654	TRUE	0.035448969	TRUE	23.73600241	TRUE	0.000882189
Cal_Batch11_4627	685	3.23E-22	1.10E-24	2.90E-24	TRUE	0.647792486	TRUE	0.591422214	TRUE	0.470930171	TRUE	0.045572278	TRUE	0.068513866	TRUE	40.36294896	TRUE	0.000909262
Cal_Batch15_5425	813	3.16E-22	1.07E-24	2.82E-24	TRUE	0.534028204	TRUE	0.373055617	TRUE	0.396439401	TRUE	0.007743514	TRUE	0.034471919	TRUE	27.65878378	TRUE	0.000879392
Cal_Batch8_7993	768	3.03E-22	1.03E-24	2.71E-24	TRUE	0.38775967	TRUE	0.318664281	TRUE	0.409069488	TRUE	0.0093773	TRUE	0.051070613	TRUE	15.61048082	TRUE	0.001028187
Cal_Batch12_2954	750	3.01E-22	1.02E-24	2.69E-24	TRUE	0.467099451	TRUE	0.429911243	TRUE	0.437826505	TRUE	0.032136415	TRUE	0.091509074	TRUE	20.03840814	TRUE	0.000981057
Cal_Batch25_5610	726	3.02E-22	1.02E-24	2.69E-24	TRUE	0.511497082	TRUE	0.530681323	TRUE	0.405608237	TRUE	0.043147746	TRUE	0.068051662	TRUE	22.26518392	TRUE	0.000968621
Cal_Batch18_7516	845	2.84E-22	9.63E-25	2.54E-24	TRUE	0.481133496	TRUE	0.398511683	TRUE	0.48214663	TRUE	0.034122757	TRUE	0.06299026	TRUE	18.20276665	TRUE	0.00107725
Cal_Batch23_461	860	2.65E-22	9.00E-25	2.37E-24	TRUE	0.429757455	TRUE	0.349688842	TRUE	0.332414696	TRUE	0.047227614	TRUE	0.06754857	TRUE	20.28712871	TRUE	0.001184421
Cal_Batch10_314	568	2.60E-22	8.82E-25	2.32E-24	TRUE	0.572376449	TRUE	0.629910528	TRUE	0.619429269	TRUE	0.057058998	TRUE	0.220166289	TRUE	24.90498155	TRUE	0.002494619
Cal_Batch15_7662	817	2.55E-22	8.65E-25	2.28E-24	TRUE	0.508078548	TRUE	0.350114683	TRUE	0.438075706	TRUE	0.030745064	TRUE	0.050678697	TRUE	26.49396985	TRUE	0.001011905
Cal_Batch16_9367	595	2.51E-22	8.52E-25	2.24E-24	TRUE	0.387681924	TRUE	0.568919934	TRUE	0.4849098	TRUE	0.119296435	TRUE	0.249279723	TRUE	17.10410095	TRUE	0.003643061
Cal_Batch12_6893	578	2.39E-22	8.11E-25	2.14E-24	TRUE	0.5272117	TRUE	0.640930049	TRUE	0.584924263	TRUE	0.082236456	TRUE	0.230548551	TRUE	24.75190114	TRUE	0.002825911
Cal_Batch2_5465	573	2.06E-22	7.00E-25	1.84E-24	TRUE	0.623450647	TRUE	0.626523948	TRUE	0.562267135	TRUE	0.078561372	TRUE	0.244888459	TRUE	47.8534202	TRUE	0.003052137
Cal_Batch25_2956	944	1.91E-22	6.49E-25	1.71E-24	TRUE	0.450748823	TRUE	0.43259631	TRUE	0.356558721	TRUE	0.032051581	TRUE	0.081961409	TRUE	19.40247678	TRUE	0.001081997
Cal_Batch22_9281	831	1.90E-22	6.44E-25	1.70E-24	TRUE	0.409255993	TRUE	0.42371741	TRUE	0.302271433	TRUE	0.041515856	TRUE	0.095378399	TRUE	15.35745752	TRUE	0.001217838
Cal_Batch9_3200	715	1.66E-22	5.65E-25	1.49E-24	TRUE	0.411533697	TRUE	0.417396501	TRUE	0.414093629	TRUE	0.028320167	TRUE	0.081931409	TRUE	16.83206349	TRUE	0.001001074
Cal_Batch26_8120	759	1.59E-22	5.39E-25	1.42E-24	TRUE	0.490809821	TRUE	0.48663172	TRUE	0.453539965	TRUE	0.040229683	TRUE	0.077249894	TRUE	17.17295082	TRUE	0.00099228
Cal_Batch9_5218	684	1.57E-22	5.32E-25	1.40E-24	TRUE	0.534768348	TRUE	0.438149413	TRUE	0.359891359	TRUE	0.020668185	TRUE	0.039266427	TRUE	38.41360477	TRUE	0.00090923
Cal_Batch14_7374	710	1.53E-22	5.19E-25	1.37E-24	TRUE	0.554359582	TRUE	0.471433525	TRUE	0.488503044	TRUE	0.015952834	TRUE	0.071962134	TRUE	31.52565707	TRUE	0.000857216
Cal_Batch17_5356	607	1.52E-22	5.17E-25	1.36E-24	TRUE	0.443338282	TRUE	0.565938931	TRUE	0.500827255	TRUE	0.076888209	TRUE	0.188252408	TRUE	19.64788239	TRUE	0.003350071
Cal_Batch12_3732	785	1.46E-22	4.96E-25	1.31E-24	TRUE	0.45608198	TRUE	0.375895245	TRUE	0.330860065	TRUE	0.023137623	TRUE	0.054245418	TRUE	21.90117521	TRUE	0.001113361
Cal_Batch11_8742	726	1.44E-22	4.90E-25	1.29E-24	TRUE	0.557506215	TRUE	0.540310952	TRUE	0.421791598	TRUE	0.023635343	TRUE	0.050604077	TRUE	26.35684455	TRUE	0.000838988
Cal_Batch9_1749	565	1.34E-22	4.57E-25	1.20E-24	TRUE	0.587626733	TRUE	0.638757828	TRUE	0.579189058	TRUE	0.069313594	TRUE	0.248781899	TRUE	27.67375133	TRUE	0.002972764
Cal_Batch25_6504	771	1.34E-22	4.54E-25	1.20E-24	TRUE	0.49879952	TRUE	0.505268155	TRUE	0.359179358	TRUE	0.030737227	TRUE	0.048213129	TRUE	18.62415409	TRUE	0.000981879
Cal_Batch15_8596	844	1.28E-22	4.34E-25	1.14E-24	TRUE	0.485579723	TRUE	0.374330759	TRUE	0.306688332	TRUE	0.014347281	TRUE	0.046662772	TRUE	29.004597	TRUE	0.000990842
Cal_Batch28_910	795	1.27E-22	4.32E-25	1.14E-24	TRUE	0.615819679	TRUE	0.324805758	TRUE	0.5107163	TRUE	0.031765904	TRUE	0.094748943	TRUE	51.82056452	TRUE	0.001118595
Cal_Batch11_6044	730	1.22E-22	4.16E-25	1.10E-24	TRUE	0.490638825	TRUE	0.435227412	TRUE	0.385715457	TRUE	0.01722533	TRUE	0.064884855	TRUE	26.7114726	TRUE	0.00091475
Cal_Batch28_1678	801	1.13E-22	3.83E-25	1.01E-24	TRUE	0.491763482	TRUE	0.37914935	TRUE	0.376221512	TRUE	0.028402445	TRUE	0.047495792	TRUE	23.22526316	TRUE	0.001086296
Cal_Batch6_6718	605	1.05E-22	3.58E-25	9.43E-25	TRUE	0.522051696	TRUE	0.593728789	TRUE	0.499289111	TRUE	0.115735935	TRUE	0.183662016	TRUE	33.91319108	TRUE	0.003492329
Cal_Batch5_6836	674	1.05E-22	3.57E-25	9.40E-25	TRUE	0.592192609	TRUE	0.571445166	TRUE	0.49224127	TRUE	0.040387155	TRUE	0.052106506	TRUE	24.74745051	TRUE	0.000884238
Cal_Batch16_5658	694	1.02E-22	3.48E-25	9.17E-25	TRUE	0.565253706	TRUE	0.458732138	TRUE	0.430757063	TRUE	0.032892375	TRUE	0.059515058	TRUE	32.75925926	TRUE	0.000951176
Cal_Batch23_634	701	1.02E-22	3.46E-25	9.11E-25	TRUE	0.456482062	TRUE	0.363018697	TRUE	0.406329093	TRUE	0.020036009	TRUE	0.077415651	TRUE	25.87721602	TRUE	0.000990411
Cal_Batch22_2621	895	9.73E-23	3.30E-25	8.69E-25	TRUE	0.487840378	TRUE	0.356126786	TRUE	0.342936533	TRUE	0.028352291	TRUE	0.088822328	TRUE	26.10289855	TRUE	0.001224632
Cal_Batch22_6387	664	9.45E-23	3.21E-25	8.46E-25	TRUE	0.616896794	TRUE	0.533873845	TRUE	0.369011245	TRUE	0.025314109	TRUE	0.040474856	TRUE	36.27726301	TRUE	0.000841109
Cal_Batch12_6317	786	9.11E-23	3.09E-25	8.14E-25	TRUE	0.501209578	TRUE	0.357594331	TRUE	0.439337327	TRUE	0.017370534	TRUE	0.081630374	TRUE	31.44958482	TRUE	0.000956086
Cal_Batch3_8635	614	8.41E-23	2.86E-25	7.53E-25	TRUE	0.465499216	TRUE	0.62567661	TRUE	0.494967818	TRUE	0.125741265	TRUE	0.246445212	TRUE	20.84375	TRUE	0.003465313
Cal_Batch17_8812	871	8.21E-23	2.79E-25	7.35E-25	TRUE	0.479840226	TRUE	0.306651616	TRUE	0.466619198	TRUE	0.046677454	TRUE	0.083687117	TRUE	25.79707701	TRUE	0.001266696
Cal_Batch6_7466	593	8.17E-23	2.78E-25	7.32E-25	TRUE	0.442321302	TRUE	0.629130906	TRUE	0.526574696	TRUE	0.087800256	TRUE	0.178600926	TRUE	18.44021739	TRUE	0.003044719
Cal_Batch15_518	595	8.13E-23	2.76E-25	7.27E-25	TRUE	0.502746707	TRUE	0.639554285	TRUE	0.502802155	TRUE	0.122712007	TRUE	0.238709589	TRUE	27.0976	TRUE	0.003425861
Cal_Batch9_4831	690	8.08E-23	2.74E-25	7.22E-25	TRUE	0.505542831	TRUE	0.488892272	TRUE	0.509858588	TRUE	0.039436954	TRUE	0.098139501	TRUE	17.20773481	TRUE	0.000984842
Cal_Batch18_5639	866	7.87E-23	2.67E-25	7.03E-25	TRUE	0.415976901	TRUE	0.407997944	TRUE	0.386048359	TRUE	0.037752579	TRUE	0.106799622	TRUE	15.38238702	TRUE	0.001176743
Cal_Batch14_9484	760	7.72E-23	2.62E-25	6.90E-25	TRUE	0.485099272	TRUE	0.411627097	TRUE	0.41441907	TRUE	0.075440393	TRUE	0.088970138	TRUE	20.68061568	TRUE	0.001277023
Cal_Batch6_3797	716	7.69E-23	2.61E-25	6.88E-25	TRUE	0.573285499	TRUE	0.358949819	TRUE	0.421176548	TRUE	0.016093717	TRUE	0.037987843	TRUE	45.18912081	TRUE	0.000951118
Cal_Batch11_4740	820	7.45E-23	2.53E-25	6.66E-25	TRUE	0.602467141	TRUE	0.479090304	TRUE	0.369329852	TRUE	0.024485103	TRUE	0.062906167	TRUE	41.02410714	TRUE	0.000894755
Cal_Batch22_8626	593	7.17E-23	2.44E-25	6.43E-25	TRUE	0.532141337	TRUE	0.600658592	TRUE	0.574196292	TRUE	0.10273432	TRUE	0.223441167	TRUE	22.41623892	TRUE	0.003053409
Cal_Batch7_5404	590	7.05E-23	2.40E-25	6.32E-25	TRUE	0.64018778	TRUE	0.638884401	TRUE	0.602658386	TRUE	0.072052878	TRUE	0.228406554	TRUE	34.83141083	TRUE	0.002813913
Cal_Batch23_3626	769	6.69E-23	2.27E-25	5.98E-25	TRUE	0.485563203	TRUE	0.386031948	TRUE	0.3802742	TRUE	0.026261922	TRUE	0.090013924	TRUE	25.35311871	TRUE	0.001054586
Cal_Batch5_366	606	6.37E-23	2.16E-25	5.69E-25	TRUE	0.36196159	TRUE	0.503187504	TRUE	0.419949803	TRUE	0.130916277	TRUE	0.219621877	TRUE	19.76408861	TRUE	0.004044869
Cal_Batch4_5482	704	6.27E-23	2.13E-25	5.61E-25	TRUE	0.489015343	TRUE	0.480865536	TRUE	0.485244887	TRUE	0.044589827	TRUE	0.081616918	TRUE	17.05779335	TRUE	0.000942494
Cal_Batch26_4273	678	6.24E-23	2.12E-25	5.58E-25	TRUE	0.576430236	TRUE	0.469584732	TRUE	0.39933626	TRUE	0.026945733	TRUE	0.048512838	TRUE	41.66978193	TRUE	0.000909686
Cal_Batch19_1622	741	6.18E-23	2.10E-25	5.53E-25	TRUE	0.460782614	TRUE	0.34950216	TRUE	0.430168293	TRUE	0.036842925	TRUE	0.067284028	TRUE	19.86956522	TRUE	0.001102125
Cal_Batch1_7332	884	6.13E-23	2.08E-25	5.48E-25	TRUE	0.358421781	TRUE	0.321903774	TRUE	0.315189351	TRUE	0.010910902	TRUE	0.035099108	TRUE	15.83628809	TRUE	0.001029506
Cal_Batch21_8583	596	5.88E-23	2.00E-25	5.27E-25	TRUE	0.475093	TRUE	0.618789638	TRUE	0.503086819	TRUE	0.117519496	TRUE	0.232493637	TRUE	21.00871348	TRUE	0.003437782
Cal_Batch26_6902	781	5.53E-23	1.88E-25	4.95E-25	TRUE	0.493144006	TRUE	0.30497921	TRUE	0.31944243	TRUE	0.011526385	TRUE	0.051497634	TRUE	31.11160384	TRUE	0.001032681
Cal_Batch2_2531	583	5.51E-23	1.87E-25	4.93E-25	TRUE	0.57916715	TRUE	0.631608233	TRUE	0.525129761	TRUE	0.155004025	TRUE	0.248761607	TRUE	44.49513889	TRUE	0.003615473
Cal_Batch13_733	784	4.21E-23	1.43E-25	3.77E-25	TRUE	0.455630462	TRUE	0.33937559	TRUE	0.403810505	TRUE	0.045618952	TRUE	0.058128201	TRUE	27.46269555	TRUE	0.001147592
Cal_Batch19_4291	793	4.15E-23	1.41E-25	3.71E-25	TRUE	0.536161794	TRUE	0.383921516	TRUE	0.468106829	TRUE	0.057026379	TRUE	0.085230695	TRUE	31.95985727	TRUE	0.001159751
Cal_Batch5_7223	757	3.90E-23	1.32E-25	3.48E-25	TRUE	0.451230382	TRUE	0.358378841	TRUE	0.349788044	TRUE	0.013197943	TRUE	0.058082168	TRUE	20.30758427	TRUE	0.001041645
Cal_Batch4_884	577	3.47E-23	1.18E-25	3.11E-25	TRUE	0.421895961	TRUE	0.583261498	TRUE	0.513774333	TRUE	0.060737778	TRUE	0.224748063	TRUE	16.89037433	TRUE	0.003052247
Cal_Batch4_677	735	3.28E-23	1.11E-25	2.92E-25	TRUE	0.525446105	TRUE	0.560220243	TRUE	0.33693155	TRUE	0.029911113	TRUE	0.049601501	TRUE	20.15884477	TRUE	0.000856279
Cal_Batch12_472	574	3.25E-23	1.10E-25	2.90E-25	TRUE	0.502450434	TRUE	0.647981552	TRUE	0.569000953	TRUE	0.131948926	TRUE	0.192180699	TRUE	22.07118872	TRUE	0.003223313
Cal_Batch7_5457	700	3.21E-23	1.09E-25	2.87E-25	TRUE	0.471780335	TRUE	0.346172395	TRUE	0.43276199	TRUE	0.022339726	TRUE	0.09354559	TRUE	30.47599591	TRUE	0.001113184
Cal_Batch3_3839	613	2.96E-23	1.00E-25	2.63E-25	TRUE	0.498367849	TRUE	0.604299063	TRUE	0.48595507	TRUE	0.183840917	TRUE	0.238964966	TRUE	28.35015974	TRUE	0.004079644
Cal_Batch2_3903	722	2.94E-23	9.98E-26	2.63E-25	TRUE	0.618849175	TRUE	0.464461476	TRUE	0.531958763	TRUE	0.027782228	TRUE	0.07580442	TRUE	43.43376623	TRUE	0.00086218
Cal_Batch18_8398	762	2.94E-23	9.97E-26	2.63E-25	TRUE	0.383321317	TRUE	0.383528933	TRUE	0.341743461	TRUE	0.028500171	TRUE	0.089910578	TRUE	15.46136102	TRUE	0.001098296
Cal_Batch9_3518	598	2.85E-23	9.69E-26	2.55E-25	TRUE	0.536792491	TRUE	0.543914859	TRUE	0.462295546	TRUE	0.165963039	TRUE	0.242224928	TRUE	42.85275475	TRUE	0.004096369
Cal_Batch6_1810	775	2.84E-23	9.65E-26	2.54E-25	TRUE	0.486899698	TRUE	0.475402713	TRUE	0.306969073	TRUE	0.045383657	TRUE	0.070751409	TRUE	21.3764003	TRUE	0.001045061
Cal_Batch12_6178	593	2.73E-23	9.26E-26	2.44E-25	TRUE	0.426133469	TRUE	0.634521897	TRUE	0.464138121	TRUE	0.168968892	TRUE	0.232415111	TRUE	17.81882591	TRUE	0.003879166
Cal_Batch16_016	685	2.68E-23	9.11E-26	2.40E-25	TRUE	0.545815853	TRUE	0.525721667	TRUE	0.343500171	TRUE	0.05098378	TRUE	0.057271893	TRUE	24.8410302	TRUE	0.000994391
Cal_Batch10_1090	809	2.42E-23	8.22E-26	2.17E-25	TRUE	0.490153255	TRUE	0.485931638	TRUE	0.466340162	TRUE	0.018029	TRUE	0.064384505	TRUE	16.73005016	TRUE	0.000872343
Cal_Batch10_3690	718	2.29E-23	7.80E-26	2.05E-25	TRUE	0.551468956	TRUE	0.366643148	TRUE	0.409742845	TRUE	0.027154895	TRUE	0.068535436	TRUE	34.98384201	TRUE	0.000999882
Cal_Batch6_5930	563	2.17E-23	7.36E-26	1.94E-25	TRUE	0.477267612	TRUE	0.630778787	TRUE	0.558613715	TRUE	0.079323075	TRUE	0.236396589	TRUE	20.01478495	TRUE	0.002818518
Cal_Batch12_1494	734	2.16E-23	7.35E-26	1.94E-25	TRUE	0.473379267	TRUE	0.539904738	TRUE	0.431625884	TRUE	0.029599052	TRUE	0.056338584	TRUE	16.23135033	TRUE	0.000866067
Cal_Batch8_6295	725	2.14E-23	7.26E-26	1.91E-25	TRUE	0.475639092	TRUE	0.30514131	TRUE	0.406902429	TRUE	0.015611286	TRUE	0.085572427	TRUE	31.81375921	TRUE	0.001081899
Cal_Batch26_3266	588	2.00E-23	6.81E-26	1.79E-25	TRUE	0.450579151	TRUE	0.562942347	TRUE	0.452183436	TRUE	0.10727212	TRUE	0.234975891	TRUE	27.71638331	TRUE	0.003714731
Cal_Batch22_6628	699	1.82E-23	6.19E-26	1.63E-25	TRUE	0.58373337	TRUE	0.344020385	TRUE	0.301613001	TRUE	0.011239811	TRUE	0.056441538	TRUE	60.54183927	TRUE	0.000913438
Cal_Batch13_617	765	1.70E-23	5.78E-26	1.52E-25	TRUE	0.435093007	TRUE	0.443806685	TRUE	0.310994794	TRUE	0.036069887	TRUE	0.068933255	TRUE	15.88337321	TRUE	0.00098855
Cal_Batch26_1065	745	1.66E-23	5.65E-26	1.49E-25	TRUE	0.544401687	TRUE	0.450121844	TRUE	0.371194763	TRUE	0.014437586	TRUE	0.055915875	TRUE	31.44364937	TRUE	0.000882347
Cal_Batch8_243	585	1.65E-23	5.61E-26	1.48E-25	TRUE	0.405905931	TRUE	0.628691059	TRUE	0.525028855	TRUE	0.132850754	TRUE	0.243907175	TRUE	15.64251208	TRUE	0.003525746
Cal_Batch24_335	1018	1.63E-23	5.53E-26	1.46E-25	TRUE	0.539607421	TRUE	0.355708453	TRUE	0.325263826	TRUE	0.0248433	TRUE	0.047313402	TRUE	40.23202614	TRUE	0.001076865
Cal_Batch21_6358	926	1.52E-23	5.16E-26	1.36E-25	TRUE	0.450622541	TRUE	0.31783138	TRUE	0.336934523	TRUE	0.038415111	TRUE	0.078534718	TRUE	23.42118106	TRUE	0.001266593
Cal_Batch3_2294	611	1.49E-23	5.05E-26	1.33E-25	TRUE	0.413355239	TRUE	0.57130619	TRUE	0.441515308	TRUE	0.119942027	TRUE	0.247980543	TRUE	21.72089155	TRUE	0.003866274
Cal_Batch10_6671	814	1.47E-23	4.98E-26	1.31E-25	TRUE	0.460263716	TRUE	0.368603017	TRUE	0.354306451	TRUE	0.035756694	TRUE	0.051609189	TRUE	22.34694555	TRUE	0.001000156
Cal_Batch16_2265	760	1.43E-23	4.86E-26	1.28E-25	TRUE	0.498377764	TRUE	0.413236884	TRUE	0.412538819	TRUE	0.010811414	TRUE	0.048185871	TRUE	23.63610548	TRUE	0.000848763
Cal_Batch8_6624	827	1.35E-23	4.58E-26	1.21E-25	TRUE	0.439422346	TRUE	0.380370779	TRUE	0.400042275	TRUE	0.017115248	TRUE	0.070717815	TRUE	17.51806491	TRUE	0.001010979
Cal_Batch16_880	750	1.21E-23	4.09E-26	1.08E-25	TRUE	0.41252233	TRUE	0.368942036	TRUE	0.407894737	TRUE	0.018348958	TRUE	0.084154563	TRUE	16.94837145	TRUE	0.001003216
Cal_Batch24_211	607	1.17E-23	3.96E-26	1.04E-25	TRUE	0.520989261	TRUE	0.587614905	TRUE	0.443978009	TRUE	0.184795874	TRUE	0.216443418	TRUE	35.57114883	TRUE	0.00425321
Cal_Batch16_8903	757	1.00E-23	3.41E-26	8.98E-26	TRUE	0.475569846	TRUE	0.427565559	TRUE	0.359731934	TRUE	0.019818273	TRUE	0.049770756	TRUE	21.82551724	TRUE	0.000942414
Cal_Batch24_2640	744	9.35E-24	3.18E-26	8.38E-26	TRUE	0.485025149	TRUE	0.551142471	TRUE	0.445190371	TRUE	0.038186941	TRUE	0.048859286	TRUE	15.33516862	TRUE	0.000971578
Cal_Batch25_9951	916	7.88E-24	2.68E-26	7.06E-26	TRUE	0.476482571	TRUE	0.441651106	TRUE	0.366935041	TRUE	0.043181448	TRUE	0.076614811	TRUE	19.44493636	TRUE	0.001024799
Cal_Batch23_147	802	7.75E-24	2.63E-26	6.93E-26	TRUE	0.456281329	TRUE	0.363660476	TRUE	0.334428662	TRUE	0.038685935	TRUE	0.068465118	TRUE	24.93894081	TRUE	0.001037416
Cal_Batch18_6864	762	7.67E-24	2.61E-26	6.88E-26	TRUE	0.495237381	TRUE	0.525336642	TRUE	0.520980474	TRUE	0.031129847	TRUE	0.084549031	TRUE	15.48235294	TRUE	0.000888226
Cal_Batch9_7132	582	7.32E-24	2.49E-26	6.56E-26	TRUE	0.602054222	TRUE	0.648702595	TRUE	0.623064591	TRUE	0.071976955	TRUE	0.235935677	TRUE	27.66642703	TRUE	0.002629661
Cal_Batch16_148	841	6.04E-24	2.05E-26	5.40E-26	TRUE	0.416871948	TRUE	0.456150313	TRUE	0.369304777	TRUE	0.037522341	TRUE	0.055041264	TRUE	15.20072614	TRUE	0.00096405
Cal_Batch11_4234	582	5.40E-24	1.84E-26	4.85E-26	TRUE	0.500700043	TRUE	0.638356788	TRUE	0.52497567	TRUE	0.113177396	TRUE	0.188894862	TRUE	26.49826188	TRUE	0.003365747
Cal_Batch15_496	783	5.21E-24	1.77E-26	4.66E-26	TRUE	0.601494314	TRUE	0.392671945	TRUE	0.342128466	TRUE	0.031011895	TRUE	0.058611353	TRUE	44.79146538	TRUE	0.000956987
Cal_Batch16_1299	817	5.16E-24	1.75E-26	4.61E-26	TRUE	0.406263322	TRUE	0.323112451	TRUE	0.31032988	TRUE	0.022688972	TRUE	0.03532769	TRUE	19.95653892	TRUE	0.001101554
Cal_Batch10_7638	846	5.03E-24	1.71E-26	4.50E-26	TRUE	0.55298501	TRUE	0.410869371	TRUE	0.452721771	TRUE	0.014871922	TRUE	0.072233896	TRUE	30.30396246	TRUE	0.000899132
Cal_Batch7_6964	676	4.84E-24	1.64E-26	4.32E-26	TRUE	0.553689759	TRUE	0.368861842	TRUE	0.344392217	TRUE	0.015707559	TRUE	0.057770536	TRUE	49.82481752	TRUE	0.000883679
Cal_Batch11_2929	802	4.51E-24	1.53E-26	4.03E-26	TRUE	0.432041924	TRUE	0.311328613	TRUE	0.332848184	TRUE	0.030530658	TRUE	0.075707683	TRUE	26.06648575	TRUE	0.001098801
Cal_Batch3_179	696	4.43E-24	1.51E-26	3.98E-26	TRUE	0.477254295	TRUE	0.5551677	TRUE	0.475688102	TRUE	0.032181293	TRUE	0.052967492	TRUE	15.06149733	TRUE	0.00085123
Cal_Batch26_8995	565	3.39E-24	1.15E-26	3.03E-26	TRUE	0.521834226	TRUE	0.587944249	TRUE	0.590873802	TRUE	0.063581281	TRUE	0.212668752	TRUE	20.98288288	TRUE	0.002878165
Cal_Batch11_5759	851	3.21E-24	1.09E-26	2.87E-26	TRUE	0.41579072	TRUE	0.304357487	TRUE	0.401149496	TRUE	0.035953931	TRUE	0.072335045	TRUE	20.85803877	TRUE	0.001072301
Cal_Batch7_1945	583	3.12E-24	1.06E-26	2.79E-26	TRUE	0.497068404	TRUE	0.614158533	TRUE	0.47376931	TRUE	0.12778438	TRUE	0.247219415	TRUE	31.66234888	TRUE	0.003600082
Cal_Batch15_1179	586	2.59E-24	8.80E-27	2.32E-26	TRUE	0.392374181	TRUE	0.549552857	TRUE	0.474208088	TRUE	0.067869131	TRUE	0.218150261	TRUE	17.26886203	TRUE	0.003483723
Cal_Batch6_8178	791	2.54E-24	8.63E-27	2.27E-26	TRUE	0.506730805	TRUE	0.450902918	TRUE	0.327487011	TRUE	0.043037409	TRUE	0.064900043	TRUE	21.81193896	TRUE	0.000956386
Cal_Batch16_4594	784	2.51E-24	8.52E-27	2.24E-26	TRUE	0.428910935	TRUE	0.385105107	TRUE	0.321843553	TRUE	0.023597355	TRUE	0.055849171	TRUE	19.63799402	TRUE	0.00098386
Cal_Batch16_7243	862	2.43E-24	8.27E-27	2.18E-26	TRUE	0.648589316	TRUE	0.456525474	TRUE	0.35977696	TRUE	0.033619574	TRUE	0.04891194	TRUE	41.77187807	TRUE	0.000963875
Cal_Batch8_6609	639	2.36E-24	8.02E-27	2.11E-26	TRUE	0.6469633	TRUE	0.495329317	TRUE	0.341216216	TRUE	0.031282176	TRUE	0.054675748	TRUE	63.90198676	TRUE	0.00084225
Cal_Batch21_5256	746	2.28E-24	7.75E-27	2.04E-26	TRUE	0.463792697	TRUE	0.438191227	TRUE	0.307582777	TRUE	0.030951932	TRUE	0.076390752	TRUE	20.70294785	TRUE	0.00097858
Cal_Batch18_724	726	2.20E-24	7.47E-27	1.97E-26	TRUE	0.616702533	TRUE	0.412847526	TRUE	0.390823148	TRUE	0.032756259	TRUE	0.036831893	TRUE	45.1885657	TRUE	0.000928818
Cal_Batch16_8210	727	2.15E-24	7.30E-27	1.92E-26	TRUE	0.514295478	TRUE	0.512790156	TRUE	0.389814648	TRUE	0.025914301	TRUE	0.063019445	TRUE	22.09635777	TRUE	0.000878072
Cal_Batch1_7706	562	1.91E-24	6.50E-27	1.71E-26	TRUE	0.634843417	TRUE	0.613614946	TRUE	0.548329583	TRUE	0.087271612	TRUE	0.225162303	TRUE	66.49140049	TRUE	0.003152992
Cal_Batch23_8417	768	1.80E-24	6.11E-27	1.61E-26	TRUE	0.482491333	TRUE	0.337829628	TRUE	0.358804461	TRUE	0.01672045	TRUE	0.045225912	TRUE	30.24563061	TRUE	0.000976879
Cal_Batch18_5233	752	1.71E-24	5.80E-27	1.53E-26	TRUE	0.446844895	TRUE	0.356033479	TRUE	0.340198811	TRUE	0.036913122	TRUE	0.066624826	TRUE	23.07258342	TRUE	0.001034584
Cal_Batch5_6428	634	1.64E-24	5.58E-27	1.47E-26	TRUE	0.506602216	TRUE	0.572105219	TRUE	0.563798357	TRUE	0.061237951	TRUE	0.248586177	TRUE	23.76566885	TRUE	0.003052604
Cal_Batch4_3380	601	1.62E-24	5.51E-27	1.45E-26	TRUE	0.408501674	TRUE	0.577459659	TRUE	0.494521526	TRUE	0.12864215	TRUE	0.216789126	TRUE	18.37039431	TRUE	0.003712489
Cal_Batch10_2453	582	1.42E-24	4.83E-27	1.27E-26	TRUE	0.558039888	TRUE	0.59470366	TRUE	0.49381763	TRUE	0.10778293	TRUE	0.226478924	TRUE	44.77052239	TRUE	0.003627541
Cal_Batch10_2705	801	1.39E-24	4.71E-27	1.24E-26	TRUE	0.576628191	TRUE	0.362714063	TRUE	0.319676989	TRUE	0.028622123	TRUE	0.08053014	TRUE	46.75283213	TRUE	0.000986885
Cal_Batch18_8384	783	1.20E-24	4.09E-27	1.08E-26	TRUE	0.436104979	TRUE	0.383316006	TRUE	0.310092298	TRUE	0.029643578	TRUE	0.062594092	TRUE	20.09115613	TRUE	0.00101793
Cal_Batch10_4207	709	1.15E-24	3.91E-27	1.03E-26	TRUE	0.530983026	TRUE	0.371367047	TRUE	0.381863585	TRUE	0.0146122	TRUE	0.04411713	TRUE	37.33242383	TRUE	0.000875411
Cal_Batch4_5059	566	1.07E-24	3.65E-27	9.62E-27	TRUE	0.519217018	TRUE	0.607583954	TRUE	0.533397606	TRUE	0.095733758	TRUE	0.225366684	TRUE	30.53239741	TRUE	0.003209967
Cal_Batch16_4103	583	9.67E-25	3.28E-27	8.64E-27	TRUE	0.398527308	TRUE	0.526546462	TRUE	0.457508501	TRUE	0.124590213	TRUE	0.220452228	TRUE	23.38074261	TRUE	0.003967657
Cal_Batch20_5261	599	9.47E-25	3.22E-27	8.48E-27	TRUE	0.443492627	TRUE	0.590418268	TRUE	0.463476618	TRUE	0.123992579	TRUE	0.229610119	TRUE	26.02351212	TRUE	0.003760862
Cal_Batch21_6144	819	9.45E-25	3.21E-27	8.46E-27	TRUE	0.415010187	TRUE	0.333387326	TRUE	0.378876781	TRUE	0.01724008	TRUE	0.053728601	TRUE	17.28609184	TRUE	0.000993097
Cal_Batch5_7493	789	8.92E-25	3.03E-27	7.98E-27	TRUE	0.427667587	TRUE	0.309790242	TRUE	0.347512788	TRUE	0.007925863	TRUE	0.037505655	TRUE	19.40433213	TRUE	0.00093214
Cal_Batch20_5879	686	8.78E-25	2.98E-27	7.85E-27	TRUE	0.540332361	TRUE	0.443650338	TRUE	0.350059539	TRUE	0.017217396	TRUE	0.043745211	TRUE	33.32553529	TRUE	0.000840917
Cal_Batch2_6237	739	8.63E-25	2.93E-27	7.72E-27	TRUE	0.489997218	TRUE	0.473323442	TRUE	0.390138234	TRUE	0.038606666	TRUE	0.052930215	TRUE	20.20896888	TRUE	0.000934371
Cal_Batch6_8053	866	8.40E-25	2.85E-27	7.51E-27	TRUE	0.418404806	TRUE	0.333703742	TRUE	0.394670889	TRUE	0.0289271	TRUE	0.082075512	TRUE	19.26277555	TRUE	0.001123394
Cal_Batch17_9849	680	6.72E-25	2.28E-27	6.01E-27	TRUE	0.585421264	TRUE	0.385134491	TRUE	0.377551993	TRUE	0.013649225	TRUE	0.023335932	TRUE	52.40219953	TRUE	0.000855209
Cal_Batch12_3046	878	6.55E-25	2.22E-27	5.85E-27	TRUE	0.433584215	TRUE	0.332027405	TRUE	0.344315585	TRUE	0.023215921	TRUE	0.056961906	TRUE	20.42922654	TRUE	0.001053742
Cal_Batch25_2277	757	6.18E-25	2.10E-27	5.53E-27	TRUE	0.43371036	TRUE	0.374090741	TRUE	0.341978032	TRUE	0.01972423	TRUE	0.08045946	TRUE	19.93485342	TRUE	0.000990544
Cal_Batch17_4514	706	5.64E-25	1.92E-27	5.06E-27	TRUE	0.517654864	TRUE	0.474086952	TRUE	0.345339165	TRUE	0.019982897	TRUE	0.048419888	TRUE	22.95442359	TRUE	0.000859332
Cal_Batch10_1826	801	5.20E-25	1.77E-27	4.66E-27	TRUE	0.470690723	TRUE	0.305470809	TRUE	0.344942978	TRUE	0.025932876	TRUE	0.04889733	TRUE	29.74637342	TRUE	0.001038073
Cal_Batch2_6273	914	5.22E-25	1.77E-27	4.66E-27	TRUE	0.48063359	TRUE	0.45816725	TRUE	0.300432391	TRUE	0.033212483	TRUE	0.057021341	TRUE	21.92330097	TRUE	0.000977088
Cal_Batch5_6341	709	4.82E-25	1.64E-27	4.32E-27	TRUE	0.517837166	TRUE	0.423881887	TRUE	0.347879869	TRUE	0.012082977	TRUE	0.038339473	TRUE	33.00403429	TRUE	0.000862832
Cal_Batch13_6031	690	4.42E-25	1.50E-27	3.95E-27	TRUE	0.451059056	TRUE	0.314637487	TRUE	0.340249192	TRUE	0.016518612	TRUE	0.06889464	TRUE	32.05024712	TRUE	0.000988021
Cal_Batch20_2907	803	3.67E-25	1.25E-27	3.29E-27	TRUE	0.410752224	TRUE	0.429210157	TRUE	0.427435621	TRUE	0.060649321	TRUE	0.076886812	TRUE	15.04863222	TRUE	0.001164637
Cal_Batch5_1548	569	3.64E-25	1.24E-27	3.27E-27	TRUE	0.633771365	TRUE	0.627769302	TRUE	0.580055821	TRUE	0.097045947	TRUE	0.249738562	TRUE	64.8744856	TRUE	0.003205003
Cal_Batch9_979	715	3.19E-25	1.08E-27	2.85E-27	TRUE	0.606313926	TRUE	0.509083414	TRUE	0.423628044	TRUE	0.032812428	TRUE	0.056991162	TRUE	36.91445783	TRUE	0.000843484
Cal_Batch11_2178	599	3.02E-25	1.03E-27	2.71E-27	TRUE	0.468400961	TRUE	0.606932801	TRUE	0.538273253	TRUE	0.047336584	TRUE	0.201285725	TRUE	20.95369848	TRUE	0.002958303
Cal_Batch1_454	727	2.98E-25	1.01E-27	2.66E-27	TRUE	0.541528698	TRUE	0.333489115	TRUE	0.404985746	TRUE	0.017053446	TRUE	0.070284426	TRUE	53.19864751	TRUE	0.000951429
Cal_Batch24_3196	582	2.84E-25	9.66E-28	2.54E-27	TRUE	0.392684845	TRUE	0.537934389	TRUE	0.447889933	TRUE	0.127374845	TRUE	0.200477677	TRUE	19.83024788	TRUE	0.003913398
Cal_Batch3_3209	572	2.79E-25	9.48E-28	2.50E-27	TRUE	0.491718685	TRUE	0.586709121	TRUE	0.571193505	TRUE	0.17002454	TRUE	0.219917467	TRUE	22.48023715	TRUE	0.003856328
Cal_Batch1_7755	876	2.46E-25	8.36E-28	2.20E-27	TRUE	0.355965866	TRUE	0.322764994	TRUE	0.303575565	TRUE	0.015863034	TRUE	0.029854343	TRUE	15.23961073	TRUE	0.001164387
Cal_Batch5_7442	735	2.37E-25	8.07E-28	2.13E-27	TRUE	0.536984707	TRUE	0.514323501	TRUE	0.366970893	TRUE	0.032665757	TRUE	0.055265783	TRUE	26.12250996	TRUE	0.000869968
Cal_Batch16_104	567	2.37E-25	8.05E-28	2.12E-27	TRUE	0.540058967	TRUE	0.626687452	TRUE	0.592541304	TRUE	0.09126817	TRUE	0.205828318	TRUE	23.11321721	TRUE	0.002841405
Cal_Batch14_2532	816	2.36E-25	8.02E-28	2.11E-27	TRUE	0.569993561	TRUE	0.389806574	TRUE	0.520524707	TRUE	0.024550548	TRUE	0.063385644	TRUE	29.62665627	TRUE	0.000910791
Cal_Batch18_741	823	2.35E-25	7.99E-28	2.10E-27	TRUE	0.545458996	TRUE	0.379517938	TRUE	0.335689684	TRUE	0.010206738	TRUE	0.027147374	TRUE	39.58540925	TRUE	0.000841988
Cal_Batch26_5042	745	2.24E-25	7.61E-28	2.00E-27	TRUE	0.50552328	TRUE	0.485615581	TRUE	0.343594006	TRUE	0.039066463	TRUE	0.055152293	TRUE	22.50124316	TRUE	0.000942649
Cal_Batch5_7780	715	1.94E-25	6.60E-28	1.74E-27	TRUE	0.510938079	TRUE	0.402756637	TRUE	0.470985915	TRUE	0.024439771	TRUE	0.06378595	TRUE	25.32965379	TRUE	0.000855473
Cal_Batch12_2370	904	1.81E-25	6.15E-28	1.62E-27	TRUE	0.531836922	TRUE	0.340987845	TRUE	0.407959812	TRUE	0.01378256	TRUE	0.073915227	TRUE	40.31303237	TRUE	0.000909449
Cal_Batch9_5502	597	1.76E-25	5.97E-28	1.57E-27	TRUE	0.526793739	TRUE	0.645899874	TRUE	0.598353431	TRUE	0.039597364	TRUE	0.217089173	TRUE	18.85149254	TRUE	0.002594302
Cal_Batch17_2553	773	1.71E-25	5.81E-28	1.53E-27	TRUE	0.387191522	TRUE	0.373181147	TRUE	0.327846654	TRUE	0.018121534	TRUE	0.041578796	TRUE	15.86354167	TRUE	0.000997025
Cal_Batch24_9398	592	1.61E-25	5.47E-28	1.44E-27	TRUE	0.434010152	TRUE	0.612684978	TRUE	0.530614799	TRUE	0.097703309	TRUE	0.176492248	TRUE	20.14440079	TRUE	0.003411308
Cal_Batch22_6428	772	1.60E-25	5.45E-28	1.44E-27	TRUE	0.526205451	TRUE	0.38205573	TRUE	0.470649701	TRUE	0.029789925	TRUE	0.055396696	TRUE	35.71524064	TRUE	0.000904676
Cal_Batch4_7691	564	1.28E-25	4.36E-28	1.15E-27	TRUE	0.554186237	TRUE	0.643977921	TRUE	0.606057733	TRUE	0.09263	TRUE	0.241246879	TRUE	24.65010352	TRUE	0.002899031
Cal_Batch12_7849	586	9.63E-26	3.27E-28	8.61E-28	TRUE	0.489868949	TRUE	0.536157548	TRUE	0.472352685	TRUE	0.150217421	TRUE	0.209505332	TRUE	34.65397924	TRUE	0.004134961
Cal_Batch2_7560	611	8.77E-26	2.98E-28	7.85E-28	TRUE	0.396573034	TRUE	0.535502671	TRUE	0.419074644	TRUE	0.171433941	TRUE	0.241349331	TRUE	19.53024194	TRUE	0.004497246
Cal_Batch25_2312	704	8.04E-26	2.73E-28	7.19E-28	TRUE	0.583849029	TRUE	0.468212107	TRUE	0.366282897	TRUE	0.023609058	TRUE	0.045483295	TRUE	35.46791045	TRUE	0.000852896
Cal_Batch15_1927	574	7.55E-26	2.56E-28	6.74E-28	TRUE	0.447520886	TRUE	0.597989343	TRUE	0.493686408	TRUE	0.06770025	TRUE	0.19614357	TRUE	22.9624089	TRUE	0.003300065
Cal_Batch9_5754	592	7.50E-26	2.55E-28	6.72E-28	TRUE	0.396219547	TRUE	0.586550311	TRUE	0.485101806	TRUE	0.090597034	TRUE	0.246655237	TRUE	16.44684178	TRUE	0.0035738
Cal_Batch26_8459	806	5.98E-26	2.03E-28	5.35E-28	TRUE	0.425901508	TRUE	0.360689981	TRUE	0.438221335	TRUE	0.030128898	TRUE	0.066584403	TRUE	16.74515906	TRUE	0.000996114
Cal_Batch15_7877	779	5.87E-26	1.99E-28	5.24E-28	TRUE	0.582510111	TRUE	0.304019311	TRUE	0.359305592	TRUE	0.01145083	TRUE	0.045377694	TRUE	41.99124204	TRUE	0.000973907
Cal_Batch18_4054	723	5.01E-26	1.70E-28	4.48E-28	TRUE	0.571330295	TRUE	0.30976722	TRUE	0.304718749	TRUE	0.017030131	TRUE	0.033715243	TRUE	70.99265477	TRUE	0.000924997
Cal_Batch14_5129	733	4.77E-26	1.62E-28	4.27E-28	TRUE	0.553532791	TRUE	0.302442433	TRUE	0.30185526	TRUE	0.006749897	TRUE	0.049322159	TRUE	58.04492363	TRUE	0.000888879
Cal_Batch7_7646	580	4.49E-26	1.53E-28	4.03E-28	TRUE	0.520441238	TRUE	0.636731168	TRUE	0.512955477	TRUE	0.161393343	TRUE	0.210308836	TRUE	31.84259838	TRUE	0.003848619
Cal_Batch16_4713	765	3.64E-26	1.24E-28	3.27E-28	TRUE	0.463913736	TRUE	0.30268305	TRUE	0.371376552	TRUE	0.017221282	TRUE	0.047452658	TRUE	24.55354505	TRUE	0.00098397
Cal_Batch15_3823	566	3.48E-26	1.18E-28	3.11E-28	TRUE	0.477790997	TRUE	0.627954824	TRUE	0.546982418	TRUE	0.060046525	TRUE	0.225771927	TRUE	20.02213439	TRUE	0.002889045
Cal_Batch22_9987	693	2.80E-26	9.51E-29	2.51E-28	TRUE	0.576834791	TRUE	0.400226803	TRUE	0.344681361	TRUE	0.023486942	TRUE	0.055741508	TRUE	47.49398496	TRUE	0.000900673
Cal_Batch5_2224	569	2.68E-26	9.11E-29	2.40E-28	TRUE	0.452661181	TRUE	0.621989082	TRUE	0.567647961	TRUE	0.085306688	TRUE	0.189186338	TRUE	18.06467662	TRUE	0.002977154
Cal_Batch7_9522	570	2.36E-26	8.02E-29	2.11E-28	TRUE	0.435324813	TRUE	0.641615476	TRUE	0.543667277	TRUE	0.132455849	TRUE	0.213731042	TRUE	16.50502912	TRUE	0.00357612
Cal_Batch28_2697	931	2.19E-26	7.45E-29	1.96E-28	TRUE	0.430042876	TRUE	0.370898532	TRUE	0.357594858	TRUE	0.012433686	TRUE	0.034629116	TRUE	17.91567696	TRUE	0.000989866
Cal_Batch24_5632	754	2.08E-26	7.07E-29	1.86E-28	TRUE	0.55502965	TRUE	0.477529281	TRUE	0.3184307	TRUE	0.034579276	TRUE	0.044750521	TRUE	26.79040736	TRUE	0.000894445
Cal_Batch7_8607	1041	1.99E-26	6.77E-29	1.78E-28	TRUE	0.466265158	TRUE	0.436792473	TRUE	0.341934592	TRUE	0.025601844	TRUE	0.053263934	TRUE	19.18637078	TRUE	0.000850201
Cal_Batch20_5865	756	1.69E-26	5.75E-29	1.51E-28	TRUE	0.471687618	TRUE	0.325450103	TRUE	0.334754145	TRUE	0.020925129	TRUE	0.040743808	TRUE	27.19986541	TRUE	0.000978721
Cal_Batch5_3267	577	1.67E-26	5.66E-29	1.49E-28	TRUE	0.462825904	TRUE	0.582928641	TRUE	0.540610634	TRUE	0.13478685	TRUE	0.198083988	TRUE	19.22960725	TRUE	0.003452465
Cal_Batch23_5963	583	1.46E-26	4.95E-29	1.30E-28	TRUE	0.321396479	TRUE	0.508942319	TRUE	0.458928682	TRUE	0.154476361	TRUE	0.221183755	TRUE	15.27009901	TRUE	0.004170107
Cal_Batch15_942	610	1.38E-26	4.68E-29	1.23E-28	TRUE	0.332005653	TRUE	0.527460341	TRUE	0.395908252	TRUE	0.149708781	TRUE	0.242358721	TRUE	17.36230769	TRUE	0.004176725
Cal_Batch7_9565	721	1.33E-26	4.53E-29	1.19E-28	TRUE	0.484855065	TRUE	0.397726519	TRUE	0.448251858	TRUE	0.025641546	TRUE	0.078611712	TRUE	24.69649123	TRUE	0.000871022
Cal_Batch20_6405	794	1.19E-26	4.06E-29	1.07E-28	TRUE	0.351366009	TRUE	0.308105535	TRUE	0.306090419	TRUE	0.025512106	TRUE	0.064337937	TRUE	16.7090019	TRUE	0.001026013
Cal_Batch13_5429	986	1.11E-26	3.77E-29	9.93E-29	TRUE	0.506434045	TRUE	0.3098082	TRUE	0.328174103	TRUE	0.024571918	TRUE	0.060924952	TRUE	35.90666667	TRUE	0.001040688
Cal_Batch19_6881	593	1.06E-26	3.59E-29	9.46E-29	TRUE	0.392426761	TRUE	0.582222382	TRUE	0.479654637	TRUE	0.143183603	TRUE	0.249884787	TRUE	17.14054726	TRUE	0.003967256
Cal_Batch13_2477	803	9.85E-27	3.35E-29	8.82E-29	TRUE	0.469197346	TRUE	0.37684676	TRUE	0.33357734	TRUE	0.027332046	TRUE	0.034878868	TRUE	22.95139733	TRUE	0.000937232
Cal_Batch1_8914	837	8.58E-27	2.91E-29	7.67E-29	TRUE	0.435577952	TRUE	0.464917819	TRUE	0.307980929	TRUE	0.034942929	TRUE	0.069965462	TRUE	16.03751563	TRUE	0.000910129
Cal_Batch2_056	780	8.57E-27	2.91E-29	7.67E-29	TRUE	0.432665723	TRUE	0.384053213	TRUE	0.363367213	TRUE	0.018589762	TRUE	0.050607088	TRUE	18.68636977	TRUE	0.000837131
Cal_Batch26_7559	891	7.92E-27	2.69E-29	7.09E-29	TRUE	0.403784577	TRUE	0.348437618	TRUE	0.350134326	TRUE	0.019078967	TRUE	0.06594234	TRUE	19.68174518	TRUE	0.000921717
Cal_Batch16_2244	569	7.71E-27	2.62E-29	6.90E-29	TRUE	0.435414773	TRUE	0.632177502	TRUE	0.515898582	TRUE	0.1012293	TRUE	0.205022681	TRUE	19.75184753	TRUE	0.00332491
Cal_Batch9_6502	881	7.49E-27	2.54E-29	6.69E-29	TRUE	0.538707322	TRUE	0.438451151	TRUE	0.346386312	TRUE	0.021971876	TRUE	0.031187154	TRUE	27.37952142	TRUE	0.000876176
Cal_Batch18_1814	763	7.07E-27	2.40E-29	6.32E-29	TRUE	0.555849701	TRUE	0.443422137	TRUE	0.305725398	TRUE	0.038477643	TRUE	0.062757096	TRUE	29.0545829	TRUE	0.00094495
Cal_Batch20_5700	801	6.78E-27	2.30E-29	6.06E-29	TRUE	0.457470435	TRUE	0.350769147	TRUE	0.413223324	TRUE	0.014692302	TRUE	0.069428233	TRUE	21.41591441	TRUE	0.000907955
Cal_Batch3_2856	696	5.55E-27	1.89E-29	4.98E-29	TRUE	0.541345017	TRUE	0.331702903	TRUE	0.329252319	TRUE	0.036084256	TRUE	0.054585781	TRUE	44.46166951	TRUE	0.001015216
Cal_Batch3_7054	601	5.55E-27	1.89E-29	4.98E-29	TRUE	0.40683471	TRUE	0.588025925	TRUE	0.507907946	TRUE	0.113795086	TRUE	0.20332126	TRUE	17.35519126	TRUE	0.003627962
Cal_Batch17_5590	752	5.54E-27	1.88E-29	4.95E-29	TRUE	0.449242228	TRUE	0.410084198	TRUE	0.371887193	TRUE	0.01444887	TRUE	0.059544576	TRUE	18.66987815	TRUE	0.000864904
Cal_Batch22_2373	601	4.79E-27	1.63E-29	4.29E-29	TRUE	0.311592904	TRUE	0.493740131	TRUE	0.410407359	TRUE	0.147698517	TRUE	0.206555321	TRUE	16.86159487	TRUE	0.004338401
Cal_Batch10_3990	877	4.79E-27	1.63E-29	4.29E-29	TRUE	0.590285536	TRUE	0.366082261	TRUE	0.477101914	TRUE	0.017304164	TRUE	0.070267031	TRUE	40.92337165	TRUE	0.000845182
Cal_Batch21_766	577	4.50E-27	1.53E-29	4.03E-29	TRUE	0.533875751	TRUE	0.627162353	TRUE	0.499115455	TRUE	0.141537302	TRUE	0.216623168	TRUE	42.94770642	TRUE	0.003782963
Cal_Batch26_5359	589	3.94E-27	1.34E-29	3.53E-29	TRUE	0.50697744	TRUE	0.624169132	TRUE	0.508482312	TRUE	0.1029173	TRUE	0.208729458	TRUE	28.67159498	TRUE	0.003548389
Cal_Batch24_6419	566	3.88E-27	1.32E-29	3.48E-29	TRUE	0.648353888	TRUE	0.608726207	TRUE	0.544622345	TRUE	0.148669281	TRUE	0.226048325	TRUE	89.85888078	TRUE	0.003709775
Cal_Batch25_1916	821	3.74E-27	1.27E-29	3.35E-29	TRUE	0.489347271	TRUE	0.379684898	TRUE	0.459830687	TRUE	0.027991098	TRUE	0.073211982	TRUE	21.19797688	TRUE	0.000872453
Cal_Batch27_875	770	3.33E-27	1.13E-29	2.98E-29	TRUE	0.390947674	TRUE	0.34101019	TRUE	0.310018361	TRUE	0.03247417	TRUE	0.065661343	TRUE	16.39832869	TRUE	0.001056319
Cal_Batch15_5688	575	3.14E-27	1.07E-29	2.82E-29	TRUE	0.41259131	TRUE	0.620241406	TRUE	0.481012076	TRUE	0.143441671	TRUE	0.246819651	TRUE	17.53314528	TRUE	0.003853698
Cal_Batch21_2645	585	3.09E-27	1.05E-29	2.77E-29	TRUE	0.5754097	TRUE	0.514387479	TRUE	0.533218817	TRUE	0.157172631	TRUE	0.241447366	TRUE	49.59481038	TRUE	0.004121734
Cal_Batch13_4211	788	2.88E-27	9.78E-30	2.58E-29	TRUE	0.551220101	TRUE	0.423852621	TRUE	0.323167943	TRUE	0.033959168	TRUE	0.067911204	TRUE	32.34158776	TRUE	0.000846036
Cal_Batch22_2082	695	2.86E-27	9.73E-30	2.56E-29	TRUE	0.494363137	TRUE	0.354829927	TRUE	0.320374765	TRUE	0.016646754	TRUE	0.050870384	TRUE	33.26287129	TRUE	0.000912414
Cal_Batch10_5663	760	2.33E-27	7.93E-30	2.09E-29	TRUE	0.520056931	TRUE	0.355948457	TRUE	0.378500563	TRUE	0.011094516	TRUE	0.023246178	TRUE	32.67939973	TRUE	0.000843878
Cal_Batch26_7013	870	2.08E-27	7.08E-30	1.87E-29	TRUE	0.401034855	TRUE	0.326392024	TRUE	0.320097939	TRUE	0.006832718	TRUE	0.033823448	TRUE	17.38104976	TRUE	0.000915955
Cal_Batch20_2334	583	1.74E-27	5.91E-30	1.56E-29	TRUE	0.607148468	TRUE	0.637831242	TRUE	0.532943498	TRUE	0.114927407	TRUE	0.179181694	TRUE	44.23984891	TRUE	0.003344602
Cal_Batch11_9430	793	1.61E-27	5.48E-30	1.44E-29	TRUE	0.473684211	TRUE	0.328593414	TRUE	0.303161434	TRUE	0.018073189	TRUE	0.036057868	TRUE	27.45520876	TRUE	0.000891155
Cal_Batch3_6304	797	1.31E-27	4.45E-30	1.17E-29	TRUE	0.402839117	TRUE	0.351343823	TRUE	0.317159102	TRUE	0.019657019	TRUE	0.045824626	TRUE	17.2176716	TRUE	0.000928047
Cal_Batch19_2290	874	1.12E-27	3.80E-30	1.00E-29	TRUE	0.487962045	TRUE	0.355321203	TRUE	0.377666421	TRUE	0.014157224	TRUE	0.041840604	TRUE	22.63987967	TRUE	0.000906662
Cal_Batch26_2855	772	9.09E-28	3.09E-30	8.14E-30	TRUE	0.462619449	TRUE	0.469497066	TRUE	0.380089533	TRUE	0.024549268	TRUE	0.044299958	TRUE	18.8143982	TRUE	0.000891488
Cal_Batch28_3153	851	8.64E-28	2.94E-30	7.74E-30	TRUE	0.422102731	TRUE	0.404051181	TRUE	0.37851558	TRUE	0.063434749	TRUE	0.068255244	TRUE	15.47794118	TRUE	0.001207124
Cal_Batch12_9288	753	8.46E-28	2.87E-30	7.56E-30	TRUE	0.498504419	TRUE	0.382076812	TRUE	0.326529917	TRUE	0.013278476	TRUE	0.02850833	TRUE	26.14273995	TRUE	0.000860762
Cal_Batch16_9426	562	7.92E-28	2.69E-30	7.09E-30	TRUE	0.513589819	TRUE	0.619236138	TRUE	0.577255895	TRUE	0.078907239	TRUE	0.248190203	TRUE	20.05757576	TRUE	0.003172637
Cal_Batch5_7000	710	6.68E-28	2.27E-30	5.98E-30	TRUE	0.520745131	TRUE	0.406492624	TRUE	0.357069505	TRUE	0.04039057	TRUE	0.052704606	TRUE	27.48525641	TRUE	0.000966211
Cal_Batch19_5274	736	5.83E-28	1.98E-30	5.22E-30	TRUE	0.519611585	TRUE	0.459381969	TRUE	0.461399951	TRUE	0.047860591	TRUE	0.065398906	TRUE	21.61016949	TRUE	0.000989227
Cal_Batch19_1344	581	5.72E-28	1.94E-30	5.11E-30	TRUE	0.348346156	TRUE	0.556158921	TRUE	0.44294646	TRUE	0.176997149	TRUE	0.23701014	TRUE	16.27156764	TRUE	0.004335695
Cal_Batch21_4053	713	4.85E-28	1.65E-30	4.35E-30	TRUE	0.532730629	TRUE	0.430973451	TRUE	0.425862907	TRUE	0.037046523	TRUE	0.052100039	TRUE	28.32794457	TRUE	0.000887274
Cal_Batch17_3424	796	4.76E-28	1.62E-30	4.27E-30	TRUE	0.524964821	TRUE	0.464695178	TRUE	0.406032439	TRUE	0.043636857	TRUE	0.061535245	TRUE	24.72759227	TRUE	0.000891125
Cal_Batch15_9851	824	4.46E-28	1.51E-30	3.98E-30	TRUE	0.428549323	TRUE	0.359320258	TRUE	0.315015265	TRUE	0.020279583	TRUE	0.070028467	TRUE	18.72591207	TRUE	0.000965313
Cal_Batch11_4965	567	4.11E-28	1.40E-30	3.69E-30	TRUE	0.632908874	TRUE	0.613852764	TRUE	0.553697517	TRUE	0.095162624	TRUE	0.200361998	TRUE	49.27120669	TRUE	0.003343759
Cal_Batch10_3305	836	3.72E-28	1.26E-30	3.32E-30	TRUE	0.398728773	TRUE	0.355020103	TRUE	0.403682981	TRUE	0.042856588	TRUE	0.050393935	TRUE	15.27265804	TRUE	0.001014436
Cal_Batch4_2172	1039	3.31E-28	1.12E-30	2.95E-30	TRUE	0.431141265	TRUE	0.414999537	TRUE	0.388696776	TRUE	0.040839166	TRUE	0.059646721	TRUE	16.15501691	TRUE	0.000964005
Cal_Batch9_9268	1006	3.21E-28	1.09E-30	2.87E-30	TRUE	0.393564356	TRUE	0.360253223	TRUE	0.31652283	TRUE	0.027841582	TRUE	0.081972753	TRUE	15.74654696	TRUE	0.001074895
Cal_Batch21_6490	766	2.96E-28	1.01E-30	2.66E-30	TRUE	0.444335169	TRUE	0.449165263	TRUE	0.391565744	TRUE	0.049104587	TRUE	0.067912488	TRUE	16.47118241	TRUE	0.000964002
Cal_Batch19_7130	597	2.98E-28	1.01E-30	2.66E-30	TRUE	0.381842457	TRUE	0.58066934	TRUE	0.471274267	TRUE	0.086541788	TRUE	0.219648038	TRUE	16.70170611	TRUE	0.003705097
Cal_Batch3_8862	579	2.92E-28	9.91E-31	2.61E-30	TRUE	0.517570553	TRUE	0.626019137	TRUE	0.502035037	TRUE	0.148107113	TRUE	0.222713189	TRUE	30.69445831	TRUE	0.003776791
Cal_Batch4_6879	570	2.69E-28	9.15E-31	2.41E-30	TRUE	0.469529235	TRUE	0.645350822	TRUE	0.518810126	TRUE	0.135095151	TRUE	0.185905488	TRUE	24.96655949	TRUE	0.003607732
Cal_Batch22_9937	771	2.26E-28	7.69E-31	2.03E-30	TRUE	0.503741995	TRUE	0.42680535	TRUE	0.363445128	TRUE	0.043886453	TRUE	0.061740035	TRUE	24.0323475	TRUE	0.001008361
Cal_Batch8_6396	789	2.25E-28	7.65E-31	2.02E-30	TRUE	0.39471661	TRUE	0.319903042	TRUE	0.331792501	TRUE	0.018801479	TRUE	0.056283577	TRUE	19.77588757	TRUE	0.000935974
Cal_Batch6_6501	744	1.97E-28	6.70E-31	1.76E-30	TRUE	0.389889625	TRUE	0.361882226	TRUE	0.414750497	TRUE	0.024032265	TRUE	0.083401562	TRUE	15.20031797	TRUE	0.000901568
Cal_Batch22_8183	565	1.96E-28	6.66E-31	1.75E-30	TRUE	0.48027827	TRUE	0.597281187	TRUE	0.503757499	TRUE	0.086657086	TRUE	0.231787469	TRUE	24.51295133	TRUE	0.00335688
Cal_Batch11_9885	780	1.62E-28	5.51E-31	1.45E-30	TRUE	0.432904802	TRUE	0.344299842	TRUE	0.392080626	TRUE	0.036838329	TRUE	0.069404108	TRUE	18.90025575	TRUE	0.001027283
Cal_Batch16_838	765	1.35E-28	4.58E-31	1.21E-30	TRUE	0.438904986	TRUE	0.372316533	TRUE	0.385431609	TRUE	0.027064787	TRUE	0.055969088	TRUE	20.22858866	TRUE	0.000944396
Cal_Batch21_6324	600	1.21E-28	4.10E-31	1.08E-30	TRUE	0.41304821	TRUE	0.557072528	TRUE	0.487472368	TRUE	0.167639454	TRUE	0.24552288	TRUE	21.51016393	TRUE	0.004213024
Cal_Batch22_9612	588	1.05E-28	3.56E-31	9.38E-31	TRUE	0.38136289	TRUE	0.637875249	TRUE	0.498917987	TRUE	0.140396962	TRUE	0.244229847	TRUE	16.17744917	TRUE	0.003751638
Cal_Batch16_5851	993	1.01E-28	3.43E-31	9.04E-31	TRUE	0.47470773	TRUE	0.322420084	TRUE	0.451085551	TRUE	0.022385822	TRUE	0.078729153	TRUE	29.39249771	TRUE	0.000958568
Cal_Batch10_3680	583	8.36E-29	2.84E-31	7.48E-31	TRUE	0.393276662	TRUE	0.644322868	TRUE	0.522998609	TRUE	0.165377597	TRUE	0.242820199	TRUE	15.06595941	TRUE	0.003758545
Cal_Batch14_9184	777	8.30E-29	2.82E-31	7.43E-31	TRUE	0.481596041	TRUE	0.456604417	TRUE	0.355317202	TRUE	0.035283237	TRUE	0.073708548	TRUE	21.27793934	TRUE	0.000874868
Cal_Batch2_9027	794	8.13E-29	2.76E-31	7.27E-31	TRUE	0.393269751	TRUE	0.362231563	TRUE	0.381028077	TRUE	0.031086094	TRUE	0.038423368	TRUE	16.72732644	TRUE	0.00095079
Cal_Batch12_3105	732	7.65E-29	2.60E-31	6.85E-31	TRUE	0.452478952	TRUE	0.367910448	TRUE	0.421087034	TRUE	0.0194223	TRUE	0.077336236	TRUE	20.63858593	TRUE	0.000890393
Cal_Batch7_1654	810	7.27E-29	2.47E-31	6.51E-31	TRUE	0.485772129	TRUE	0.348986347	TRUE	0.3392264	TRUE	0.012195179	TRUE	0.038243849	TRUE	23.55020353	TRUE	0.000852044
Cal_Batch23_7557	599	6.70E-29	2.28E-31	6.01E-31	TRUE	0.498878085	TRUE	0.521421841	TRUE	0.475414247	TRUE	0.134919763	TRUE	0.224595451	TRUE	33.40840036	TRUE	0.004060499
Cal_Batch18_8885	774	6.71E-29	2.28E-31	6.01E-31	TRUE	0.433965552	TRUE	0.396401816	TRUE	0.309429605	TRUE	0.020316259	TRUE	0.06539214	TRUE	16.87289326	TRUE	0.000945207
Cal_Batch26_8714	874	6.27E-29	2.13E-31	5.61E-31	TRUE	0.412865838	TRUE	0.41949067	TRUE	0.380220438	TRUE	0.032568624	TRUE	0.055499346	TRUE	15.27313657	TRUE	0.001002722
Cal_Batch7_5023	722	5.98E-29	2.03E-31	5.35E-31	TRUE	0.453150307	TRUE	0.392334449	TRUE	0.383771042	TRUE	0.021790188	TRUE	0.044541932	TRUE	20.44604547	TRUE	0.000874794
Cal_Batch25_272	872	5.20E-29	1.77E-31	4.66E-31	TRUE	0.429621325	TRUE	0.358953976	TRUE	0.368073042	TRUE	0.069227251	TRUE	0.076407815	TRUE	17.03562469	TRUE	0.001187292
Cal_Batch10_4584	722	5.08E-29	1.72E-31	4.53E-31	TRUE	0.565010291	TRUE	0.301282518	TRUE	0.343820427	TRUE	0.019092691	TRUE	0.049118707	TRUE	48.1729807	TRUE	0.000880754
Cal_Batch14_4027	746	5.00E-29	1.70E-31	4.48E-31	TRUE	0.453741561	TRUE	0.406636004	TRUE	0.377996197	TRUE	0.014421654	TRUE	0.044905309	TRUE	18.00801221	TRUE	0.000838383
Cal_Batch18_4188	810	4.98E-29	1.69E-31	4.45E-31	TRUE	0.416873074	TRUE	0.326676801	TRUE	0.386731171	TRUE	0.019544657	TRUE	0.040804251	TRUE	17.81130025	TRUE	0.000873514
Cal_Batch22_9675	817	4.30E-29	1.46E-31	3.85E-31	TRUE	0.478727229	TRUE	0.364169897	TRUE	0.312558586	TRUE	0.027024566	TRUE	0.039729961	TRUE	24.8231441	TRUE	0.000961929
Cal_Batch7_1136	572	3.40E-29	1.15E-31	3.03E-31	TRUE	0.380199408	TRUE	0.615816202	TRUE	0.512653016	TRUE	0.076215553	TRUE	0.208310178	TRUE	15.63401109	TRUE	0.003337723
Cal_Batch24_8686	744	3.36E-29	1.14E-31	3.00E-31	TRUE	0.472791047	TRUE	0.427782014	TRUE	0.34397482	TRUE	0.023260135	TRUE	0.03647077	TRUE	21.89095315	TRUE	0.000842409
Cal_Batch15_2672	773	2.94E-29	9.98E-32	2.63E-31	TRUE	0.419636464	TRUE	0.42947241	TRUE	0.301725075	TRUE	0.032018097	TRUE	0.060965248	TRUE	15.40245929	TRUE	0.000898803
Cal_Batch18_6740	577	2.21E-29	7.50E-32	1.98E-31	TRUE	0.536523929	TRUE	0.607075249	TRUE	0.496785069	TRUE	0.15267309	TRUE	0.242161272	TRUE	42.27124563	TRUE	0.004053741
Cal_Batch5_3759	1008	1.81E-29	6.15E-32	1.62E-31	TRUE	0.441821848	TRUE	0.319847797	TRUE	0.391934691	TRUE	0.010400282	TRUE	0.04407274	TRUE	21.87468672	TRUE	0.000883793
Cal_Batch2_2814	586	1.55E-29	5.27E-32	1.39E-31	TRUE	0.406797663	TRUE	0.503841062	TRUE	0.459655881	TRUE	0.114149939	TRUE	0.249602503	TRUE	26.97600565	TRUE	0.004128348
Cal_Batch6_5326	572	1.38E-29	4.69E-32	1.24E-31	TRUE	0.347658337	TRUE	0.578603809	TRUE	0.485508572	TRUE	0.113724625	TRUE	0.233362433	TRUE	15.50636492	TRUE	0.003905477
Cal_Batch6_2105	790	9.65E-30	3.28E-32	8.64E-32	TRUE	0.542880479	TRUE	0.455697093	TRUE	0.304708306	TRUE	0.024400011	TRUE	0.046264503	TRUE	24.30668127	TRUE	0.000855306
Cal_Batch24_6846	827	9.22E-30	3.13E-32	8.25E-32	TRUE	0.55557173	TRUE	0.372141457	TRUE	0.483451173	TRUE	0.032051785	TRUE	0.074862208	TRUE	42.62334218	TRUE	0.000862992
Cal_Batch7_8873	571	6.79E-30	2.31E-32	6.09E-32	TRUE	0.495115143	TRUE	0.643637822	TRUE	0.571488108	TRUE	0.111676265	TRUE	0.189962267	TRUE	28.60847107	TRUE	0.00324348
Cal_Batch21_1414	814	6.73E-30	2.29E-32	6.03E-32	TRUE	0.542077977	TRUE	0.318945189	TRUE	0.47707346	TRUE	0.034148345	TRUE	0.072168555	TRUE	30.2442357	TRUE	0.000865953
Cal_Batch23_6444	592	6.37E-30	2.16E-32	5.69E-32	TRUE	0.396421198	TRUE	0.578830623	TRUE	0.518130577	TRUE	0.091168133	TRUE	0.190788183	TRUE	15.55992681	TRUE	0.003515897
Cal_Batch24_730	825	6.27E-30	2.13E-32	5.61E-32	TRUE	0.402114065	TRUE	0.427370609	TRUE	0.308860363	TRUE	0.021289265	TRUE	0.033393892	TRUE	15.9662642	TRUE	0.000889197
Cal_Batch8_9464	780	5.17E-30	1.76E-32	4.64E-32	TRUE	0.444016627	TRUE	0.38340654	TRUE	0.333668591	TRUE	0.040589115	TRUE	0.065529091	TRUE	19.03275225	TRUE	0.000974102
Cal_Batch7_6523	740	5.08E-30	1.73E-32	4.56E-32	TRUE	0.601819712	TRUE	0.441049524	TRUE	0.359930898	TRUE	0.034858026	TRUE	0.042577861	TRUE	38.63989802	TRUE	0.000836752
Cal_Batch5_2337	588	4.83E-30	1.64E-32	4.32E-32	TRUE	0.476695647	TRUE	0.645364102	TRUE	0.547626684	TRUE	0.136685454	TRUE	0.243901738	TRUE	20.18151071	TRUE	0.003494602
Cal_Batch16_071	844	4.62E-30	1.57E-32	4.14E-32	TRUE	0.503058104	TRUE	0.478620049	TRUE	0.339985988	TRUE	0.024043509	TRUE	0.039360536	TRUE	19.33663366	TRUE	0.000932454
Cal_Batch21_228	796	4.17E-30	1.42E-32	3.74E-32	TRUE	0.509187155	TRUE	0.387046445	TRUE	0.431165457	TRUE	0.022375972	TRUE	0.059831398	TRUE	27.06405506	TRUE	0.000834295
Cal_Batch13_6867	697	3.95E-30	1.34E-32	3.53E-32	TRUE	0.548654685	TRUE	0.30053116	TRUE	0.336495912	TRUE	0.023104561	TRUE	0.05055634	TRUE	53.7038961	TRUE	0.000864422
Cal_Batch21_7122	837	3.47E-30	1.18E-32	3.11E-32	TRUE	0.448680837	TRUE	0.401251993	TRUE	0.401364023	TRUE	0.019880131	TRUE	0.035068421	TRUE	16.29509018	TRUE	0.000857268
Cal_Batch7_5771	551	2.24E-30	7.60E-33	2.00E-32	TRUE	0.542238832	TRUE	0.648924046	TRUE	0.583903373	TRUE	0.112601581	TRUE	0.215124535	TRUE	25.76225235	TRUE	0.003259673
Cal_Batch2_308	558	1.84E-30	6.25E-33	1.65E-32	TRUE	0.541925758	TRUE	0.628591128	TRUE	0.586952197	TRUE	0.097157799	TRUE	0.22260304	TRUE	23.57174888	TRUE	0.00326173
Cal_Batch8_1188	762	1.78E-30	6.06E-33	1.60E-32	TRUE	0.505818552	TRUE	0.496884275	TRUE	0.390517152	TRUE	0.047697503	TRUE	0.054648386	TRUE	17.265	TRUE	0.000929411
Cal_Batch16_8323	566	1.52E-30	5.17E-33	1.36E-32	TRUE	0.457239157	TRUE	0.598532625	TRUE	0.558532802	TRUE	0.065953164	TRUE	0.240800452	TRUE	17.16354724	TRUE	0.003133973
Cal_Batch26_9629	616	1.52E-30	5.16E-33	1.36E-32	TRUE	0.605291749	TRUE	0.589099237	TRUE	0.520301725	TRUE	0.109075847	TRUE	0.178381974	TRUE	46.91730475	TRUE	0.003717788
Cal_Batch3_7671	1032	1.44E-30	4.90E-33	1.29E-32	TRUE	0.444936166	TRUE	0.314510722	TRUE	0.414657241	TRUE	0.015326774	TRUE	0.076988951	TRUE	23.3331481	TRUE	0.000961783
Cal_Batch16_5586	571	1.22E-30	4.15E-33	1.09E-32	TRUE	0.405270332	TRUE	0.630552188	TRUE	0.517728656	TRUE	0.110365728	TRUE	0.240935683	TRUE	17.96191513	TRUE	0.00370553
Cal_Batch3_3126	567	1.07E-30	3.64E-33	9.59E-33	TRUE	0.475357793	TRUE	0.549482031	TRUE	0.517031575	TRUE	0.122412337	TRUE	0.22373	TRUE	27.55708908	TRUE	0.003950472
Cal_Batch2_971	851	9.84E-31	3.34E-33	8.80E-33	TRUE	0.548984334	TRUE	0.360970662	TRUE	0.311630854	TRUE	0.023776837	TRUE	0.058908347	TRUE	36.15557554	TRUE	0.000867326
Cal_Batch10_5867	585	9.10E-31	3.09E-33	8.14E-33	TRUE	0.461210843	TRUE	0.605136883	TRUE	0.485997283	TRUE	0.131794429	TRUE	0.243844536	TRUE	27.5081262	TRUE	0.004087009
Cal_Batch26_3810	604	6.76E-31	2.30E-33	6.06E-33	TRUE	0.415208254	TRUE	0.533047893	TRUE	0.48811902	TRUE	0.179105781	TRUE	0.244568174	TRUE	25.19561243	TRUE	0.004586462
Cal_Batch26_515	742	4.69E-31	1.59E-33	4.19E-33	TRUE	0.442387408	TRUE	0.344083373	TRUE	0.385756119	TRUE	0.023577573	TRUE	0.055820688	TRUE	23.15422323	TRUE	0.000845668
Cal_Batch16_8084	716	4.45E-31	1.51E-33	3.98E-33	TRUE	0.609494766	TRUE	0.494720914	TRUE	0.474068189	TRUE	0.035160004	TRUE	0.047188331	TRUE	38.26479438	TRUE	0.000838184
Cal_Batch22_4823	921	2.88E-31	9.78E-34	2.58E-33	TRUE	0.433225633	TRUE	0.469772683	TRUE	0.344104171	TRUE	0.0355304	TRUE	0.07262445	TRUE	15.13424125	TRUE	0.00103783
Cal_Batch7_5466	585	2.80E-31	9.50E-34	2.50E-33	TRUE	0.441885766	TRUE	0.589316164	TRUE	0.588385571	TRUE	0.059044629	TRUE	0.245585753	TRUE	15.97186147	TRUE	0.003306551
Cal_Batch17_6814	568	2.40E-31	8.16E-34	2.15E-33	TRUE	0.381623641	TRUE	0.620997619	TRUE	0.52105154	TRUE	0.140988562	TRUE	0.247442321	TRUE	17.55487805	TRUE	0.003919736
Cal_Batch18_3121	740	9.93E-32	3.37E-34	8.88E-34	TRUE	0.533520465	TRUE	0.445246936	TRUE	0.464014354	TRUE	0.042978857	TRUE	0.060063809	TRUE	24.96108022	TRUE	0.000877
Cal_Batch21_9634	587	9.20E-32	3.13E-34	8.25E-34	TRUE	0.565531476	TRUE	0.588555709	TRUE	0.558176013	TRUE	0.083216611	TRUE	0.240565086	TRUE	33.13923304	TRUE	0.003463841
Cal_Batch26_2853	619	8.02E-32	2.72E-34	7.17E-34	TRUE	0.540886528	TRUE	0.520268168	TRUE	0.440091376	TRUE	0.167540442	TRUE	0.239941237	TRUE	48.02861603	TRUE	0.004529142
Cal_Batch3_6567	789	7.11E-32	2.42E-34	6.38E-34	TRUE	0.411209425	TRUE	0.325065708	TRUE	0.378263261	TRUE	0.018060588	TRUE	0.060473821	TRUE	19.51511559	TRUE	0.000835381
Cal_Batch14_7197	564	6.43E-32	2.18E-34	5.74E-34	TRUE	0.602433146	TRUE	0.5980731	TRUE	0.585187866	TRUE	0.076059431	TRUE	0.242488014	TRUE	36.60041408	TRUE	0.003173515
Cal_Batch14_7546	572	4.20E-32	1.43E-34	3.77E-34	TRUE	0.418746534	TRUE	0.636566302	TRUE	0.480283355	TRUE	0.144870779	TRUE	0.229339475	TRUE	22.8179402	TRUE	0.004149835
Cal_Batch9_3094	811	2.50E-32	8.48E-35	2.23E-34	TRUE	0.433186354	TRUE	0.426858496	TRUE	0.305074642	TRUE	0.017121513	TRUE	0.034904025	TRUE	15.10682327	TRUE	0.000833088
Cal_Batch3_4577	919	2.17E-32	7.38E-35	1.94E-34	TRUE	0.370948636	TRUE	0.316031178	TRUE	0.351228618	TRUE	0.025332494	TRUE	0.074520431	TRUE	16.60322279	TRUE	0.000881412
Cal_Batch21_5050	553	1.96E-32	6.65E-35	1.75E-34	TRUE	0.454563516	TRUE	0.621139454	TRUE	0.506800838	TRUE	0.108812442	TRUE	0.242811874	TRUE	23.48454589	TRUE	0.003695874
Cal_Batch8_8522	812	1.76E-32	5.98E-35	1.58E-34	TRUE	0.420720914	TRUE	0.313011128	TRUE	0.363707165	TRUE	0.021181426	TRUE	0.064027116	TRUE	21.835115	TRUE	0.000845587
Cal_Batch21_4564	838	1.45E-32	4.92E-35	1.30E-34	TRUE	0.486984566	TRUE	0.352190562	TRUE	0.365567163	TRUE	0.034860883	TRUE	0.067751303	TRUE	22.98103737	TRUE	0.000914619
Cal_Batch19_8906	551	1.44E-32	4.89E-35	1.29E-34	TRUE	0.58041289	TRUE	0.620559049	TRUE	0.548489794	TRUE	0.081033561	TRUE	0.216512115	TRUE	35.19733656	TRUE	0.003276345
Cal_Batch4_617	573	1.29E-32	4.37E-35	1.15E-34	TRUE	0.512652903	TRUE	0.628143016	TRUE	0.51594643	TRUE	0.130512686	TRUE	0.200349932	TRUE	32.73979985	TRUE	0.003901314
Cal_Batch23_3931	880	4.16E-33	1.41E-35	3.71E-35	TRUE	0.347965294	TRUE	0.30403507	TRUE	0.330287083	TRUE	0.020486427	TRUE	0.0411057	TRUE	15.22251617	TRUE	0.000889793
Cal_Batch4_6285	865	3.04E-33	1.03E-35	2.71E-35	TRUE	0.55983005	TRUE	0.419544346	TRUE	0.339457631	TRUE	0.048338329	TRUE	0.062363459	TRUE	29.29877474	TRUE	0.000903335
Cal_Batch4_2945	928	3.00E-33	1.02E-35	2.69E-35	TRUE	0.429549146	TRUE	0.313310984	TRUE	0.405173991	TRUE	0.023468298	TRUE	0.055293051	TRUE	18.10869565	TRUE	0.000835034
Cal_Batch27_1150	894	2.98E-33	1.01E-35	2.66E-35	TRUE	0.409400371	TRUE	0.408293892	TRUE	0.347236524	TRUE	0.025182627	TRUE	0.054394727	TRUE	16.18783069	TRUE	0.000849553
Cal_Batch5_425	574	2.80E-33	9.50E-36	2.50E-35	TRUE	0.422811098	TRUE	0.592092947	TRUE	0.449353511	TRUE	0.190656489	TRUE	0.248645185	TRUE	25.42291095	TRUE	0.004500926
Cal_Batch12_3495	566	1.65E-33	5.61E-36	1.48E-35	TRUE	0.482372629	TRUE	0.59224089	TRUE	0.539911347	TRUE	0.119315663	TRUE	0.248551516	TRUE	22.67423231	TRUE	0.003639309
Cal_Batch7_984	792	1.64E-33	5.56E-36	1.46E-35	TRUE	0.485871944	TRUE	0.450426022	TRUE	0.317462436	TRUE	0.032329155	TRUE	0.051047361	TRUE	16.73158195	TRUE	0.000835115
Cal_Batch9_5662	817	1.59E-33	5.42E-36	1.43E-35	TRUE	0.519030217	TRUE	0.33956878	TRUE	0.389379582	TRUE	0.047175978	TRUE	0.058869871	TRUE	29.93218515	TRUE	0.00094129
Cal_Batch2_7839	550	1.45E-33	4.94E-36	1.30E-35	TRUE	0.516281722	TRUE	0.624870742	TRUE	0.563652025	TRUE	0.069356783	TRUE	0.217651792	TRUE	23.42681259	TRUE	0.003167901
Cal_Batch26_5139	567	1.37E-33	4.64E-36	1.22E-35	TRUE	0.418251441	TRUE	0.619858635	TRUE	0.537438033	TRUE	0.105740856	TRUE	0.169910265	TRUE	17.27235565	TRUE	0.003394756
Cal_Batch8_5430	793	1.21E-33	4.12E-36	1.09E-35	TRUE	0.498808347	TRUE	0.369479932	TRUE	0.322675567	TRUE	0.031308144	TRUE	0.048523863	TRUE	24.84366197	TRUE	0.000849136
Cal_Batch5_6458	949	9.90E-34	3.36E-36	8.85E-36	TRUE	0.474453161	TRUE	0.421490323	TRUE	0.302757274	TRUE	0.025249762	TRUE	0.034438527	TRUE	18.40651629	TRUE	0.000836135
Cal_Batch13_9097	592	4.17E-34	1.42E-36	3.74E-36	TRUE	0.326268802	TRUE	0.529001111	TRUE	0.45663875	TRUE	0.15518219	TRUE	0.21060591	TRUE	17.02956989	TRUE	0.004546937
Cal_Batch21_721	764	4.11E-34	1.40E-36	3.69E-36	TRUE	0.555311592	TRUE	0.367903058	TRUE	0.316823802	TRUE	0.040077689	TRUE	0.063373377	TRUE	33.90007806	TRUE	0.000843115
Cal_Batch3_1513	568	3.25E-34	1.10E-36	2.90E-36	TRUE	0.502202643	TRUE	0.644404854	TRUE	0.554353353	TRUE	0.119179883	TRUE	0.241609197	TRUE	30.34196429	TRUE	0.003637439
Cal_Batch6_8865	559	1.43E-34	4.86E-37	1.28E-36	TRUE	0.614597361	TRUE	0.576235493	TRUE	0.552385005	TRUE	0.098943376	TRUE	0.22795176	TRUE	54.81700754	TRUE	0.003666854
Cal_Batch6_6339	928	4.57E-35	1.55E-37	4.08E-37	TRUE	0.37215839	TRUE	0.307000156	TRUE	0.30132372	TRUE	0.007340625	TRUE	0.026744975	TRUE	17.27305175	TRUE	0.000871074
Cal_Batch15_8411	561	4.28E-35	1.45E-37	3.82E-37	TRUE	0.406162577	TRUE	0.622701136	TRUE	0.502526576	TRUE	0.136524141	TRUE	0.239176122	TRUE	19.208413	TRUE	0.004029638
Cal_Batch23_7033	583	4.03E-35	1.37E-37	3.61E-37	TRUE	0.374916785	TRUE	0.607881003	TRUE	0.501572322	TRUE	0.084728881	TRUE	0.220235792	TRUE	16.11507799	TRUE	0.003737471
Cal_Batch10_2491	564	3.13E-35	1.06E-37	2.79E-37	TRUE	0.390844475	TRUE	0.525078322	TRUE	0.421862562	TRUE	0.188297907	TRUE	0.239791364	TRUE	26.68168016	TRUE	0.004945591
Cal_Batch17_8064	923	2.93E-35	9.94E-38	2.62E-37	TRUE	0.389988359	TRUE	0.342184277	TRUE	0.325004039	TRUE	0.027024933	TRUE	0.059886817	TRUE	15.12948518	TRUE	0.000864706
Cal_Batch13_4012	562	2.66E-35	9.03E-38	2.38E-37	TRUE	0.361256379	TRUE	0.558845811	TRUE	0.424611009	TRUE	0.172286652	TRUE	0.245817994	TRUE	20.47655068	TRUE	0.004634266
Cal_Batch15_9987	561	1.09E-35	3.69E-38	9.72E-38	TRUE	0.426326844	TRUE	0.558398167	TRUE	0.465964729	TRUE	0.143508743	TRUE	0.235424954	TRUE	26.02662149	TRUE	0.004547321
Cal_Batch13_2616	586	8.58E-36	2.91E-38	7.67E-38	TRUE	0.4004004	TRUE	0.642050852	TRUE	0.558616267	TRUE	0.134216988	TRUE	0.227841535	TRUE	17.2156682	TRUE	0.003678387
Cal_Batch12_7723	580	6.98E-36	2.37E-38	6.24E-38	TRUE	0.518552686	TRUE	0.54944791	TRUE	0.479414338	TRUE	0.15175162	TRUE	0.22936899	TRUE	45.4963145	TRUE	0.004558652
Cal_Batch23_1125	549	2.00E-36	6.78E-39	1.79E-38	TRUE	0.586505539	TRUE	0.631729349	TRUE	0.595894155	TRUE	0.049612501	TRUE	0.218661188	TRUE	28.37424789	TRUE	0.003114354
Cal_Batch5_3921	549	6.97E-37	2.37E-39	6.24E-39	TRUE	0.402051743	TRUE	0.646010441	TRUE	0.537070287	TRUE	0.158818375	TRUE	0.224484866	TRUE	18.7377451	TRUE	0.004051893
Cal_Batch8_9193	586	5.95E-37	2.02E-39	5.32E-39	TRUE	0.341005017	TRUE	0.553226533	TRUE	0.46438736	TRUE	0.096245576	TRUE	0.230924723	TRUE	19.00474834	TRUE	0.004317221
Cal_Batch14_9910	559	3.38E-37	1.15E-39	3.03E-39	TRUE	0.60971621	TRUE	0.633489566	TRUE	0.534918527	TRUE	0.147705427	TRUE	0.230486406	TRUE	66.90277778	TRUE	0.004101507
Cal_Batch20_2605	549	2.61E-37	8.85E-40	2.33E-39	TRUE	0.45111011	TRUE	0.620721265	TRUE	0.508557038	TRUE	0.145474213	TRUE	0.238610242	TRUE	25.8948899	TRUE	0.004207581
Cal_Batch11_2438	575	1.38E-38	4.68E-41	1.23E-40	TRUE	0.483795048	TRUE	0.606414463	TRUE	0.503079608	TRUE	0.09700172	TRUE	0.232838628	TRUE	33.50323339	TRUE	0.004091014
Cal_Batch11_910	558	6.69E-39	2.27E-41	5.98E-41	TRUE	0.447203061	TRUE	0.621257646	TRUE	0.50367372	TRUE	0.110976392	TRUE	0.190025393	TRUE	26.88710218	TRUE	0.004003849
Cal_Batch1_7376	555	1.96E-39	6.67E-42	1.76E-41	TRUE	0.492349566	TRUE	0.645111172	TRUE	0.566165951	TRUE	0.099656209	TRUE	0.22048667	TRUE	19.55233069	TRUE	0.00355184
Cal_Batch24_1396	556	8.18E-40	2.78E-42	7.32E-42	TRUE	0.595894995	TRUE	0.620901038	TRUE	0.51263	TRUE	0.082211001	TRUE	0.20085619	TRUE	51.4158504	TRUE	0.003885054
Cal_Batch26_4623	538	2.84E-40	9.65E-43	2.54E-42	TRUE	0.391502108	TRUE	0.643672744	TRUE	0.509121544	TRUE	0.131935241	TRUE	0.221170174	TRUE	16.40072799	TRUE	0.003960891
Cal_Batch9_6842	545	5.91E-41	2.01E-43	5.29E-43	TRUE	0.51507591	TRUE	0.629010099	TRUE	0.504661196	TRUE	0.089088744	TRUE	0.226350819	TRUE	37.56743003	TRUE	0.004086146
Cal_Batch8_6470	562	1.68E-41	5.70E-44	1.50E-43	TRUE	0.495315682	TRUE	0.613403049	TRUE	0.508573799	TRUE	0.154850482	TRUE	0.231270351	TRUE	33.61035156	TRUE	0.004599028
Cal_Batch8_6378	548	1.30E-41	4.43E-44	1.17E-43	TRUE	0.407726032	TRUE	0.603494409	TRUE	0.512450049	TRUE	0.123100615	TRUE	0.232531164	TRUE	23.02385686	TRUE	0.004149153
Cal_Batch13_9195	560	4.08E-42	1.39E-44	3.66E-44	TRUE	0.484877186	TRUE	0.5378861	TRUE	0.492267207	TRUE	0.160648224	TRUE	0.235328887	TRUE	43.47496206	TRUE	0.00473189
Cal_Batch6_8010	545	4.16E-43	1.41E-45	3.71E-45	TRUE	0.439282742	TRUE	0.646745918	TRUE	0.530704504	TRUE	0.110193149	TRUE	0.236789872	TRUE	21.85403445	TRUE	0.004084669
Cal_Batch10_7167	551	1.74E-43	5.90E-46	1.55E-45	TRUE	0.302044815	TRUE	0.580990152	TRUE	0.441843433	TRUE	0.176819159	TRUE	0.233312707	TRUE	15.54510993	TRUE	0.005155627
Cal_Batch19_3534	541	9.99E-44	3.39E-46	8.93E-46	TRUE	0.543736347	TRUE	0.64976321	TRUE	0.523402735	TRUE	0.093633389	TRUE	0.23892484	TRUE	48.9498861	TRUE	0.003979098
Cal_Batch21_8831	560	8.01E-44	2.72E-46	7.17E-46	TRUE	0.416808225	TRUE	0.566860049	TRUE	0.479157787	TRUE	0.076364011	TRUE	0.229055661	TRUE	29.16451613	TRUE	0.004360714
Cal_Batch7_9845	558	7.92E-44	2.69E-46	7.09E-46	TRUE	0.472777046	TRUE	0.588225565	TRUE	0.50199785	TRUE	0.097787854	TRUE	0.196898183	TRUE	28.63625378	TRUE	0.004184797
Cal_Batch14_5672	531	2.75E-44	9.33E-47	2.46E-46	TRUE	0.364104337	TRUE	0.597797243	TRUE	0.515349155	TRUE	0.09466076	TRUE	0.21333529	TRUE	17.0375286	TRUE	0.004075581
Cal_Batch7_391	540	3.43E-45	1.17E-47	3.08E-47	TRUE	0.309995439	TRUE	0.590644957	TRUE	0.46704575	TRUE	0.093014041	TRUE	0.219448914	TRUE	15.08534684	TRUE	0.004322262
Cal_Batch20_9861	544	2.52E-45	8.55E-48	2.25E-47	TRUE	0.473801805	TRUE	0.605431062	TRUE	0.52540465	TRUE	0.098246131	TRUE	0.22488814	TRUE	25.32600733	TRUE	0.00400396
Cal_Batch23_5294	535	9.74E-46	3.31E-48	8.72E-48	TRUE	0.390477149	TRUE	0.60849996	TRUE	0.52699489	TRUE	0.091930675	TRUE	0.223423166	TRUE	19.01513317	TRUE	0.003967002
Cal_Batch19_7691	531	1.21E-46	4.11E-49	1.08E-48	TRUE	0.342177547	TRUE	0.59496867	TRUE	0.485464488	TRUE	0.078955106	TRUE	0.231453024	TRUE	17.27170868	TRUE	0.004411211
Cal_Batch25_548	543	5.50E-47	1.87E-49	4.93E-49	TRUE	0.420069373	TRUE	0.648624513	TRUE	0.552170365	TRUE	0.105443694	TRUE	0.195368592	TRUE	18.59267399	TRUE	0.003983202
Cal_Batch26_7289	534	4.20E-47	1.43E-49	3.77E-49	TRUE	0.404977778	TRUE	0.62795048	TRUE	0.5336155	TRUE	0.057097487	TRUE	0.247653727	TRUE	17.08470964	TRUE	0.003779438
Cal_Batch2_185	544	3.02E-47	1.03E-49	2.71E-49	TRUE	0.562524133	TRUE	0.63880885	TRUE	0.504907345	TRUE	0.118956161	TRUE	0.22140081	TRUE	48.65892502	TRUE	0.004572692
Cal_Batch25_1043	539	1.36E-48	4.62E-51	1.22E-50	TRUE	0.358137115	TRUE	0.590032599	TRUE	0.488093227	TRUE	0.130916015	TRUE	0.234774858	TRUE	22.24980545	TRUE	0.004982229
Cal_Batch9_2161	546	1.36E-48	4.62E-51	1.22E-50	TRUE	0.350078978	TRUE	0.607114986	TRUE	0.448615734	TRUE	0.165548554	TRUE	0.243170531	TRUE	19.27631579	TRUE	0.005440016
Cal_Batch9_7216	532	1.30E-48	4.42E-51	1.16E-50	TRUE	0.598420716	TRUE	0.647307944	TRUE	0.530531193	TRUE	0.144084116	TRUE	0.237177755	TRUE	61.49317406	TRUE	0.004689405
Cal_Batch7_7417	535	1.02E-48	3.46E-51	9.11E-51	TRUE	0.391622688	TRUE	0.642164796	TRUE	0.52925828	TRUE	0.092316836	TRUE	0.230158278	TRUE	20.5460263	TRUE	0.004100233
Cal_Batch15_2510	527	4.98E-49	1.69E-51	4.45E-51	TRUE	0.355114693	TRUE	0.602466704	TRUE	0.49178914	TRUE	0.082349673	TRUE	0.241869318	TRUE	16.39143279	TRUE	0.004229238
Cal_Batch11_9221	525	3.75E-49	1.27E-51	3.35E-51	TRUE	0.35997092	TRUE	0.609957702	TRUE	0.516038788	TRUE	0.099718215	TRUE	0.24733656	TRUE	16.05574211	TRUE	0.004382432
Cal_Batch14_2139	535	3.51E-49	1.19E-51	3.13E-51	TRUE	0.372120226	TRUE	0.550427995	TRUE	0.443611143	TRUE	0.15658397	TRUE	0.248582043	TRUE	28.7757465	TRUE	0.00547824
Cal_Batch7_1126	532	9.44E-50	3.21E-52	8.46E-52	TRUE	0.451533379	TRUE	0.548185465	TRUE	0.470255513	TRUE	0.153820206	TRUE	0.242528458	TRUE	44.51658768	TRUE	0.005676891
Cal_Batch2_6083	526	1.22E-50	4.15E-53	1.09E-52	TRUE	0.491630939	TRUE	0.649729868	TRUE	0.502088697	TRUE	0.143768862	TRUE	0.242724097	TRUE	43.61549296	TRUE	0.00493451
Cal_Batch7_5342	529	1.02E-50	3.48E-53	9.17E-53	TRUE	0.324121595	TRUE	0.578104321	TRUE	0.486461451	TRUE	0.091150923	TRUE	0.249875378	TRUE	18.12485277	TRUE	0.004739658
Cal_Batch4_8635	535	1.22E-51	4.15E-54	1.09E-53	TRUE	0.536337978	TRUE	0.622942691	TRUE	0.508989268	TRUE	0.110802165	TRUE	0.240495455	TRUE	57.0552017	TRUE	0.004677746
Cal_Batch11_3572	543	5.00E-52	1.70E-54	4.48E-54	TRUE	0.306584821	TRUE	0.533811324	TRUE	0.426874303	TRUE	0.138911236	TRUE	0.247058339	TRUE	19.9645485	TRUE	0.005606025
Cal_Batch2_1374	525	6.55E-54	2.22E-56	5.85E-56	TRUE	0.409032719	TRUE	0.634974985	TRUE	0.502987996	TRUE	0.09608533	TRUE	0.244906263	TRUE	23.97428571	TRUE	0.004768744
Cal_Batch16_7207	545	7.63E-56	2.59E-58	6.82E-58	TRUE	0.30574372	TRUE	0.594411212	TRUE	0.494745298	TRUE	0.121296455	TRUE	0.213322135	TRUE	18.03778338	TRUE	0.005487924
Cal_Batch21_2523	522	8.19E-58	2.78E-60	7.32E-60	TRUE	0.447794912	TRUE	0.554783773	TRUE	0.425836382	TRUE	0.149574459	TRUE	0.239972267	TRUE	57.23792697	TRUE	0.006477485
Cal_Batch6_9922	519	2.18E-60	7.42E-63	1.95E-62	TRUE	0.352255121	TRUE	0.630153255	TRUE	0.484168974	TRUE	0.071764547	TRUE	0.22085187	TRUE	21.25956567	TRUE	0.005165676
Cal_Batch19_9148	506	8.96E-68	3.04E-70	8.01E-70	TRUE	0.339741634	TRUE	0.611368247	TRUE	0.46928808	TRUE	0.085542628	TRUE	0.238932569	TRUE	25.36286408	TRUE	0.006239037
